{
"skeleton": {
	"hash": "DZfwxLqOAaY",
	"spine": "3.8-from-4.0-from-4.1.17",
	"x": -73.68,
	"y": -48.56,
	"width": 117.78,
	"height": 122.73,
	"images": "../images/",
	"audio": "E:/游戏项目/蛋壳特工队/动作/电锯人"
},
"bones": [
	{ "name": "root", "y": -9.89, "scaleX": 0.26, "scaleY": 0.26 },
	{ "name": "bone", "parent": "root", "length": 141.42, "rotation": 90, "x": 4.52, "y": 14.18 },
	{ "name": "bone2", "parent": "bone", "length": 69.61, "rotation": -4.24, "x": 204.15, "y": -20.06 },
	{ "name": "bone3", "parent": "bone", "length": 74.4, "rotation": -178.93, "x": -17.12, "y": -0.06 },
	{ "name": "bone4", "parent": "bone3", "length": 42.68, "rotation": 24.63, "x": 72.31, "y": 37.24 },
	{ "name": "bone5", "parent": "bone3", "length": 50.25, "rotation": -20.3, "x": 66.4, "y": -30.08 },
	{ "name": "bone6", "parent": "bone", "length": 22.5, "rotation": 92.6, "x": -43.7, "y": -47.12 },
	{ "name": "bone7", "parent": "bone6", "length": 253.84, "rotation": -7.68, "x": 39.87, "y": -0.28 },
	{ "name": "bone8", "parent": "bone7", "x": 211.97, "y": -7.82 },
	{ "name": "bone9", "parent": "bone", "length": 47.02, "rotation": 88.13, "x": -19.7, "y": 92.83 },
	{ "name": "bone10", "parent": "bone7", "rotation": 3.21, "x": 116.9, "y": 8.26 },
	{ "name": "bone11", "parent": "bone7", "rotation": 3.21, "x": -49.09, "y": 10.5 },
	{ "name": "bone12", "parent": "root", "x": 1.87, "y": -129.74 },
	{
		"name": "bone13",
		"parent": "bone7",
		"rotation": -1.07,
		"x": 401.55,
		"y": 12.37,
		"scaleX": 4,
		"scaleY": 2
	},
	{ "name": "bone14", "parent": "root", "x": -334.73, "y": -43.14, "color": "e60000ff" },
	{ "name": "bone17", "parent": "root", "x": -315.8, "y": -22.62, "scaleX": 2, "scaleY": 2 },
	{ "name": "bone15", "parent": "bone17", "x": -0.88, "y": -0.86 },
	{ "name": "bone16", "parent": "bone15", "scaleX": 0.5, "scaleY": 1.2 },
	{ "name": "bone18", "parent": "bone17", "x": -0.88, "y": -0.86 },
	{ "name": "bone19", "parent": "root", "x": -51.6, "y": 99.53 }
],
"slots": [
	{ "name": "椭圆 1", "bone": "bone12", "attachment": "椭圆 1" },
	{ "name": "图层201", "bone": "bone5", "attachment": "图层201" },
	{ "name": "图层201(2)", "bone": "bone4", "attachment": "图层201(2)" },
	{ "name": "图层组102", "bone": "bone2", "attachment": "图层组102" },
	{ "name": "body", "bone": "bone", "attachment": "body1" },
	{ "name": "手(2)", "bone": "bone9", "attachment": "手(2)" },
	{ "name": "dianju", "bone": "bone7", "attachment": "dianju1" },
	{ "name": "1", "bone": "bone8", "attachment": "1" },
	{ "name": "2", "bone": "root" },
	{ "name": "手", "bone": "bone6", "attachment": "手" },
	{ "name": "q/0", "bone": "bone13" },
	{ "name": "ss/bm_00000", "bone": "bone14" },
	{ "name": "组 1", "bone": "bone15" },
	{ "name": "组 2", "bone": "bone18" },
	{ "name": "die1", "bone": "bone19" },
	{ "name": "bone7", "bone": "bone7", "attachment": "bone7" },
	{ "name": "tiao", "bone": "bone10", "attachment": "tiao1" },
	{ "name": "图层384", "bone": "bone11", "attachment": "图层383" }
],
"skins": [
	{
		"name": "default",
		"attachments": {
			"1": {
				"1": { "x": -1.05, "y": 20.21, "rotation": -174.92, "width": 168, "height": 150 },
				"2": { "x": -8.03, "y": 21.55, "rotation": -174.92, "width": 180, "height": 149 },
				"3": { "x": -11.34, "y": 19.56, "rotation": -174.92, "width": 186, "height": 153 }
			},
			"bone7": {
				"bone7": {
					"type": "clipping",
					"end": "bone7",
					"vertexCount": 15,
					"vertices": [ 124.78, -9.14, 140.56, -9.34, 178.53, -9.51, 201.64, -8.9, 215.33, -9.13, 225.2, -4.39, 230.21, 4.41, 230.77, 12.51, 227.98, 20.46, 221.85, 26.03, 213.92, 28.38, 194.29, 28.56, 119.21, 28.16, 119.07, 24.29, 126.21, 9.16 ],
					"color": "ce3a3aff"
				}
			},
			"die1": {
				"die1": { "width": 462, "height": 462 },
				"die2": { "width": 462, "height": 462 },
				"die3": { "width": 462, "height": 462 },
				"die4": { "width": 462, "height": 462 }
			},
			"q/0": {
				"q/0": { "x": 0.04, "y": -0.5, "rotation": -174.92, "width": 115, "height": 75 },
				"q/1": { "x": 0.04, "y": -0.5, "rotation": -174.92, "width": 185, "height": 112 },
				"q/2": { "x": 0.04, "y": -0.5, "rotation": -174.92, "width": 186, "height": 112 },
				"q/3": { "x": 0.04, "y": -0.5, "rotation": -174.92, "width": 195, "height": 114 },
				"q/4": { "x": 0.04, "y": -0.5, "rotation": -174.92, "width": 201, "height": 113 },
				"q/5": { "x": 0.04, "y": -0.5, "rotation": -174.92, "width": 197, "height": 103 }
			},
			"ss/bm_00000": {
				"ss/bm_00000": { "width": 300, "height": 300 },
				"ss/bm_00001": { "width": 300, "height": 300 },
				"ss/bm_00002": { "width": 300, "height": 300 },
				"ss/bm_00003": { "width": 300, "height": 300 },
				"ss/bm_00004": { "width": 300, "height": 300 },
				"ss/bm_00005": { "width": 300, "height": 300 },
				"ss/bm_00006": { "width": 300, "height": 300 },
				"ss/bm_00007": { "width": 300, "height": 300 },
				"ss/bm_00008": { "width": 300, "height": 300 },
				"ss/bm_00009": { "width": 300, "height": 300 },
				"ss/bm_00010": { "width": 300, "height": 300 },
				"ss/bm_00011": { "width": 300, "height": 300 },
				"ss/bm_00012": { "width": 300, "height": 300 },
				"ss/bm_00013": { "width": 300, "height": 300 },
				"ss/bm_00014": { "width": 300, "height": 300 },
				"ss/bm_00015": { "width": 300, "height": 300 }
			},
			"图层201": {
				"图层201": { "x": 35.76, "y": -2.47, "rotation": 87.88, "width": 38, "height": 52 }
			},
			"图层201(2)": {
				"图层201(2)": { "x": 31.1, "y": -2.65, "rotation": 82.49, "width": 38, "height": 52 }
			},
			"图层384": {
				"图层383": { "x": 57.56, "y": -1.58, "rotation": -178.43, "width": 188, "height": 62 }
			},
			"图层组102": {
				"图层组102": { "x": 43.92, "y": -4.8, "rotation": -85.76, "width": 166, "height": 123 }
			},
			"手": {
				"手": { "x": 13.66, "y": 2.58, "rotation": 177.4, "width": 67, "height": 68 }
			},
			"手(2)": {
				"手(2)": { "x": 44.48, "y": 3.65, "rotation": -178.13, "width": 67, "height": 68 }
			},
			"椭圆 1": {
				"椭圆 1": { "y": 0.5, "width": 178, "height": 39 }
			}
		}
	},
	{
		"name": "skin1",
		"attachments": {
			"body": {
				"body1": {
					"name": "body",
					"type": "mesh",
					"path": "body1",
					"uvs": [ 0.50792, 0, 0.4144, 0, 0.29846, 0.02707, 0.18545, 0.08624, 0.11628, 0.16368, 0.09095, 0.24809, 0.02957, 0.29421, 0, 0.34294, 0, 0.38122, 0.03055, 0.39341, 0.11141, 0.39428, 0.10946, 0.53726, 0.10556, 0.69911, 0.11043, 0.86444, 0.12115, 0.92622, 0.16597, 0.97582, 0.26826, 1, 0.73784, 1, 0.83137, 0.94189, 0.85865, 0.84617, 0.86449, 0.58686, 0.90346, 0.51551, 0.91808, 0.405, 0.99894, 0.39629, 1, 0.34408, 0.99114, 0.30058, 0.91808, 0.2562, 0.88105, 0.14134, 0.72323, 0.0317, 0.60145, 0.00298 ],
					"triangles": [ 9, 8, 7, 10, 9, 6, 9, 7, 6, 3, 10, 5, 10, 6, 5, 24, 22, 25, 22, 26, 25, 28, 27, 26, 23, 22, 24, 28, 26, 22, 28, 22, 29, 21, 20, 22, 20, 29, 22, 11, 20, 12, 2, 1, 0, 2, 0, 3, 29, 20, 0, 0, 20, 3, 4, 3, 5, 3, 20, 10, 11, 10, 20, 13, 12, 20, 13, 20, 16, 14, 13, 15, 15, 13, 16, 19, 16, 20, 19, 17, 16, 18, 17, 19 ],
					"vertices": [ 1, 1, 218.4, -16.68, 1, 1, 1, 218.1, 11.17, 1, 1, 1, 208.98, 46.07, 1, 1, 1, 189.04, 80.09, 1, 1, 1, 162.94, 100.91, 1, 1, 1, 134.5, 108.53, 1, 1, 1, 118.96, 127.01, 1, 1, 1, 102.53, 135.91, 1, 2, 3, -109.28, -133.95, 1.4E-4, 1, 89.63, 135.91, 0.99986, 2, 3, -105, -124.83, 7.5E-4, 1, 85.53, 126.71, 0.99925, 2, 3, -104.25, -100.5, 0.01321, 1, 85.23, 102.37, 0.98679, 2, 3, -56.09, -101.99, 0.16499, 1, 37.05, 102.96, 0.83501, 2, 3, -1.57, -104.19, 0.57021, 1, -17.5, 104.13, 0.42979, 2, 3, 54.16, -103.77, 0.91129, 1, -73.21, 102.67, 0.08871, 2, 3, 75.04, -100.93, 0.9597, 1, -94.03, 99.44, 0.0403, 2, 3, 92, -87.76, 0.98283, 1, -110.75, 85.95, 0.01717, 2, 3, 100.73, -57.12, 0.99842, 1, -118.9, 55.16, 0.00158, 2, 3, 103.38, 84.19, 0.97355, 1, -118.9, -86.18, 0.02645, 2, 3, 84.32, 112.71, 0.92963, 1, -99.31, -114.33, 0.07037, 2, 3, 52.23, 121.52, 0.83997, 1, -67.05, -122.54, 0.16003, 2, 3, -35.11, 124.92, 0.25733, 1, 20.33, -124.3, 0.74267, 2, 3, -58.93, 137.1, 0.12509, 1, 44.38, -136.03, 0.87491, 2, 3, -96.09, 142.19, 0.02605, 1, 81.62, -140.43, 0.97395, 2, 3, -98.56, 166.58, 0.0076, 1, 84.55, -164.77, 0.9924, 2, 3, -116.15, 167.23, 0.0049, 1, 102.15, -165.09, 0.9951, 2, 3, -130.86, 164.84, 0.00295, 1, 116.81, -162.43, 0.99705, 2, 3, -146.22, 143.13, 9.8E-4, 1, 131.76, -140.43, 0.99902, 1, 1, 170.47, -129.29, 1, 1, 1, 207.42, -81.78, 1, 1, 1, 217.1, -45.13, 1 ],
					"hull": 30,
					"edges": [ 0, 2, 2, 4, 4, 6, 6, 8, 8, 10, 10, 12, 12, 14, 14, 16, 16, 18, 18, 20, 20, 22, 22, 24, 24, 26, 26, 28, 28, 30, 30, 32, 32, 34, 34, 36, 36, 38, 38, 40, 40, 42, 42, 44, 44, 46, 46, 48, 48, 50, 50, 52, 52, 54, 54, 56, 56, 58, 0, 58 ],
					"width": 301,
					"height": 337
				}
			},
			"dianju": {
				"dianju1": {
					"name": "dianju",
					"path": "dianju1",
					"x": 123.53,
					"y": 24.19,
					"rotation": -174.92,
					"width": 310,
					"height": 153
				}
			},
			"tiao": {
				"tiao1": {
					"name": "tiao",
					"path": "tiao1",
					"x": 57.56,
					"y": -1.58,
					"rotation": -178.43,
					"width": 188,
					"height": 62
				}
			}
		}
	},
	{
		"name": "skin2",
		"attachments": {
			"body": {
				"body1": {
					"name": "body",
					"type": "linkedmesh",
					"path": "body2",
					"skin": "skin1",
					"parent": "body1",
					"width": 301,
					"height": 337
				}
			},
			"dianju": {
				"dianju1": {
					"name": "dianju",
					"path": "dianju2",
					"x": 123.53,
					"y": 24.19,
					"rotation": -174.92,
					"width": 310,
					"height": 153
				}
			},
			"tiao": {
				"tiao1": {
					"name": "tiao",
					"path": "tiao2",
					"x": 57.56,
					"y": -1.58,
					"rotation": -178.43,
					"width": 188,
					"height": 62
				}
			}
		}
	}
],
"animations": {
	"attack1": {
		"slots": {
			"1": {
				"color": [
					{ "color": "000000ff" },
					{ "time": 0.2667, "color": "ffffffff" },
					{ "time": 0.7333, "color": "000000ff" }
				],
				"attachment": [
					{ "time": 0.1, "name": "3" },
					{ "time": 0.2, "name": "2" },
					{ "time": 0.2667, "name": "1" },
					{ "time": 0.3333, "name": "3" },
					{ "time": 0.4333, "name": "2" },
					{ "time": 0.5, "name": "1" },
					{ "time": 0.5667, "name": "3" },
					{ "time": 0.6667, "name": "2" },
					{ "time": 0.7333, "name": "1" }
				]
			},
			"q/0": {
				"attachment": [
					{ "time": 0.1667, "name": "q/0" },
					{ "time": 0.2333, "name": "q/1" },
					{ "time": 0.3, "name": "q/2" },
					{ "time": 0.3667, "name": "q/3" },
					{ "time": 0.4333, "name": "q/4" },
					{ "time": 0.5, "name": "q/5" },
					{ "time": 0.5667, "name": null }
				]
			},
			"tiao": {
				"color": [
					{ "color": "e234f5ff" }
				]
			},
			"图层384": {
				"color": [
					{ "time": 0.1667, "color": "e234f5ff" }
				]
			}
		},
		"bones": {
			"bone2": {
				"translate": [
					{},
					{ "time": 0.3667, "x": -5.39 },
					{ "time": 0.7333 }
				]
			},
			"bone6": {
				"translate": [
					{},
					{ "time": 0.2667, "y": 13.31 },
					{ "time": 0.7333 }
				]
			},
			"bone5": {
				"rotate": [
					{},
					{ "time": 0.3667, "angle": 37.62 },
					{ "time": 0.7333 }
				]
			},
			"bone4": {
				"rotate": [
					{},
					{ "time": 0.4, "angle": -41.72 },
					{ "time": 0.7333 }
				],
				"translate": [
					{},
					{ "time": 0.4, "y": -17.2 },
					{ "time": 0.7333 }
				]
			},
			"bone10": {
				"translate": [
					{ "x": -44.73 },
					{ "time": 0.7333, "x": 85.06 }
				]
			},
			"bone11": {
				"translate": [
					{ "x": -44.73 },
					{ "time": 0.7333, "x": 85.06 }
				]
			}
		},
		"deform": {
			"skin1": {
				"body": {
					"body1": [
						{},
						{
							"time": 0.4,
							"vertices": [ -4.41815, 0, -4.41815, 0, -4.41815, 0, -4.41815, 0, -4.41815, 0, -4.41815, 0, -4.41815, 0, -4.41815, 0, 4.41738, -0.08282, -4.41815, 0, 4.41738, -0.08282, -4.41815, 0, 4.41738, -0.08282, -4.41815, 0, 4.41738, -0.08282, -4.41815, 0, 4.41738, -0.08282, -4.41815, 0, 4.41738, -0.08282, -4.41815, 0, 4.41738, -0.08282, -4.41815, 0, 4.41738, -0.08282, -4.41815, 0, 4.41738, -0.08282, -4.41815, 0, 4.41738, -0.08282, -4.41815, 0, 4.41738, -0.08282, -4.41815, 0, 4.41738, -0.08282, -4.41815, 0, 4.41738, -0.08282, -4.41815, 0, 4.41738, -0.08282, -4.41815, 0, 4.41738, -0.08282, -4.41815, 0, 4.41738, -0.08282, -4.41815, 0, 4.41738, -0.08282, -4.41815, 0, 4.41738, -0.08282, -4.41815, 0, 4.41738, -0.08282, -4.41815, 0, -4.41815, 0, -4.41815, 0, -4.41815 ]
						},
						{ "time": 0.7333 }
					]
				}
			}
		}
	},
	"attack2": {
		"slots": {
			"1": {
				"color": [
					{ "color": "000000ff" },
					{ "time": 0.3333, "color": "ffffffff" },
					{ "time": 0.7333, "color": "000000ff" }
				]
			},
			"ss/bm_00000": {
				"attachment": [
					{ "time": 0.3333, "name": "ss/bm_00000" },
					{ "time": 0.4, "name": "ss/bm_00002" },
					{ "time": 0.4667, "name": "ss/bm_00004" },
					{ "time": 0.5333, "name": "ss/bm_00006" },
					{ "time": 0.6, "name": "ss/bm_00008" },
					{ "time": 0.6667, "name": "ss/bm_00010" },
					{ "time": 0.7333, "name": "ss/bm_00012" },
					{ "time": 0.8, "name": "ss/bm_00014" },
					{ "time": 0.8667, "name": null }
				]
			},
			"tiao": {
				"color": [
					{ "color": "e234f5ff" }
				]
			}
		},
		"bones": {
			"bone2": {
				"translate": [
					{},
					{ "time": 0.3667, "x": -5.39 },
					{ "time": 0.4667 }
				]
			},
			"bone6": {
				"rotate": [
					{},
					{ "time": 0.1333, "angle": -43.81 },
					{ "time": 0.3333, "angle": 4.86 },
					{ "time": 0.4667 }
				],
				"translate": [
					{},
					{ "time": 0.1333, "y": 13.31 },
					{ "time": 0.3333, "y": 40.79 },
					{ "time": 0.4667 }
				]
			},
			"bone": {
				"rotate": [
					{},
					{ "time": 0.1667, "angle": -31.22 },
					{ "time": 0.3333, "angle": 15.31 },
					{ "time": 0.4667 }
				],
				"translate": [
					{},
					{ "time": 0.1667, "y": 333.11 },
					{ "time": 0.3333 }
				]
			},
			"bone5": {
				"rotate": [
					{},
					{ "time": 0.1667, "angle": 30.58 },
					{ "time": 0.4667 }
				]
			},
			"bone10": {
				"translate": [
					{ "x": -44.73 }
				]
			},
			"bone7": {
				"rotate": [
					{},
					{ "time": 0.1333, "angle": -58.54 },
					{ "time": 0.1667, "angle": -49.21 },
					{ "time": 0.3667 }
				],
				"scale": [
					{},
					{ "time": 0.3667, "x": 2, "y": 2 },
					{ "time": 0.4667 }
				]
			},
			"bone11": {
				"translate": [
					{ "x": -44.73 }
				]
			},
			"bone3": {
				"rotate": [
					{},
					{ "time": 0.1333, "angle": 6.7 },
					{ "time": 0.3 }
				]
			},
			"bone14": {
				"scale": [
					{ "time": 0.3333, "x": 3, "y": 3 }
				]
			},
			"bone15": {
				"scale": [
					{ "x": 0, "y": 0, "curve": "stepped" },
					{ "time": 0.3667, "x": 0, "y": 0 },
					{ "time": 0.4333 },
					{ "time": 0.8667, "x": 0, "y": 0 }
				]
			},
			"bone9": {
				"translate": [
					{},
					{ "time": 0.1667, "y": -29.8 },
					{ "time": 0.8 }
				]
			},
			"bone18": {
				"scale": [
					{ "x": 0, "y": 0, "curve": "stepped" },
					{ "time": 0.3667, "x": 0, "y": 0 },
					{ "time": 0.4333 },
					{ "time": 0.8667, "x": 0, "y": 0 }
				]
			},
			"bone12": {
				"scale": [
					{},
					{ "time": 0.1667, "x": 0.3, "y": 0.3 },
					{ "time": 0.3333 }
				]
			}
		}
	},
	"die": {
		"slots": {
			"1": {
				"color": [
					{ "color": "9a0000ff" }
				],
				"attachment": [
					{ "time": 0.1, "name": null }
				]
			},
			"body": {
				"color": [
					{ "color": "9a0000ff" }
				],
				"attachment": [
					{ "time": 0.1, "name": null }
				]
			},
			"dianju": {
				"color": [
					{ "color": "9a0000ff" }
				],
				"attachment": [
					{ "time": 0.1, "name": null }
				]
			},
			"die1": {
				"color": [
					{ "time": 0.1, "color": "9a0000ff" }
				],
				"attachment": [
					{ "time": 0.1, "name": "die1" },
					{ "time": 0.2, "name": "die2" },
					{ "time": 0.3, "name": "die3" },
					{ "time": 0.4, "name": "die4" },
					{ "time": 0.5, "name": null }
				]
			},
			"tiao": {
				"color": [
					{ "color": "c00000ff" }
				],
				"attachment": [
					{ "time": 0.1, "name": null }
				]
			},
			"图层201": {
				"attachment": [
					{ "time": 0.1, "name": null }
				]
			},
			"图层201(2)": {
				"color": [
					{ "color": "9a0000ff" }
				],
				"attachment": [
					{ "time": 0.1, "name": null }
				]
			},
			"图层组102": {
				"color": [
					{ "color": "9a0000ff" }
				],
				"attachment": [
					{ "time": 0.1, "name": null }
				]
			},
			"手": {
				"color": [
					{ "color": "9a0000ff" }
				],
				"attachment": [
					{ "time": 0.1, "name": null }
				]
			},
			"手(2)": {
				"color": [
					{ "color": "9a0000ff" }
				],
				"attachment": [
					{ "time": 0.1, "name": null }
				]
			},
			"椭圆 1": {
				"attachment": [
					{ "time": 0.1, "name": null }
				]
			}
		},
		"bones": {
			"bone19": {
				"scale": [
					{},
					{ "time": 0.1333, "y": 1.2 },
					{ "time": 0.2667 },
					{ "time": 0.4333, "y": 1.2 },
					{ "time": 0.5 }
				]
			}
		}
	},
	"walk": {
		"slots": {
			"1": {
				"color": [
					{ "color": "000000ff" }
				],
				"attachment": [
					{ "time": 0.1, "name": "3" },
					{ "time": 0.2, "name": "2" },
					{ "time": 0.2667, "name": "1" },
					{ "time": 0.3333, "name": "3" },
					{ "time": 0.4333, "name": "2" },
					{ "time": 0.5, "name": "1" },
					{ "time": 0.5667, "name": "3" },
					{ "time": 0.6667, "name": "2" },
					{ "time": 0.7333, "name": "1" }
				]
			},
			"tiao": {
				"attachment": [
					{ "name": null }
				]
			},
			"图层384": {
				"attachment": [
					{ "name": null }
				]
			}
		},
		"bones": {
			"bone2": {
				"translate": [
					{},
					{ "time": 0.3667, "x": -5.39 },
					{ "time": 0.7333 }
				]
			},
			"bone5": {
				"rotate": [
					{},
					{ "time": 0.3667, "angle": 37.62 },
					{ "time": 0.7333 }
				]
			},
			"bone4": {
				"rotate": [
					{},
					{ "time": 0.4, "angle": -41.72 },
					{ "time": 0.7333 }
				],
				"translate": [
					{},
					{ "time": 0.4, "y": -17.2 },
					{ "time": 0.7333 }
				]
			},
			"bone10": {
				"translate": [
					{ "x": -44.73 },
					{ "time": 0.7333, "x": 85.06 }
				]
			},
			"bone7": {
				"rotate": [
					{},
					{ "time": 0.3667, "angle": -3.71 },
					{ "time": 0.7333 }
				]
			},
			"bone11": {
				"translate": [
					{ "x": -44.73 },
					{ "time": 0.7333, "x": 85.06 }
				]
			}
		},
		"deform": {
			"skin1": {
				"body": {
					"body1": [
						{},
						{
							"time": 0.4,
							"vertices": [ -4.41815, 0, -4.41815, 0, -4.41815, 0, -4.41815, 0, -4.41815, 0, -4.41815, 0, -4.41815, 0, -4.41815, 0, 4.41738, -0.08282, -4.41815, 0, 4.41738, -0.08282, -4.41815, 0, 4.41738, -0.08282, -4.41815, 0, 4.41738, -0.08282, -4.41815, 0, 4.41738, -0.08282, -4.41815, 0, 4.41738, -0.08282, -4.41815, 0, 4.41738, -0.08282, -4.41815, 0, 4.41738, -0.08282, -4.41815, 0, 4.41738, -0.08282, -4.41815, 0, 4.41738, -0.08282, -4.41815, 0, 4.41738, -0.08282, -4.41815, 0, 4.41738, -0.08282, -4.41815, 0, 4.41738, -0.08282, -4.41815, 0, 4.41738, -0.08282, -4.41815, 0, 4.41738, -0.08282, -4.41815, 0, 4.41738, -0.08282, -4.41815, 0, 4.41738, -0.08282, -4.41815, 0, 4.41738, -0.08282, -4.41815, 0, 4.41738, -0.08282, -4.41815, 0, -4.41815, 0, -4.41815, 0, -4.41815 ]
						},
						{ "time": 0.7333 }
					]
				}
			}
		}
	}
}
}