{"skeleton":{"hash":"HyrycezLmcE","spine":"3.8-from-4.0-from-4.1.17","images":"./images/","audio":"E:/游戏项目/蛋壳特工队/spine/复活界面"},"bones":[{"name":"root"},{"name":"bone16","parent":"root","color":"1eff00ff"},{"name":"bone","parent":"bone16"},{"name":"bone2","parent":"bone16"},{"name":"bone3","parent":"bone16"},{"name":"bone4","parent":"bone3","x":92.78,"y":96.76},{"name":"bone5","parent":"bone3","x":-92.72,"y":-91.58},{"name":"bone6","parent":"root"},{"name":"bone7","parent":"bone16"},{"name":"bone8","parent":"root","color":"ff0000ff"},{"name":"fuhuo","parent":"bone8","x":4.48,"y":2.25,"color":"ff0000ff"},{"name":"1","parent":"bone8","x":20.3,"y":42.9,"color":"ff0000ff"},{"name":"2","parent":"bone8","x":13.35,"y":25.72,"color":"ff0000ff"},{"name":"5","parent":"bone8","x":23.58,"y":-39.34,"color":"ff0000ff"},{"name":"bone13","parent":"bone8","x":0.66,"y":8.94,"color":"ff0000ff"},{"name":"6","parent":"bone8","x":130.38,"y":-54.07},{"name":"bone15","parent":"bone8","x":42.4,"y":-36.07},{"name":"bone22","parent":"bone16","x":241.64,"y":-8.74,"color":"1eff00ff"},{"name":"bone17","parent":"bone22","x":-21.03,"y":12.37,"color":"1eff00ff"},{"name":"bone26","parent":"bone16","color":"f7ff00ff"},{"name":"bone18","parent":"bone26","x":-170.85,"y":131.15,"scaleX":0.6,"scaleY":0.6,"color":"1eff00ff"},{"name":"bone19","parent":"bone8","x":221.02,"y":3.09,"color":"ff0000ff"},{"name":"4","parent":"bone8","x":138.54,"y":-6.43,"color":"ff0000ff"},{"name":"bone21","parent":"bone22","x":19.99,"y":12.37,"color":"1eff00ff"},{"name":"bone23","parent":"bone16","x":-168.77,"y":-8.74,"color":"1eff00ff"},{"name":"bone24","parent":"bone23","x":-21.03,"y":12.37,"color":"1eff00ff"},{"name":"bone25","parent":"bone23","x":19.99,"y":12.37,"color":"1eff00ff"},{"name":"bone27","parent":"bone26","x":-32.15,"y":75.4,"scaleX":0.6,"scaleY":0.6,"color":"1eff00ff"},{"name":"bone28","parent":"bone26","x":-32.15,"y":75.4,"scaleX":0.6,"scaleY":0.6,"color":"1eff00ff"},{"name":"bone29","parent":"bone26","x":-170.85,"y":131.15,"scaleX":0.6,"scaleY":0.6,"color":"1eff00ff"},{"name":"bone30","parent":"bone26","x":-32.15,"y":75.4,"scaleX":0.3,"scaleY":0.3,"color":"1eff00ff"},{"name":"bone31","parent":"bone26","x":-32.15,"y":75.4,"scaleX":0.4,"scaleY":0.4,"color":"1eff00ff"},{"name":"bone20","parent":"bone8","x":-169.6,"y":3.09,"color":"ff0000ff"},{"name":"bone32","parent":"bone8","x":154.06,"y":3.09,"scaleX":0.7,"scaleY":0.7,"color":"ff0000ff"},{"name":"bone33","parent":"bone8","x":-154.52,"y":47.88,"scaleX":0.7,"scaleY":0.7,"color":"ff0000ff"},{"name":"bone34","parent":"bone8","x":-119.68,"y":30.96,"scaleX":0.3,"scaleY":0.3,"color":"ff0000ff"}],"slots":[{"name":"图层 2585","bone":"bone6"},{"name":"矩形 2603 拷贝","bone":"bone2","blend":"additive"},{"name":"yj","bone":"bone17","blend":"additive"},{"name":"yj3","bone":"bone24","blend":"additive"},{"name":"yj2","bone":"bone21","blend":"additive"},{"name":"yj4","bone":"bone25","blend":"additive"},{"name":"矩形 2603 拷贝 2","bone":"bone3"},{"name":"形状 2614","bone":"bone5","blend":"additive"},{"name":"形状 2615","bone":"bone4","blend":"additive"},{"name":"组 497","bone":"bone"},{"name":"k1","bone":"bone18","blend":"additive"},{"name":"k4","bone":"bone29","blend":"additive"},{"name":"k2","bone":"bone27","blend":"additive"},{"name":"k6","bone":"bone31","blend":"additive"},{"name":"k5","bone":"bone30","blend":"additive"},{"name":"k3","bone":"bone28","blend":"additive"},{"name":"矩形 2590","bone":"bone15"},{"name":"矩形 2593","bone":"4"},{"name":"矩形 2594","bone":"2"},{"name":"矩形 2598","bone":"6"},{"name":"矩形 2598 拷贝","bone":"1"},{"name":"矩形 2599","bone":"5"},{"name":"矩形 2599 拷贝","bone":"bone13"},{"name":"购买复活","bone":"fuhuo"},{"name":"f1","bone":"bone19"},{"name":"f3","bone":"bone32","blend":"additive"},{"name":"f4","bone":"bone33","blend":"additive"},{"name":"f5","bone":"bone34","blend":"additive"},{"name":"f2","bone":"bone20"},{"name":"组 498","bone":"bone7"}],"skins":[{"name":"default","attachments":{"f1":{"f1":{"x":0.65,"y":-0.69,"width":65,"height":65}},"f2":{"f1":{"x":0.65,"y":-0.69,"width":65,"height":65}},"f3":{"f1":{"path":"k1","x":0.65,"y":-0.69,"width":18,"height":18}},"f4":{"f1":{"path":"k1","x":0.65,"y":-0.69,"width":18,"height":18}},"f5":{"f1":{"path":"k1","x":0.65,"y":-0.69,"width":18,"height":18}},"k1":{"k1":{"x":0.9,"y":-0.59,"width":18,"height":18}},"k2":{"k1":{"x":0.9,"y":-0.59,"width":18,"height":18}},"k3":{"k1":{"x":0.9,"y":-0.59,"width":18,"height":18}},"k4":{"k1":{"x":0.9,"y":-0.59,"width":18,"height":18}},"k5":{"k1":{"x":0.9,"y":-0.59,"width":18,"height":18}},"k6":{"k1":{"x":0.9,"y":-0.59,"width":18,"height":18}},"yj":{"yj":{"x":-13.56,"y":-1.56,"width":50,"height":59}},"yj2":{"yj":{"x":-13.56,"y":-1.56,"width":50,"height":59}},"yj3":{"yj":{"x":-13.56,"y":-1.56,"width":50,"height":59}},"yj4":{"yj":{"x":-13.56,"y":-1.56,"width":50,"height":59}},"形状 2614":{"形状 2614":{"x":48.14,"y":-46.76,"width":112,"height":107}},"形状 2615":{"形状 2615":{"x":-46.07,"y":47.59,"width":108,"height":111}},"矩形 2590":{"矩形 2590":{"x":-50.73,"y":35.46,"width":525,"height":113}},"矩形 2593":{"矩形 2593":{"x":-140.88,"y":-8.67,"width":623,"height":22}},"矩形 2594":{"矩形 2594":{"x":-91.18,"y":-2.32,"width":412,"height":15}},"矩形 2598":{"矩形 2598":{"x":17.29,"y":-0.53,"width":353,"height":9}},"矩形 2598 拷贝":{"矩形 2598 拷贝":{"x":40.86,"y":0.49,"width":592,"height":9}},"矩形 2599":{"矩形 2599":{"x":-63.41,"y":0.74,"width":582,"height":13}},"矩形 2599 拷贝":{"矩形 2599 拷贝":{"x":-106.5,"y":-4.55,"width":518,"height":13}},"矩形 2603 拷贝":{"矩形 2603 拷贝":{"width":550,"height":550}},"矩形 2603 拷贝 2":{"矩形 2603 拷贝 2":{"y":2.06,"width":384,"height":385}},"组 497":{"组 497":{"width":270,"height":271}},"购买复活":{"购买复活":{"x":0.19,"y":-3.36,"width":329,"height":86}}}}],"animations":{"1":{"slots":{"f1":{"color":[{"color":"ffffff00"},{"time":0.1333,"color":"ffffffff"},{"time":0.6333,"color":"ffffff71"},{"time":1.1667,"color":"ffffffff"},{"time":1.3333,"color":"ffffff00"}],"attachment":[{"name":"f1"}]},"f2":{"color":[{"color":"ffffff00"},{"time":0.1333,"color":"ffffffff"},{"time":0.6333,"color":"ffffff71"},{"time":1.1667,"color":"ffffffff"},{"time":1.3333,"color":"ffffff00"}],"attachment":[{"name":"f1"}]},"f3":{"color":[{"color":"ffffff00"},{"time":0.1333,"color":"ffffffff"},{"time":0.4,"color":"ffffff00"},{"time":0.6333,"color":"ffffffe6"},{"time":0.9333,"color":"ffffff1b"},{"time":1.1667,"color":"ffffffff"},{"time":1.3333,"color":"ffffff00"}],"attachment":[{"name":"f1"}]},"f4":{"color":[{"color":"ffffff00"},{"time":0.1333,"color":"ffffffff"},{"time":0.4,"color":"ffffff00"},{"time":0.6333,"color":"ffffffe6"},{"time":0.9333,"color":"ffffff1b"},{"time":1.1667,"color":"ffffffff"},{"time":1.3333,"color":"ffffff00"}],"attachment":[{"name":"f1"}]},"f5":{"color":[{"color":"ffffff00"},{"time":0.1333,"color":"ffffffff"},{"time":0.4,"color":"ffffff00"},{"time":0.6333,"color":"ffffffe6"},{"time":0.9333,"color":"ffffff1b"},{"time":1.1667,"color":"ffffffff"},{"time":1.3333,"color":"ffffff00"}],"attachment":[{"name":"f1"}]},"矩形 2590":{"attachment":[{"name":"矩形 2590"}]},"矩形 2593":{"color":[{"color":"ffffffff"},{"time":0.6667,"color":"ffffff36"},{"time":1.3333,"color":"ffffffff"}],"attachment":[{"name":"矩形 2593"}]},"矩形 2594":{"color":[{"color":"ffffffff"},{"time":0.2667,"color":"ffffff36"},{"time":1.3333,"color":"ffffffff"}],"attachment":[{"name":"矩形 2594"}]},"矩形 2598":{"color":[{"color":"ffffffff"},{"time":0.9667,"color":"ffffff36"},{"time":1.3333,"color":"ffffffff"}],"attachment":[{"name":"矩形 2598"}]},"矩形 2598 拷贝":{"color":[{"color":"ffffffff"},{"time":0.1333,"color":"ffffff36"},{"time":1.3333,"color":"ffffffff"}],"attachment":[{"name":"矩形 2598 拷贝"}]},"矩形 2599":{"color":[{"color":"ffffffff"},{"time":0.8,"color":"ffffff36"},{"time":1.3333,"color":"ffffffff"}],"attachment":[{"name":"矩形 2599"}]},"矩形 2599 拷贝":{"color":[{"color":"ffffffff"},{"time":0.5333,"color":"ffffff36"},{"time":1.3333,"color":"ffffffff"}],"attachment":[{"name":"矩形 2599 拷贝"}]},"购买复活":{"attachment":[{"name":"购买复活"}]}},"bones":{"bone19":{"rotate":[{"angle":0.2}],"translate":[{"x":-51.32},{"time":1.3333,"x":65.58}],"scale":[{"x":0.2,"y":0.2},{"time":1.3333}]},"bone15":{"scale":[{},{"time":0.3333,"x":1.2},{"time":0.6667},{"time":1,"x":1.2},{"time":1.3333}]},"fuhuo":{"scale":[{},{"time":0.3333,"x":1.2,"y":1.2},{"time":0.6667},{"time":1,"x":1.2,"y":1.2},{"time":1.3333}]},"bone20":{"rotate":[{"angle":0.2}],"translate":[{"x":-51.32},{"time":1.3333,"x":-188.97}],"scale":[{"x":0.2,"y":0.2},{"time":1.3333}]},"bone32":{"rotate":[{"angle":0.2}],"translate":[{"x":-12.16,"y":-30.76},{"time":1.3333,"x":85.72,"y":-30.76}],"scale":[{"x":0.2,"y":0.2},{"time":1.3333}]},"bone33":{"rotate":[{"angle":0.2}],"translate":[{"x":-12.16,"y":-30.76},{"time":1.3333,"x":-96.44,"y":-30.76}],"scale":[{"x":0.2,"y":0.2},{"time":1.3333}]},"bone34":{"rotate":[{"angle":0.2}],"translate":[{"x":-12.16,"y":-30.76},{"time":1.3333,"x":-96.44,"y":-30.76}],"scale":[{"x":0.2,"y":0.2},{"time":1.3333}]}}},"2":{"slots":{"k1":{"color":[{"color":"ffffff00","curve":"stepped"},{"time":0.2667,"color":"ffffff00"},{"time":0.3667,"color":"ffffffb6"},{"time":0.4667,"color":"ffffff50"},{"time":0.6,"color":"ffffffe4"},{"time":0.7333,"color":"ffffff28"},{"time":0.8667,"color":"ffffff9f"},{"time":1,"color":"ffffff28"},{"time":1.1667,"color":"ffffff9f"},{"time":1.3667,"color":"ffffff00"}],"attachment":[{"time":0.2667,"name":"k1"}]},"k2":{"color":[{"color":"ffffff00","curve":"stepped"},{"time":0.3333,"color":"ffffff00"},{"time":0.3667,"color":"ffffffff"},{"time":0.5333,"color":"ffffff50"},{"time":0.6667,"color":"ffffffe4"},{"time":0.8,"color":"ffffff28"},{"time":0.9333,"color":"ffffff9f"},{"time":1.0667,"color":"ffffff28"},{"time":1.2333,"color":"ffffff9f"},{"time":1.4333,"color":"ffffff00"}],"attachment":[{"time":0.3333,"name":"k1"}]},"k3":{"color":[{"color":"ffffff00","curve":"stepped"},{"time":0.7333,"color":"ffffff00"},{"time":0.7667,"color":"ffffffff"},{"time":0.9333,"color":"ffffff50"},{"time":1.0667,"color":"ffffffe4"},{"time":1.2,"color":"ffffff28"},{"time":1.3333,"color":"ffffff9f"},{"time":1.4333,"color":"ffffff00"}],"attachment":[{"time":0.7333,"name":"k1"}]},"k4":{"color":[{"color":"ffffff00","curve":"stepped"},{"time":0.9667,"color":"ffffff00"},{"time":1.0667,"color":"ffffffb6"},{"time":1.1667,"color":"ffffff50"},{"time":1.3,"color":"ffffffe4"},{"time":1.4333,"color":"ffffff00"}],"attachment":[{"time":0.9667,"name":"k1"}]},"k5":{"color":[{"color":"ffffff00","curve":"stepped"},{"time":0.1667,"color":"ffffff00"},{"time":0.2,"color":"ffffffff"},{"time":0.3667,"color":"ffffff50"},{"time":0.5,"color":"ffffffe4"},{"time":0.6333,"color":"ffffff28"},{"time":0.7667,"color":"ffffff9f"},{"time":0.9,"color":"ffffff28"},{"time":1.0667,"color":"ffffff9f"},{"time":1.2667,"color":"ffffff00"}],"attachment":[{"time":0.1667,"name":"k1"}]},"k6":{"color":[{"color":"ffffff00","curve":"stepped"},{"time":0.2667,"color":"ffffff00"},{"time":0.3,"color":"ffffffff"},{"time":0.4667,"color":"ffffff50"},{"time":0.6,"color":"fffffffe"},{"time":0.7333,"color":"ffffff28"},{"time":0.8667,"color":"ffffff9f"},{"time":1,"color":"ffffff00"}],"attachment":[{"time":0.2667,"name":"k1"}]},"yj":{"color":[{"color":"ffffff7c"},{"time":0.3333,"color":"ffffff31"},{"time":0.6667,"color":"ffffff7c"},{"time":1.1,"color":"ffffff31"},{"time":1.4333,"color":"ffffff7c"}],"attachment":[{"name":"yj"}]},"yj2":{"color":[{"color":"ffffff40"},{"time":0.3333,"color":"fffffffe"},{"time":0.6667,"color":"ffffff40"},{"time":1.1,"color":"fffffffe"},{"time":1.4333,"color":"ffffff40"}],"attachment":[{"name":"yj"}]},"yj3":{"color":[{"color":"ffffff7c"},{"time":0.3333,"color":"ffffff31"},{"time":0.6667,"color":"ffffff7c"},{"time":1.1,"color":"ffffff31"},{"time":1.4333,"color":"ffffff7c"}],"attachment":[{"name":"yj"}]},"yj4":{"color":[{"color":"ffffff40"},{"time":0.3333,"color":"fffffffe"},{"time":0.6667,"color":"ffffff40"},{"time":1.1,"color":"fffffffe"},{"time":1.4333,"color":"ffffff40"}],"attachment":[{"name":"yj"}]},"形状 2614":{"color":[{"color":"ffffff00"},{"time":0.0667,"color":"ffffffff"},{"time":0.4,"color":"ffffff00"}],"attachment":[{"name":"形状 2614"},{"time":0.3667,"name":null}]},"形状 2615":{"color":[{"color":"ffffff00"},{"time":0.1333,"color":"ffffffff"},{"time":0.3667,"color":"ffffff00"}],"attachment":[{"name":"形状 2615"}]},"矩形 2603 拷贝":{"attachment":[{"name":"矩形 2603 拷贝"}]},"矩形 2603 拷贝 2":{"color":[{"color":"ffffff52"},{"time":0.3333,"color":"ffffffff"},{"time":0.4667,"color":"ffffff52"},{"time":0.6667,"color":"ffffff00"}],"attachment":[{"name":"矩形 2603 拷贝 2"}]},"组 497":{"attachment":[{"name":"组 497"}]}},"bones":{"bone4":{"translate":[{},{"time":0.3333,"x":91.94,"y":-92.31}]},"bone":{"scale":[{},{"time":0.3333,"x":0.9,"y":0.9},{"time":0.6667,"x":1.4,"y":1.4},{"time":1,"x":0.9,"y":0.9},{"time":1.4333}]},"bone2":{"scale":[{},{"time":0.3333,"x":0.9,"y":0.9},{"time":0.6667},{"time":1.1,"x":0.9,"y":0.9},{"time":1.4333}]},"bone3":{"scale":[{},{"time":0.3333,"x":0.8,"y":0.8},{"time":0.6667,"x":1.2,"y":1.2},{"time":1.1,"x":0.8,"y":0.8},{"time":1.4333}]},"bone5":{"translate":[{},{"time":0.3333,"x":-92.95,"y":93.44}]},"bone18":{"translate":[{"x":170.85,"y":-131.15},{"time":0.2667,"x":102.64,"y":-67.21},{"time":1.3667,"x":-12.96,"y":-7}],"scale":[{},{"time":1.3667,"x":1.667,"y":1.667}]},"bone23":{"translate":[{"x":-66.29},{"time":0.3333,"x":-92.56},{"time":0.6667,"x":-66.29},{"time":1.1,"x":-92.56},{"time":1.4333,"x":-66.29}],"scale":[{"x":-1}]},"bone22":{"translate":[{"x":-4.47},{"time":0.3333,"x":18.35},{"time":0.6667,"x":-4.47},{"time":1.1,"x":18.35},{"time":1.4333,"x":-4.47}]},"bone27":{"translate":[{"x":39.59,"y":-10.05},{"time":0.3333,"x":38.53,"y":-5.23},{"time":1.4333,"x":3.43,"y":153.73}],"scale":[{},{"time":1.4333,"x":1.667,"y":1.667}]},"bone28":{"translate":[{"x":43.03,"y":-76.76},{"time":0.7333,"x":47.88,"y":-73.06},{"time":1.4333,"x":164,"y":30.48}],"scale":[{},{"time":1.4333,"x":1.667,"y":1.667}]},"bone29":{"translate":[{"x":170.85,"y":-131.15,"curve":"stepped"},{"time":0.9667,"x":170.85,"y":-131.15},{"time":1.4333,"x":92.01,"y":-30.86}],"scale":[{},{"time":1.4333,"x":1.667,"y":1.667}]},"bone30":{"translate":[{"x":38.63,"y":-76.85},{"time":1.2667,"x":-120.73,"y":-247.3}],"scale":[{},{"time":1.2667,"x":1.667,"y":1.667}]},"bone31":{"translate":[{},{"time":0.2667,"x":53.32,"y":-72.09},{"time":1,"x":174.87,"y":-76.72}],"scale":[{},{"time":1,"x":1.667,"y":1.667}]}}}}}