{"skeleton":{"hash":"yLZdls4gFtg","spine":"3.8-from-4.0-from-4.1.17","x":-360.32,"y":-830.34,"width":720.51,"height":1660.36,"images":"./images/","audio":"E:/游戏项目/蛋壳特工队/spine/飘带"},"bones":[{"name":"root"},{"name":"bone","parent":"root"},{"name":"bone26","parent":"root","x":14.8,"y":772.52,"color":"ff0000ff"},{"name":"bone2","parent":"bone26","x":180.65,"y":-274.89},{"name":"bone3","parent":"bone26","x":5.19,"y":-1268.35},{"name":"bone4","parent":"bone26","x":-63.61,"y":-898.14,"scaleY":1.3},{"name":"bone5","parent":"bone26","x":-91.77,"y":-1145.95},{"name":"bone6","parent":"bone26","x":284.42,"y":-1145.28},{"name":"bone7","parent":"bone26","x":-115.93,"y":-1289.1},{"name":"bone8","parent":"bone26","rotation":142.6,"x":258.47,"y":-382.18},{"name":"bone9","parent":"bone26","rotation":-89.11,"x":63.34,"y":-313.41},{"name":"bone10","parent":"bone26","rotation":-117.6,"x":282.83,"y":-222.39,"scaleX":0.6,"scaleY":0.6},{"name":"bone11","parent":"bone26","rotation":-117.6,"x":-327.89,"y":-419.08,"scaleX":0.5},{"name":"bone12","parent":"bone26","rotation":142.6,"x":-232.66,"y":-346.56},{"name":"bone13","parent":"bone26","rotation":-149.05,"x":36.35,"y":-838.63},{"name":"bone14","parent":"bone26","x":-230.98,"y":-260.15},{"name":"bone15","parent":"bone26","x":-133.97,"y":-1206.61},{"name":"bone16","parent":"bone26","x":267.74,"y":-1522.57,"scaleY":1.3},{"name":"bone17","parent":"bone26","x":16.67,"y":-1369.25},{"name":"bone18","parent":"bone26","x":42.03,"y":-579.4},{"name":"bone19","parent":"bone26","x":181.08,"y":-214.85},{"name":"bone20","parent":"bone26","rotation":-89.11,"x":-134.18,"y":-133.81},{"name":"bone21","parent":"bone26","rotation":177.46,"x":-171.41,"y":-350.74},{"name":"bone22","parent":"bone26","rotation":-117.6,"x":286.62,"y":-86.39},{"name":"bone23","parent":"bone26","x":229.47,"y":-277.9},{"name":"bone24","parent":"bone26","rotation":-149.05,"x":-252.92,"y":-1371.8},{"name":"bone25","parent":"bone26","rotation":-95.13,"x":320.83,"y":-664.63},{"name":"bone27","parent":"bone26","rotation":-23.89,"x":-255.27,"y":4.5},{"name":"z2","parent":"root","x":-25.69,"y":511.65},{"name":"bone28","parent":"z2","rotation":-135.28,"x":204.91,"y":86.83,"scaleX":0.6,"scaleY":0.8},{"name":"bone29","parent":"z2","rotation":-135.28,"x":-258.83,"y":-52.3,"scaleX":0.6,"scaleY":0.8},{"name":"bone30","parent":"z2","rotation":-135.28,"x":-258.83,"y":-439.52,"scaleY":0.8},{"name":"bone31","parent":"z2","rotation":-135.28,"x":-154.49,"y":-831.39,"scaleX":0.7,"scaleY":0.8},{"name":"bone32","parent":"z2","rotation":127.54,"x":268.46,"y":-451.55,"scaleX":0.9,"scaleY":0.8},{"name":"bone33","parent":"z2","rotation":127.54,"x":-77.84,"y":166.42,"scaleX":0.8,"scaleY":0.6},{"name":"bone34","parent":"z2","rotation":51.41,"x":-134.56,"y":-200.78,"scaleX":0.9,"scaleY":0.8},{"name":"bone35","parent":"bone26","rotation":-81.78,"x":48.41,"y":4.5,"scaleX":0.6,"scaleY":0.8},{"name":"bone36","parent":"z2","rotation":-135.28,"x":-258.83,"y":-52.3,"scaleY":0.8},{"name":"bone37","parent":"bone26","rotation":-136.49,"x":-211.93,"y":-147.95,"scaleX":0.5},{"name":"bone38","parent":"bone26","x":25.47,"y":107.09,"scaleX":0.3,"scaleY":0.3},{"name":"bone39","parent":"bone26","rotation":-68.23,"x":-285.56,"y":-126.18,"scaleX":0.7,"scaleY":0.7},{"name":"bone40","parent":"z2","rotation":-135.28,"x":-258.83,"y":416.11,"scaleX":0.6,"scaleY":0.8},{"name":"bone41","parent":"z2","rotation":-135.28,"x":246.27,"y":357.8,"scaleY":0.8},{"name":"bone42","parent":"z2","rotation":-135.28,"x":-196.1,"y":357.8,"scaleX":0.3,"scaleY":0.8},{"name":"bone43","parent":"bone26","x":-63.61,"y":87.77,"scaleY":1.3},{"name":"bone44","parent":"bone26","x":25.47,"y":107.09},{"name":"bone45","parent":"bone26","x":239.16,"y":-163.88,"scaleX":0.6},{"name":"bone46","parent":"z2","rotation":-135.28,"x":246.27,"y":492.08,"scaleY":0.8},{"name":"bone47","parent":"bone26","x":175.23,"y":264.48}],"slots":[{"name":"root","bone":"root","attachment":"root"},{"name":"ddf","bone":"bone"},{"name":"x6","bone":"bone6","attachment":"x6"},{"name":"x16","bone":"bone17","attachment":"x6"},{"name":"x7","bone":"bone8","attachment":"x6"},{"name":"x11","bone":"bone12","attachment":"x6"},{"name":"x5","bone":"bone4","attachment":"x5"},{"name":"x41","bone":"bone43","attachment":"x5"},{"name":"x22","bone":"bone23","attachment":"x5"},{"name":"x17","bone":"bone18","attachment":"x5"},{"name":"x18","bone":"bone19","attachment":"x5"},{"name":"x13","bone":"bone14","attachment":"x5"},{"name":"x45","bone":"bone47","attachment":"x5"},{"name":"x4","bone":"bone7","attachment":"x4"},{"name":"x12","bone":"bone13","attachment":"x4"},{"name":"x23","bone":"bone24","attachment":"x4"},{"name":"x8","bone":"bone9","attachment":"x4"},{"name":"x19","bone":"bone20","attachment":"x4"},{"name":"x20","bone":"bone21","attachment":"x4"},{"name":"x3","bone":"bone2","attachment":"x3"},{"name":"x36","bone":"bone38","attachment":"x3"},{"name":"x42","bone":"bone44","attachment":"x3"},{"name":"x43","bone":"bone45","attachment":"x3"},{"name":"x37","bone":"bone39","attachment":"x3"},{"name":"x25","bone":"bone27","color":"2dff2dff","attachment":"x3"},{"name":"x33","bone":"bone35","color":"2dff2dff","attachment":"x3"},{"name":"x26","bone":"bone28","color":"2dff2dff","attachment":"x3"},{"name":"x27","bone":"bone29","color":"2dff2dff","attachment":"x3"},{"name":"x34","bone":"bone36","color":"2dff2dff","attachment":"x3"},{"name":"x39","bone":"bone41","color":"2dff2dff","attachment":"x3"},{"name":"x44","bone":"bone46","color":"2dff2dff","attachment":"x3"},{"name":"x40","bone":"bone42","color":"2dff2dff","attachment":"x3"},{"name":"x28","bone":"bone30","color":"2dff2dff","attachment":"x3"},{"name":"x38","bone":"bone40","color":"2dff2dff","attachment":"x3"},{"name":"x29","bone":"bone31","color":"2dff2dff","attachment":"x3"},{"name":"x30","bone":"bone32","color":"2dff2dff","attachment":"x3"},{"name":"x31","bone":"bone33","color":"2dff2dff","attachment":"x3"},{"name":"x32","bone":"bone34","color":"2dff2dff","attachment":"x3"},{"name":"x9","bone":"bone10","attachment":"x3"},{"name":"x10","bone":"bone11","attachment":"x3"},{"name":"x35","bone":"bone37","attachment":"x3"},{"name":"x21","bone":"bone22","attachment":"x3"},{"name":"x2","bone":"bone5","attachment":"x2"},{"name":"x1","bone":"bone3","attachment":"x1"},{"name":"x24","bone":"bone25","attachment":"x1"},{"name":"x14","bone":"bone15","attachment":"x1"},{"name":"x15","bone":"bone16","attachment":"x1"}],"skins":[{"name":"default","attachments":{"root":{"root":{"type":"clipping","end":"root","vertexCount":4,"vertices":[-360.32,830.02,360.01,829.25,360.19,-830.34,-360.09,-829.7],"color":"ce3a3aff"}},"x1":{"x1":{"x":0.06,"y":0.15,"width":36,"height":24}},"x2":{"x2":{"x":2.59,"y":-0.26,"width":30,"height":46}},"x3":{"x3":{"x":0.51,"y":-3.44,"width":27,"height":26}},"x4":{"x4":{"path":"x10","x":-1.92,"y":-0.85,"width":35,"height":40}},"x5":{"x5":{"x":-0.98,"y":-1.88,"width":24,"height":31}},"x6":{"x6":{"x":-1.58,"y":-0.13,"width":56,"height":38}},"x7":{"x6":{"x":-1.58,"y":-0.13,"width":56,"height":38}},"x8":{"x4":{"x":-1.92,"y":-0.85,"width":29,"height":39}},"x9":{"x3":{"x":0.51,"y":-3.44,"width":27,"height":26}},"x10":{"x3":{"x":0.51,"y":-3.44,"width":27,"height":26}},"x11":{"x6":{"x":-1.58,"y":-0.13,"width":56,"height":38}},"x12":{"x4":{"x":-1.92,"y":-0.85,"width":29,"height":39}},"x13":{"x5":{"x":-0.98,"y":-1.88,"width":24,"height":31}},"x14":{"x1":{"x":0.06,"y":0.15,"width":36,"height":24}},"x15":{"x1":{"x":0.06,"y":0.15,"width":36,"height":24}},"x16":{"x6":{"x":-1.58,"y":-0.13,"width":56,"height":38}},"x17":{"x5":{"x":-0.98,"y":-1.88,"width":24,"height":31}},"x18":{"x5":{"x":-0.98,"y":-1.88,"width":24,"height":31}},"x19":{"x4":{"path":"x10","x":-1.92,"y":-0.85,"width":35,"height":40}},"x20":{"x4":{"path":"x8","x":-1.92,"y":-0.85,"width":19,"height":19}},"x21":{"x3":{"x":0.51,"y":-3.44,"width":27,"height":26}},"x22":{"x5":{"x":-0.98,"y":-1.88,"width":24,"height":31}},"x23":{"x4":{"x":-1.92,"y":-0.85,"width":29,"height":39}},"x24":{"x1":{"x":0.06,"y":0.15,"width":36,"height":24}},"x25":{"x3":{"x":0.51,"y":-3.44,"width":27,"height":26}},"x26":{"x3":{"x":0.51,"y":-3.44,"width":27,"height":26}},"x27":{"x3":{"path":"x11","x":0.51,"y":-3.44,"width":61,"height":105}},"x28":{"x3":{"x":0.51,"y":-3.44,"width":27,"height":26}},"x29":{"x3":{"x":0.51,"y":-3.44,"width":27,"height":26}},"x30":{"x3":{"x":0.51,"y":-3.44,"width":27,"height":26}},"x31":{"x3":{"x":0.51,"y":-3.44,"width":27,"height":26}},"x32":{"x3":{"x":0.51,"y":-3.44,"width":27,"height":26}},"x33":{"x3":{"path":"x7","x":0.51,"y":-3.44,"width":40,"height":50}},"x34":{"x3":{"x":0.51,"y":-3.44,"width":27,"height":26}},"x35":{"x3":{"path":"x5","x":0.51,"y":-3.44,"width":24,"height":31}},"x36":{"x3":{"path":"x2","x":0.51,"y":-3.44,"width":30,"height":46}},"x37":{"x3":{"path":"x1","x":0.51,"y":-3.44,"width":36,"height":24}},"x38":{"x3":{"x":0.51,"y":-3.44,"width":27,"height":26}},"x39":{"x3":{"x":0.51,"y":-3.44,"width":27,"height":26}},"x40":{"x3":{"x":0.51,"y":-3.44,"width":27,"height":26}},"x41":{"x5":{"x":-0.98,"y":-1.88,"width":24,"height":31}},"x42":{"x3":{"path":"x9","x":0.51,"y":-3.44,"width":29,"height":14}},"x43":{"x3":{"x":0.51,"y":-3.44,"width":27,"height":26}},"x44":{"x3":{"path":"x6","x":0.51,"y":-3.44,"width":56,"height":38}},"x45":{"x5":{"x":-0.98,"y":-1.88,"width":24,"height":31}}}}],"animations":{"animation":{"slots":{"x1":{"color":[{"color":"ffffff00"},{"time":0.0667,"color":"ffffffff","curve":"stepped"},{"time":1.0667,"color":"ffffffff"},{"time":1.1667,"color":"ffffff00"}]},"x2":{"color":[{"color":"ffffff00"},{"time":0.0667,"color":"ffffffff","curve":"stepped"},{"time":1.0667,"color":"ffffffff"},{"time":1.1667,"color":"ffffff00"}]},"x3":{"color":[{"color":"ffffff01"},{"time":0.2,"color":"ffffff00"},{"time":0.2667,"color":"ffffffff","curve":"stepped"},{"time":1.9,"color":"ffffffff"},{"time":2,"color":"ffffff00"}]},"x4":{"color":[{"color":"ffffff00"},{"time":0.0667,"color":"ffffffff","curve":"stepped"},{"time":1.0667,"color":"ffffffff"},{"time":1.1667,"color":"ffffff00"}]},"x5":{"color":[{"color":"ffffff00"},{"time":0.1,"color":"ffffffff","curve":"stepped"},{"time":1.0667,"color":"ffffffff"},{"time":1.1667,"color":"ffffff00"}]},"x6":{"color":[{"color":"ffffff00"},{"time":0.0667,"color":"ffffffff","curve":"stepped"},{"time":1.0667,"color":"ffffffff"},{"time":1.1667,"color":"ffffff00"}]},"x7":{"color":[{"color":"ffffff00"},{"time":0.0667,"color":"ffffffff","curve":"stepped"},{"time":1.0667,"color":"ffffffff"},{"time":1.1667,"color":"ffffff00"}]},"x8":{"color":[{"color":"ffffff00"},{"time":0.0667,"color":"ffffffff","curve":"stepped"},{"time":1.8333,"color":"ffffffff"},{"time":1.9333,"color":"ffffff00"}]},"x9":{"color":[{"color":"ffffff00"},{"time":0.0667,"color":"ffffffff","curve":"stepped"},{"time":1.5,"color":"ffffffff"},{"time":1.6,"color":"ffffff00"}]},"x10":{"color":[{"color":"ffffff00","curve":"stepped"},{"time":0.2,"color":"ffffff00"},{"time":0.2667,"color":"ffffffff","curve":"stepped"},{"time":1.9,"color":"ffffffff"},{"time":2,"color":"ffffff00"}]},"x11":{"color":[{"color":"ffffff00"},{"time":0.0667,"color":"ffffffff","curve":"stepped"},{"time":1.0667,"color":"ffffffff"},{"time":1.1667,"color":"ffffff00"}]},"x12":{"color":[{"color":"ffffff00"},{"time":0.0667,"color":"ffffffff","curve":"stepped"},{"time":1.0667,"color":"ffffffff"},{"time":1.1667,"color":"ffffff00"}]},"x13":{"color":[{"color":"ffffff00"},{"time":0.8667,"color":"ffffffff","curve":"stepped"},{"time":1.8333,"color":"ffffffff"},{"time":1.9333,"color":"ffffff00"}]},"x14":{"color":[{"color":"ffffff00"},{"time":0.0667,"color":"ffffffff","curve":"stepped"},{"time":1.0667,"color":"ffffffff"},{"time":1.1667,"color":"ffffff00"}]},"x15":{"color":[{"color":"ffffff00"},{"time":0.0667,"color":"ffffffff","curve":"stepped"},{"time":1.0667,"color":"ffffffff"},{"time":1.1667,"color":"ffffff00"}]},"x16":{"color":[{"color":"ffffff00"},{"time":0.0667,"color":"ffffffff","curve":"stepped"},{"time":1.0667,"color":"ffffffff"},{"time":1.1667,"color":"ffffff00"}]},"x17":{"color":[{"color":"ffffff00"},{"time":0.1,"color":"ffffffff","curve":"stepped"},{"time":1.0667,"color":"ffffffff"},{"time":1.1667,"color":"ffffff00"}]},"x18":{"color":[{"color":"ffffff00"},{"time":0.1,"color":"ffffffff","curve":"stepped"},{"time":1.0667,"color":"ffffffff"},{"time":1.1667,"color":"ffffff00"}]},"x19":{"color":[{"color":"ffffff00"},{"time":0.0667,"color":"ffffffff","curve":"stepped"},{"time":1.0667,"color":"ffffffff"},{"time":1.1667,"color":"ffffff00"}]},"x20":{"color":[{"color":"ffffff00"},{"time":0.0667,"color":"ffffffff","curve":"stepped"},{"time":1.6667,"color":"ffffffff"},{"time":1.7667,"color":"ffffff00"}]},"x21":{"color":[{"color":"ffffff00"},{"time":0.0667,"color":"ffffffff","curve":"stepped"},{"time":1.7667,"color":"ffffffff"},{"time":1.8667,"color":"ffffff00"}]},"x22":{"color":[{"color":"ffffff00"},{"time":0.1,"color":"ffffffff","curve":"stepped"},{"time":1.0667,"color":"ffffffff"},{"time":1.1667,"color":"ffffff00"}]},"x23":{"color":[{"color":"ffffff00"},{"time":0.0667,"color":"ffffffff","curve":"stepped"},{"time":1.0667,"color":"ffffffff"},{"time":1.1667,"color":"ffffff00"}]},"x24":{"color":[{"color":"ffffff00","curve":"stepped"},{"time":0.1667,"color":"ffffff00"},{"time":0.2667,"color":"ffffffff","curve":"stepped"},{"time":1.0667,"color":"ffffffff"},{"time":1.1667,"color":"ffffff00"}]},"x25":{"color":[{"color":"2dff2d00"},{"time":0.8667,"color":"eaffea00"},{"time":1.0333,"color":"ffffffff"},{"time":1.8,"color":"ffffffa0"},{"time":1.8667,"color":"ffffff00"}]},"x26":{"color":[{"color":"2dff2d00"},{"time":0.8333,"color":"eaffea00"},{"time":1.0333,"color":"ffffffff"},{"time":1.9333,"color":"ffffffa0"},{"time":2,"color":"ffffff00"}]},"x27":{"color":[{"color":"ffffff00","curve":"stepped"},{"time":0.1667,"color":"ffffff00"},{"time":0.2,"color":"ffffffff"},{"time":1.7,"color":"ffffffa1"},{"time":1.7667,"color":"ffffff00"}]},"x28":{"color":[{"color":"2dff2d00"},{"time":0.4667,"color":"eaffea00"},{"time":0.5,"color":"ffffffff"},{"time":1.6667,"color":"ffffffa0"},{"time":1.7333,"color":"ffffff00"}]},"x29":{"color":[{"color":"2dff2d00"},{"time":0.7667,"color":"eaffea00"},{"time":0.8,"color":"ff0505ff"},{"time":1.9333,"color":"ffffffa0"},{"time":2,"color":"ffffff00"}]},"x30":{"color":[{"color":"2dff2d00"},{"time":0.7667,"color":"eaffea00"},{"time":0.8,"color":"09ed8cff"},{"time":1.2,"color":"ffffffa0"},{"time":1.2667,"color":"ffffff00"}]},"x31":{"color":[{"color":"2dff2d00"},{"time":0.7667,"color":"eaffea00"},{"time":0.8,"color":"09ed8cff"},{"time":1.8,"color":"ffffffa0"},{"time":1.8667,"color":"ffffff00"}]},"x32":{"color":[{"color":"2dff2d00"},{"time":0.7667,"color":"eaffea00"},{"time":0.8,"color":"09ed8cff"},{"time":1.9333,"color":"ffffffa0"},{"time":2,"color":"ffffff00"}]},"x33":{"color":[{"color":"2dff2d00"},{"time":0.8667,"color":"eaffea00"},{"time":1.0333,"color":"ffffffff"},{"time":1.8,"color":"ffffffa0"},{"time":1.8667,"color":"ffffff00"}]},"x34":{"color":[{"color":"2dff2d00"},{"time":0.7667,"color":"eaffea00"},{"time":0.8,"color":"ffffffff"},{"time":1.7,"color":"ffffffa0"},{"time":1.7667,"color":"ffffff00"}]},"x35":{"color":[{"color":"ffffff00","curve":"stepped"},{"time":0.7,"color":"ffffff00"},{"time":0.9,"color":"ffffffff","curve":"stepped"},{"time":1.9,"color":"ffffffff"},{"time":2,"color":"ffffff00"}]},"x36":{"color":[{"color":"ffffff00"},{"time":0.0667,"color":"fb0000ff"},{"time":1.8667,"color":"fb0000cc"},{"time":2,"color":"fb000000"}]},"x37":{"color":[{"color":"ffffff00"},{"time":0.0667,"color":"ffffffff"},{"time":1.8667,"color":"ffffffcb"},{"time":2,"color":"ffffff00"}]},"x38":{"color":[{"color":"2dff2d00"},{"time":0.7333,"color":"eaffea00"},{"time":0.7667,"color":"ffffffff"},{"time":1.6667,"color":"ffffffa0"},{"time":1.7333,"color":"ffffff00"}]},"x39":{"color":[{"color":"2dff2d00","curve":"stepped"},{"time":0.7667,"color":"2dff2d00"},{"time":0.8,"color":"2dff2dff"},{"time":1.9,"color":"2dff2dc7"},{"time":2,"color":"2dff2d03"}]},"x40":{"color":[{"color":"2dff2d00","curve":"stepped"},{"time":1.0667,"color":"2dff2d00"},{"time":1.1,"color":"2dff2dff"},{"time":1.9,"color":"2dff2dc7"},{"time":2,"color":"2dff2d03"}]},"x41":{"color":[{"color":"ffffff00","curve":"stepped"},{"time":0.7,"color":"ffffff00"},{"time":0.7333,"color":"ffffffff","curve":"stepped"},{"time":1.8333,"color":"ffffffff"},{"time":2,"color":"ffffff00"}]},"x42":{"color":[{"color":"ffffff00"},{"time":0.0667,"color":"ffffffff"},{"time":1.8667,"color":"ffffffcb"},{"time":2,"color":"ffffff00"}]},"x43":{"color":[{"color":"ffffff00","curve":"stepped"},{"time":0.4,"color":"ffffff00"},{"time":0.5333,"color":"fb0000ff"},{"time":1.8667,"color":"fb0000cc"},{"time":2,"color":"fb000000"}]},"x44":{"color":[{"color":"2dff2d00","curve":"stepped"},{"time":0.7667,"color":"2dff2d00"},{"time":0.8,"color":"ffffffff"},{"time":1.9,"color":"ffffffc7"},{"time":2,"color":"ffffff03"}]},"x45":{"color":[{"color":"ffffff00"},{"time":1.1333,"color":"ffffffff","curve":"stepped"},{"time":1.8333,"color":"ffffffff"},{"time":1.9333,"color":"ffffff00"}]}},"bones":{"bone2":{"rotate":[{"time":0.2667},{"time":2,"angle":-149.28}],"translate":[{"y":226.22},{"time":2,"y":-1405.75}]},"bone4":{"rotate":[{"time":0.1},{"time":1.1667,"angle":-149.28}],"translate":[{"y":226.22},{"time":1.1667,"y":-223.04}]},"bone3":{"rotate":[{},{"time":0.0667,"angle":-122.1},{"time":1.1667,"angle":-329.66}],"translate":[{"y":226.22},{"time":1.1667,"y":-223.04}]},"bone6":{"rotate":[{"time":0.0667},{"time":1.1667,"angle":-149.28}],"translate":[{"y":226.22},{"time":1.1667,"y":-223.04}]},"bone5":{"rotate":[{"time":0.0667},{"time":1.1667,"angle":-149.28}],"translate":[{"y":226.22},{"time":1.1667,"y":-223.04}]},"bone7":{"rotate":[{"time":0.0667},{"time":1.1667,"angle":-149.28}],"translate":[{"y":226.22},{"time":1.1667,"y":-223.04}]},"bone8":{"rotate":[{"time":0.0667},{"time":1.1667,"angle":-232.6}],"translate":[{"y":226.22},{"time":1.1667,"y":-580.8}]},"bone9":{"rotate":[{"time":0.0667},{"time":1.9333,"angle":-149.28}],"translate":[{"y":226.22},{"time":1.9333,"y":-733.74}]},"bone10":{"rotate":[{"time":0.0667},{"time":1.6,"angle":-149.28}],"translate":[{"y":226.22},{"time":1.6,"y":-547.58}]},"bone11":{"rotate":[{"time":0.2667},{"time":2,"angle":-149.28}],"translate":[{"y":226.22},{"time":2,"y":-1047.46}]},"bone12":{"rotate":[{"time":0.0667},{"time":1.1667,"angle":-232.6}],"translate":[{"y":226.22},{"time":1.1667,"y":-223.04}]},"bone13":{"rotate":[{"time":0.0667},{"time":1.1667,"angle":-149.28}],"translate":[{"y":226.22},{"time":1.1667,"y":-223.04}]},"bone14":{"rotate":[{"time":0.8667},{"time":1.9333,"angle":-149.28}],"translate":[{"y":226.22},{"time":1.9333,"y":-223.04}]},"bone15":{"rotate":[{"time":0.0667},{"time":1.1667,"angle":-149.28}],"translate":[{"y":226.22},{"time":1.1667,"y":-223.04}]},"bone16":{"rotate":[{"time":0.0667},{"time":1.1667,"angle":-149.28}],"translate":[{"y":226.22},{"time":1.1667,"y":-223.04}]},"bone17":{"rotate":[{"time":0.0667},{"time":1.1667,"angle":-149.28}],"translate":[{"y":226.22},{"time":1.1667,"y":-223.04}]},"bone18":{"rotate":[{"time":0.1},{"time":1.1667,"angle":-149.28}],"translate":[{"y":226.22},{"time":1.1667,"y":-223.04}]},"bone19":{"rotate":[{"time":0.1},{"time":1.1667,"angle":-149.28}],"translate":[{"y":226.22},{"time":1.1667,"y":-223.04}]},"bone20":{"rotate":[{"time":0.0667},{"time":1.1667,"angle":-149.28}],"translate":[{"y":226.22},{"time":1.1667,"y":-223.04}]},"bone21":{"rotate":[{"time":0.0667},{"time":1.7667,"angle":-149.28}],"translate":[{"y":226.22},{"time":1.7667,"y":-553.17}]},"bone22":{"rotate":[{"time":0.0667},{"time":1.8667,"angle":-149.28}],"translate":[{"y":226.22},{"time":1.8667,"y":-223.04}]},"bone23":{"rotate":[{"time":0.1},{"time":1.1667,"angle":-149.28}],"translate":[{"y":226.22},{"time":1.1667,"y":-223.04}]},"bone24":{"rotate":[{"time":0.0667},{"time":1.1667,"angle":-149.28}],"translate":[{"y":226.22},{"time":1.1667,"y":-223.04}]},"bone25":{"rotate":[{"time":0.2667},{"time":1.1667,"angle":-149.28}],"translate":[{"y":226.22},{"time":1.1667,"y":-223.04}]},"bone27":{"rotate":[{"time":1.0333},{"time":1.8667,"angle":-149.28}],"translate":[{},{"time":1.8667,"y":-1010.13}]},"bone28":{"rotate":[{"time":1.0333},{"time":2,"angle":-149.28}],"translate":[{"y":271.77},{"time":2,"y":-409.59}]},"bone29":{"rotate":[{"time":0.2},{"time":1.7667,"angle":-149.28}],"translate":[{},{"time":1.7667,"y":-764.75}]},"bone30":{"rotate":[{"time":0.5},{"time":1.7333,"angle":-149.28}],"translate":[{},{"time":1.7333,"y":-547.7}]},"bone31":{"rotate":[{"time":0.8,"angle":165.81},{"time":2,"angle":-149.28}],"translate":[{},{"time":2,"y":-479.78}]},"bone32":{"rotate":[{"time":0.8,"angle":165.81},{"time":1.2667,"angle":-149.28}],"translate":[{},{"time":1.2667,"y":-400.93}]},"bone33":{"rotate":[{"time":0.8,"angle":165.81},{"time":1.8667,"angle":-149.28}],"translate":[{},{"time":1.8667,"y":-400.93}]},"bone34":{"rotate":[{"time":0.8,"angle":165.81},{"time":2,"angle":-149.28}],"translate":[{},{"time":2,"y":-913.46}]},"bone35":{"rotate":[{"time":1.0333},{"time":1.8667,"angle":-149.28}],"translate":[{"time":0.8667},{"time":1.8667,"y":-627.94}]},"bone36":{"rotate":[{"time":0.8},{"time":1.7667,"angle":-149.28}],"translate":[{"time":0.7667,"y":324.34},{"time":1.7667,"y":-109.87}]},"bone37":{"rotate":[{"time":0.9},{"time":2,"angle":-149.28}],"translate":[{"time":0.7,"y":226.22},{"time":2,"y":-646.73}]},"bone38":{"rotate":[{"time":0.0667},{"time":2,"angle":-149.28}],"translate":[{"y":226.22},{"time":2,"y":-441.17}]},"bone39":{"rotate":[{"time":0.0667},{"time":2,"angle":-149.28}],"translate":[{"y":226.22},{"time":2,"y":-441.17}]},"bone40":{"rotate":[{"time":0.7667},{"time":1.7333,"angle":-149.28}],"translate":[{"time":0.7667},{"time":1.7333,"y":-332.15}]},"bone41":{"rotate":[{"time":0.8},{"time":2,"angle":-149.28}],"translate":[{"time":0.7667,"y":7.61},{"time":2,"y":-471.39}]},"bone42":{"rotate":[{"time":1.1},{"time":2,"angle":-149.28}],"translate":[{"time":1.0667,"y":7.61},{"time":2,"y":-228.62}]},"bone43":{"rotate":[{"time":0.7333},{"time":2,"angle":-149.28}],"translate":[{"time":0.7333,"y":226.22},{"time":2,"y":-326.75}]},"bone44":{"rotate":[{"time":0.0667},{"time":2,"angle":-149.28}],"translate":[{"y":-638.66},{"time":2,"y":-1413.23}]},"bone45":{"rotate":[{"time":0.5333},{"time":2,"angle":-149.28}],"translate":[{"time":0.4,"y":-87.91},{"time":2,"y":-1185.79}]},"bone46":{"rotate":[{"time":0.8},{"time":2,"angle":-149.28}],"translate":[{"time":0.7667,"y":7.61},{"time":2,"y":-471.39}]},"bone47":{"rotate":[{"time":1.1333},{"time":1.9333,"angle":-149.28}],"translate":[{"y":226.22},{"time":1.9333,"y":-340.19}]}}}}}