{"skeleton":{"hash":"5fQU3+VLxkA","spine":"3.8-from-4.0-from-4.1.17","x":-469.03,"y":-187,"width":660.03,"height":385.12,"images":"./images/","audio":"E:/游戏项目/象棋/spine/恭喜获得"},"bones":[{"name":"root"},{"name":"bone","parent":"root","x":0.78,"y":14.28},{"name":"bone2","parent":"root"},{"name":"bone3","parent":"root","x":148.17,"y":123.72},{"name":"bone4","parent":"root","x":68.88,"y":88.15},{"name":"bone5","parent":"root"},{"name":"bg","parent":"root","y":-287.05},{"name":"bone7","parent":"root","x":0.2,"y":123.46},{"name":"bone8","parent":"root","x":224.95,"y":21.31},{"name":"bone9","parent":"root","x":-274.03,"y":88.12},{"name":"bone10","parent":"root","x":-152.56,"y":-40.21,"scaleX":0.6,"scaleY":0.6},{"name":"bone12","parent":"root","x":143.68,"y":-70.93,"scaleX":0.6,"scaleY":0.6},{"name":"bone13","parent":"root","x":-95.09,"y":-119.69,"scaleX":0.3,"scaleY":0.3},{"name":"bone11","parent":"root","x":-110.97,"y":85.7},{"name":"bone14","parent":"root","x":150.17,"y":-27.56},{"name":"bone15","parent":"root","x":28.51,"y":-50.63,"scaleX":0.6,"scaleY":0.6},{"name":"bone16","parent":"root","x":133.21,"y":50.91},{"name":"bone17","parent":"bg"},{"name":"z","parent":"root","x":11.01,"y":-94.91},{"name":"zzz","parent":"bone2"}],"slots":[{"name":"33","bone":"bone17"},{"name":"图层 747","bone":"bg","color":"ffffffd7"},{"name":"dd","bone":"bone"},{"name":"dds","bone":"bone5"},{"name":"合成成功","bone":"bone2","attachment":"组 9290 拷贝 2"},{"name":"图层 749","bone":"bone7","attachment":"图层 749"},{"name":"图层 751","bone":"bone11","attachment":"图层 749"},{"name":"图层 754","bone":"bone14","attachment":"图层 749"},{"name":"图层 755","bone":"bone15","attachment":"图层 749"},{"name":"图层 750","bone":"bone10","attachment":"Star_003","blend":"additive"},{"name":"图层 752","bone":"bone12","attachment":"Star_003","blend":"additive"},{"name":"图层 753","bone":"bone13","attachment":"Star_003","blend":"additive"},{"name":"图层 748","bone":"bone4","attachment":"图层 748"},{"name":"HD/图层 1","bone":"bone8"},{"name":"HD/图层 15","bone":"bone9","attachment":"HD/图层 22"},{"name":"图层 746","bone":"bone16"},{"name":"HD/图层 59","bone":"z"},{"name":"平","bone":"zzz","attachment":"胜"}],"skins":[{"name":"default","attachments":{"33":{"33":{"width":640,"height":1171}},"HD/图层 1":{"HD/图层 1":{"x":0.5,"width":391,"height":220},"HD/图层 2":{"x":0.5,"width":391,"height":220},"HD/图层 3":{"x":0.5,"width":391,"height":220},"HD/图层 4":{"x":0.5,"width":391,"height":220},"HD/图层 5":{"x":0.5,"width":391,"height":220},"HD/图层 6":{"x":0.5,"width":391,"height":220},"HD/图层 7":{"x":0.5,"width":391,"height":220},"HD/图层 8":{"x":0.5,"width":391,"height":220},"HD/图层 9":{"x":0.5,"width":391,"height":220},"HD/图层 10":{"x":0.5,"width":391,"height":220},"HD/图层 11":{"x":0.5,"width":391,"height":220},"HD/图层 12":{"x":0.5,"width":391,"height":220},"HD/图层 13":{"x":0.5,"width":391,"height":220},"HD/图层 14":{"x":0.5,"width":391,"height":220}},"HD/图层 15":{"HD/图层 15":{"x":0.5,"width":391,"height":220},"HD/图层 16":{"x":0.5,"width":391,"height":220},"HD/图层 17":{"x":0.5,"width":391,"height":220},"HD/图层 18":{"x":0.5,"width":391,"height":220},"HD/图层 19":{"x":0.5,"width":391,"height":220},"HD/图层 20":{"x":0.5,"width":391,"height":220},"HD/图层 21":{"x":0.5,"width":391,"height":220},"HD/图层 22":{"x":0.5,"width":391,"height":220},"HD/图层 23":{"x":0.5,"width":391,"height":220},"HD/图层 24":{"x":0.5,"width":391,"height":220},"HD/图层 25":{"x":0.5,"width":391,"height":220},"HD/图层 26":{"x":0.5,"width":391,"height":220},"HD/图层 27":{"x":0.5,"width":391,"height":220},"HD/图层 28":{"x":0.5,"width":391,"height":220},"HD/图层 29":{"x":0.5,"width":391,"height":220},"HD/图层 30":{"x":0.5,"width":391,"height":220}},"HD/图层 59":{"HD/图层 59":{"x":0.5,"width":391,"height":220},"HD/图层 60":{"x":0.5,"width":391,"height":220},"HD/图层 61":{"x":0.5,"width":391,"height":220},"HD/图层 62":{"x":0.5,"width":391,"height":220},"HD/图层 63":{"x":0.5,"width":391,"height":220},"HD/图层 64":{"x":0.5,"width":391,"height":220},"HD/图层 65":{"x":0.5,"width":391,"height":220},"HD/图层 66":{"x":0.5,"width":391,"height":220},"HD/图层 67":{"x":0.5,"width":391,"height":234},"HD/图层 68":{"x":0.5,"width":391,"height":226},"HD/图层 69":{"x":0.5,"width":391,"height":220},"HD/图层 70":{"x":0.5,"y":0.5,"width":391,"height":221},"HD/图层 71":{"x":0.5,"y":0.5,"width":391,"height":221},"HD/图层 72":{"x":0.5,"width":391,"height":220},"HD/图层 73":{"x":0.5,"width":391,"height":220}},"合成成功":{"组 9290 拷贝 2":{"x":0.5,"y":0.5,"width":381,"height":375}},"图层 746":{"图层 746":{"x":0.5,"y":0.5,"width":75,"height":77},"图层 7462":{"x":-4.48,"y":-11.49,"width":69,"height":54}},"图层 748":{"图层 748":{"x":-0.04,"y":-1.49,"width":43,"height":42}},"图层 749":{"图层 749":{"x":-0.2,"y":-0.8,"width":45,"height":46}},"图层 750":{"Star_003":{"x":-0.2,"y":-0.8,"width":96,"height":96}},"图层 751":{"图层 749":{"x":-0.2,"y":-0.8,"width":45,"height":46}},"图层 752":{"Star_003":{"x":-0.2,"y":-0.8,"width":96,"height":96}},"图层 753":{"Star_003":{"x":-0.2,"y":-0.8,"width":96,"height":96}},"图层 754":{"图层 749":{"x":-0.2,"y":-0.8,"width":45,"height":46}},"图层 755":{"图层 749":{"x":-0.2,"y":-0.8,"width":45,"height":46}},"平":{"平":{"x":-4.44,"y":-7.39,"width":128,"height":148},"组 9290 拷贝":{"x":0.5,"y":0.5,"width":381,"height":375},"胜":{"x":0.5,"y":0.5,"width":149,"height":135}}}}],"animations":{"1":{"slots":{"HD/图层 1":{"color":[{"time":0.3667,"color":"ffffffff"},{"time":1.3333,"color":"ffffffd4"},{"time":1.5333,"color":"ffffff00"}],"attachment":[{"time":0.4333,"name":"HD/图层 1"},{"time":0.5333,"name":"HD/图层 2"},{"time":0.6333,"name":"HD/图层 3"},{"time":0.7333,"name":"HD/图层 4"},{"time":0.8333,"name":"HD/图层 5"},{"time":0.9333,"name":"HD/图层 6"},{"time":1,"name":"HD/图层 7"},{"time":1.0667,"name":"HD/图层 8"},{"time":1.1333,"name":"HD/图层 9"},{"time":1.2667,"name":"HD/图层 10"},{"time":1.3333,"name":"HD/图层 11"},{"time":1.4,"name":"HD/图层 12"},{"time":1.4667,"name":"HD/图层 13"},{"time":1.5333,"name":"HD/图层 14"},{"time":1.6667,"name":null}]},"HD/图层 15":{"color":[{"color":"ffffffff"},{"time":1.4,"color":"ffffffe1"},{"time":1.6667,"color":"ffffff00"}],"attachment":[{"name":null},{"time":0.6333,"name":"HD/图层 15"},{"time":0.7,"name":"HD/图层 16"},{"time":0.8,"name":"HD/图层 17"},{"time":0.9,"name":"HD/图层 18"},{"time":1,"name":"HD/图层 19"},{"time":1.1,"name":"HD/图层 20"},{"time":1.1667,"name":"HD/图层 21"},{"time":1.2333,"name":"HD/图层 22"},{"time":1.3,"name":"HD/图层 23"},{"time":1.4,"name":"HD/图层 24"},{"time":1.4667,"name":"HD/图层 25"},{"time":1.5333,"name":"HD/图层 26"},{"time":1.6333,"name":"HD/图层 27"}]},"HD/图层 59":{"color":[{"time":0.2667,"color":"ffffffff"},{"time":1.1667,"color":"ffffffbd"},{"time":1.2667,"color":"ffffff00"}],"attachment":[{"time":0.2667,"name":"HD/图层 59"},{"time":0.3333,"name":"HD/图层 60"},{"time":0.4,"name":"HD/图层 61"},{"time":0.4667,"name":"HD/图层 62"},{"time":0.5333,"name":"HD/图层 63"},{"time":0.6,"name":"HD/图层 64"},{"time":0.6667,"name":"HD/图层 65"},{"time":0.7333,"name":"HD/图层 66"},{"time":0.8,"name":"HD/图层 67"},{"time":0.8667,"name":"HD/图层 68"},{"time":0.9333,"name":"HD/图层 69"},{"time":1,"name":"HD/图层 70"},{"time":1.0667,"name":"HD/图层 71"},{"time":1.1333,"name":"HD/图层 72"},{"time":1.2,"name":"HD/图层 73"},{"time":1.2667,"name":null}]},"图层 746":{"color":[{"color":"ffffff00"},{"time":0.7667,"color":"ffffffff"},{"time":1.6667,"color":"ffffff00"}],"attachment":[{"time":1.6667,"name":"图层 746"}]}},"bones":{"bone8":{"translate":[{"time":0.3667,"x":-308.4,"y":57.05}],"scale":[{"time":0.3667,"x":0.6,"y":0.6}]},"bone9":{"translate":[{"time":0.5667,"x":340.8,"y":-19.63}]},"bone":{"scale":[{},{"time":0.6667,"x":1.2,"y":1.2},{"time":1.6667}]},"bone7":{"scale":[{},{"time":0.4667,"x":0.5,"y":0.5},{"time":0.9333},{"time":1.4,"x":0.5,"y":0.5},{"time":1.6667}]},"bone4":{"scale":[{},{"time":0.4667,"x":0.5,"y":0.5},{"time":0.9333},{"time":1.4,"x":0.5,"y":0.5},{"time":1.6667}]},"bone10":{"translate":[{"y":105.81}],"scale":[{"x":0.667,"y":0.667},{"time":0.4667,"x":0.5,"y":0.5},{"time":0.9333},{"time":1.4,"x":0.5,"y":0.5},{"time":1.6667,"x":0.667,"y":0.667}]},"bone12":{"scale":[{},{"time":0.4667,"x":0.5,"y":0.5},{"time":0.9333},{"time":1.4,"x":0.5,"y":0.5},{"time":1.6667}]},"bone13":{"scale":[{},{"time":0.4667,"x":0.5,"y":0.5},{"time":0.9333},{"time":1.4,"x":0.5,"y":0.5},{"time":1.6667}]},"bone11":{"scale":[{},{"time":0.4667,"x":0.5,"y":0.5},{"time":0.9333},{"time":1.4,"x":0.5,"y":0.5},{"time":1.6667}]},"bone14":{"translate":[{"x":-201.51}],"scale":[{},{"time":0.4667,"x":0.5,"y":0.5},{"time":0.9333},{"time":1.4,"x":0.5,"y":0.5},{"time":1.6667}]},"bone15":{"translate":[{"x":109.49,"y":11.96}],"scale":[{},{"time":0.4667,"x":0.5,"y":0.5},{"time":0.9333},{"time":1.4,"x":0.5,"y":0.5},{"time":1.6667}]},"bone16":{"translate":[{"x":2.4,"y":9.6}]},"z":{"translate":[{"time":0.2667,"x":-63.6,"y":79.2}]}}},"2":{"slots":{"HD/图层 1":{"color":[{"time":0.3667,"color":"ffffffff"},{"time":1.3333,"color":"ffffffd4"},{"time":1.5333,"color":"ffffff00"}],"attachment":[{"time":0.4333,"name":"HD/图层 1"},{"time":0.5333,"name":"HD/图层 2"},{"time":0.6333,"name":"HD/图层 3"},{"time":0.7333,"name":"HD/图层 4"},{"time":0.8333,"name":"HD/图层 5"},{"time":0.9333,"name":"HD/图层 6"},{"time":1,"name":"HD/图层 7"},{"time":1.0667,"name":"HD/图层 8"},{"time":1.1333,"name":"HD/图层 9"},{"time":1.2667,"name":"HD/图层 10"},{"time":1.3333,"name":"HD/图层 11"},{"time":1.4,"name":"HD/图层 12"},{"time":1.4667,"name":"HD/图层 13"},{"time":1.5333,"name":"HD/图层 14"},{"time":1.6667,"name":null}]},"HD/图层 15":{"color":[{"color":"ffffffff"},{"time":1.4,"color":"ffffffe1"},{"time":1.6667,"color":"ffffff00"}],"attachment":[{"name":null},{"time":0.6333,"name":"HD/图层 15"},{"time":0.7,"name":"HD/图层 16"},{"time":0.8,"name":"HD/图层 17"},{"time":0.9,"name":"HD/图层 18"},{"time":1,"name":"HD/图层 19"},{"time":1.1,"name":"HD/图层 20"},{"time":1.1667,"name":"HD/图层 21"},{"time":1.2333,"name":"HD/图层 22"},{"time":1.3,"name":"HD/图层 23"},{"time":1.4,"name":"HD/图层 24"},{"time":1.4667,"name":"HD/图层 25"},{"time":1.5333,"name":"HD/图层 26"},{"time":1.6333,"name":"HD/图层 27"}]},"HD/图层 59":{"color":[{"time":0.2667,"color":"ffffffff"},{"time":1.1667,"color":"ffffffbd"},{"time":1.2667,"color":"ffffff00"}],"attachment":[{"time":0.2667,"name":"HD/图层 59"},{"time":0.3333,"name":"HD/图层 60"},{"time":0.4,"name":"HD/图层 61"},{"time":0.4667,"name":"HD/图层 62"},{"time":0.5333,"name":"HD/图层 63"},{"time":0.6,"name":"HD/图层 64"},{"time":0.6667,"name":"HD/图层 65"},{"time":0.7333,"name":"HD/图层 66"},{"time":0.8,"name":"HD/图层 67"},{"time":0.8667,"name":"HD/图层 68"},{"time":0.9333,"name":"HD/图层 69"},{"time":1,"name":"HD/图层 70"},{"time":1.0667,"name":"HD/图层 71"},{"time":1.1333,"name":"HD/图层 72"},{"time":1.2,"name":"HD/图层 73"},{"time":1.2667,"name":null}]},"图层 746":{"color":[{"color":"ffffff00"},{"time":0.7667,"color":"ffffffff"},{"time":1.6667,"color":"ffffff00"}],"attachment":[{"time":1.6667,"name":"图层 746"}]},"平":{"attachment":[{"name":"平"}]}},"bones":{"bone8":{"translate":[{"time":0.3667,"x":-308.4,"y":57.05}],"scale":[{"time":0.3667,"x":0.6,"y":0.6}]},"bone9":{"translate":[{"time":0.5667,"x":340.8,"y":-19.63}]},"bone":{"scale":[{},{"time":0.6667,"x":1.2,"y":1.2},{"time":1.6667}]},"bone7":{"scale":[{},{"time":0.4667,"x":0.5,"y":0.5},{"time":0.9333},{"time":1.4,"x":0.5,"y":0.5},{"time":1.6667}]},"bone4":{"scale":[{},{"time":0.4667,"x":0.5,"y":0.5},{"time":0.9333},{"time":1.4,"x":0.5,"y":0.5},{"time":1.6667}]},"bone10":{"translate":[{"y":105.81}],"scale":[{"x":0.667,"y":0.667},{"time":0.4667,"x":0.5,"y":0.5},{"time":0.9333},{"time":1.4,"x":0.5,"y":0.5},{"time":1.6667,"x":0.667,"y":0.667}]},"bone12":{"scale":[{},{"time":0.4667,"x":0.5,"y":0.5},{"time":0.9333},{"time":1.4,"x":0.5,"y":0.5},{"time":1.6667}]},"bone13":{"scale":[{},{"time":0.4667,"x":0.5,"y":0.5},{"time":0.9333},{"time":1.4,"x":0.5,"y":0.5},{"time":1.6667}]},"bone11":{"scale":[{},{"time":0.4667,"x":0.5,"y":0.5},{"time":0.9333},{"time":1.4,"x":0.5,"y":0.5},{"time":1.6667}]},"bone14":{"translate":[{"x":-201.51}],"scale":[{},{"time":0.4667,"x":0.5,"y":0.5},{"time":0.9333},{"time":1.4,"x":0.5,"y":0.5},{"time":1.6667}]},"bone15":{"translate":[{"x":109.49,"y":11.96}],"scale":[{},{"time":0.4667,"x":0.5,"y":0.5},{"time":0.9333},{"time":1.4,"x":0.5,"y":0.5},{"time":1.6667}]},"bone16":{"translate":[{"x":2.4,"y":9.6}]},"z":{"translate":[{"time":0.2667,"x":-63.6,"y":79.2}]}}},"3":{"slots":{"HD/图层 1":{"color":[{"time":0.3667,"color":"ffffffff"},{"time":1.3333,"color":"ffffffd4"},{"time":1.5333,"color":"ffffff00"}],"attachment":[{"time":0.4333,"name":"HD/图层 1"},{"time":0.5333,"name":"HD/图层 2"},{"time":0.6333,"name":"HD/图层 3"},{"time":0.7333,"name":"HD/图层 4"},{"time":0.8333,"name":"HD/图层 5"},{"time":0.9333,"name":"HD/图层 6"},{"time":1,"name":"HD/图层 7"},{"time":1.0667,"name":"HD/图层 8"},{"time":1.1333,"name":"HD/图层 9"},{"time":1.2667,"name":"HD/图层 10"},{"time":1.3333,"name":"HD/图层 11"},{"time":1.4,"name":"HD/图层 12"},{"time":1.4667,"name":"HD/图层 13"},{"time":1.5333,"name":"HD/图层 14"},{"time":1.6667,"name":null}]},"HD/图层 15":{"color":[{"color":"ffffffff"},{"time":1.4,"color":"ffffffe1"},{"time":1.6667,"color":"ffffff00"}],"attachment":[{"name":null},{"time":0.6333,"name":"HD/图层 15"},{"time":0.7,"name":"HD/图层 16"},{"time":0.8,"name":"HD/图层 17"},{"time":0.9,"name":"HD/图层 18"},{"time":1,"name":"HD/图层 19"},{"time":1.1,"name":"HD/图层 20"},{"time":1.1667,"name":"HD/图层 21"},{"time":1.2333,"name":"HD/图层 22"},{"time":1.3,"name":"HD/图层 23"},{"time":1.4,"name":"HD/图层 24"},{"time":1.4667,"name":"HD/图层 25"},{"time":1.5333,"name":"HD/图层 26"},{"time":1.6333,"name":"HD/图层 27"}]},"HD/图层 59":{"color":[{"time":0.2667,"color":"ffffffff"},{"time":1.1667,"color":"ffffffbd"},{"time":1.2667,"color":"ffffff00"}],"attachment":[{"time":0.2667,"name":"HD/图层 59"},{"time":0.3333,"name":"HD/图层 60"},{"time":0.4,"name":"HD/图层 61"},{"time":0.4667,"name":"HD/图层 62"},{"time":0.5333,"name":"HD/图层 63"},{"time":0.6,"name":"HD/图层 64"},{"time":0.6667,"name":"HD/图层 65"},{"time":0.7333,"name":"HD/图层 66"},{"time":0.8,"name":"HD/图层 67"},{"time":0.8667,"name":"HD/图层 68"},{"time":0.9333,"name":"HD/图层 69"},{"time":1,"name":"HD/图层 70"},{"time":1.0667,"name":"HD/图层 71"},{"time":1.1333,"name":"HD/图层 72"},{"time":1.2,"name":"HD/图层 73"},{"time":1.2667,"name":null}]},"合成成功":{"attachment":[{"name":null}]},"图层 746":{"color":[{"color":"ffffff00"},{"time":0.7667,"color":"ffffffff"},{"time":1.6667,"color":"ffffff00"}],"attachment":[{"time":1.6667,"name":"图层 746"}]},"平":{"attachment":[{"name":"组 9290 拷贝"}]}},"bones":{"bone8":{"translate":[{"time":0.3667,"x":-308.4,"y":57.05}],"scale":[{"time":0.3667,"x":0.6,"y":0.6}]},"bone9":{"translate":[{"time":0.5667,"x":340.8,"y":-19.63}]},"bone":{"scale":[{},{"time":0.6667,"x":1.2,"y":1.2},{"time":1.6667}]},"bone7":{"scale":[{},{"time":0.4667,"x":0.5,"y":0.5},{"time":0.9333},{"time":1.4,"x":0.5,"y":0.5},{"time":1.6667}]},"bone4":{"scale":[{},{"time":0.4667,"x":0.5,"y":0.5},{"time":0.9333},{"time":1.4,"x":0.5,"y":0.5},{"time":1.6667}]},"bone10":{"translate":[{"y":105.81}],"scale":[{"x":0.667,"y":0.667},{"time":0.4667,"x":0.5,"y":0.5},{"time":0.9333},{"time":1.4,"x":0.5,"y":0.5},{"time":1.6667,"x":0.667,"y":0.667}]},"bone12":{"scale":[{},{"time":0.4667,"x":0.5,"y":0.5},{"time":0.9333},{"time":1.4,"x":0.5,"y":0.5},{"time":1.6667}]},"bone13":{"scale":[{},{"time":0.4667,"x":0.5,"y":0.5},{"time":0.9333},{"time":1.4,"x":0.5,"y":0.5},{"time":1.6667}]},"bone11":{"scale":[{},{"time":0.4667,"x":0.5,"y":0.5},{"time":0.9333},{"time":1.4,"x":0.5,"y":0.5},{"time":1.6667}]},"bone14":{"translate":[{"x":-201.51}],"scale":[{},{"time":0.4667,"x":0.5,"y":0.5},{"time":0.9333},{"time":1.4,"x":0.5,"y":0.5},{"time":1.6667}]},"bone15":{"translate":[{"x":109.49,"y":11.96}],"scale":[{},{"time":0.4667,"x":0.5,"y":0.5},{"time":0.9333},{"time":1.4,"x":0.5,"y":0.5},{"time":1.6667}]},"bone16":{"translate":[{"x":2.4,"y":9.6}]},"z":{"translate":[{"time":0.2667,"x":-63.6,"y":79.2}]}}}}}