{
"skeleton": {
	"hash": "ysJcQrh3EWk",
	"spine": "3.8-from-4.0-from-4.1.17",
	"x": -83.97,
	"y": -58.56,
	"width": 165.02,
	"height": 151.3,
	"images": "./images/",
	"audio": "E:/游戏项目/蛋壳特工队/动作/蝎子"
},
"bones": [
	{ "name": "root", "y": -10, "scaleX": 0.35, "scaleY": 0.35 },
	{ "name": "bone", "parent": "root", "x": -0.04, "y": 9.56 },
	{ "name": "bone2", "parent": "bone", "length": 102.01, "rotation": 3.35, "x": 16.89, "y": 1.99 },
	{ "name": "bone3", "parent": "bone", "length": 75.76, "rotation": 130.48, "x": -8.94, "y": 19.87 },
	{
		"name": "bone5",
		"parent": "bone",
		"length": 119.33,
		"rotation": 179.87,
		"x": 5.96,
		"y": -4.78,
		"color": "40ff00ff"
	},
	{
		"name": "bone6",
		"parent": "bone5",
		"length": 41.78,
		"rotation": -34.05,
		"x": 116.81,
		"y": -19.72,
		"color": "17ff12ff"
	},
	{
		"name": "bone7",
		"parent": "bone5",
		"length": 46.99,
		"rotation": 37.05,
		"x": 113.24,
		"y": 10.87,
		"color": "32ff00ff"
	},
	{ "name": "bone8", "parent": "bone2", "length": 61.47, "rotation": -63.2, "x": 68.18, "y": -61.84 },
	{ "name": "bone9", "parent": "bone2", "length": 68, "rotation": -126.41, "x": 2.06, "y": -58.56 },
	{ "name": "bone10", "parent": "bone2", "length": 69.2, "rotation": 35, "x": 107.07, "y": 0.41 },
	{ "name": "bone11", "parent": "bone10", "length": 55.72, "rotation": 46.12, "x": 72.36, "y": 2.07 },
	{ "name": "bone12", "parent": "bone11", "length": 71.13, "rotation": 38.55, "x": 58.04, "y": 0.82 },
	{ "name": "bone13", "parent": "bone12", "length": 28.78, "rotation": 1, "x": 78.88, "y": 2.08 },
	{ "name": "zuoqian", "parent": "bone", "length": 124.04, "rotation": 175.88, "x": -45.77, "y": -29.69 },
	{ "name": "bone15", "parent": "zuoqian", "length": 41.76, "rotation": -6.81, "x": 107.46, "y": -18.33 },
	{ "name": "bone16", "parent": "zuoqian", "length": 47.1, "rotation": 33.52, "x": 112.93, "y": 10.36 },
	{ "name": "bone17", "parent": "bone", "length": 70.58, "rotation": -108.72, "x": -50.46, "y": -53.99 },
	{ "name": "bone18", "parent": "bone", "length": 60.48, "rotation": -56.17, "x": 29.65, "y": -58.97 },
	{
		"name": "bone20",
		"parent": "bone13",
		"length": 70.59,
		"rotation": 74.98,
		"x": 89.89,
		"y": -2.97,
		"scaleX": 2,
		"scaleY": 2
	},
	{ "name": "bone19", "parent": "root", "x": 30.33, "y": -111 },
	{ "name": "start", "parent": "root", "x": 196.27, "y": 245.18, "scaleX": 3, "scaleY": 3 },
	{
		"name": "bone21",
		"parent": "bone20",
		"rotation": -66.31,
		"x": 363.02,
		"y": -25.36,
		"scaleX": -1,
		"scaleY": -1
	},
	{ "name": "youqian", "parent": "bone", "length": 119.33, "rotation": 171.41, "x": 5.96, "y": -47.69 },
	{ "name": "bone23", "parent": "youqian", "length": 41.78, "rotation": -34.05, "x": 116.81, "y": -19.72 },
	{ "name": "bone24", "parent": "youqian", "length": 46.99, "rotation": 37.05, "x": 113.24, "y": 10.87 },
	{
		"name": "bone25",
		"parent": "bone",
		"length": 124.04,
		"rotation": -178.45,
		"x": -45.77,
		"y": -29.69,
		"color": "00ff00ff"
	},
	{
		"name": "bone26",
		"parent": "bone25",
		"length": 41.76,
		"rotation": -39.54,
		"x": 107.46,
		"y": -18.33,
		"color": "2eff00ff"
	},
	{
		"name": "bone27",
		"parent": "bone25",
		"length": 47.1,
		"rotation": 41.78,
		"x": 112.93,
		"y": 10.36,
		"color": "32ff00ff"
	},
	{ "name": "bone14", "parent": "bone", "x": 17.47, "y": 51.06, "scaleX": 3, "scaleY": 3 },
	{ "name": "bone22", "parent": "root", "x": 48.65, "y": 139.38, "color": "f412ffff" },
	{
		"name": "xain",
		"parent": "bone22",
		"rotation": -39.4,
		"x": 234.16,
		"y": 124.3,
		"scaleX": 2,
		"scaleY": 3,
		"color": "ce10ffff"
	},
	{
		"name": "xain2",
		"parent": "bone22",
		"rotation": -14.84,
		"x": 75.16,
		"y": 244.27,
		"scaleX": 2,
		"scaleY": 3,
		"color": "ce10ffff"
	},
	{
		"name": "xain3",
		"parent": "bone22",
		"rotation": -39.4,
		"x": 322.32,
		"y": -26.02,
		"scaleX": 2,
		"scaleY": 3,
		"color": "ce10ffff"
	},
	{
		"name": "xain4",
		"parent": "bone22",
		"rotation": -39.4,
		"x": -391.7,
		"y": -26.02,
		"scaleX": 2,
		"scaleY": 3,
		"color": "ce10ffff"
	},
	{
		"name": "xain5",
		"parent": "bone22",
		"rotation": -39.4,
		"x": -122.86,
		"y": 367.13,
		"scaleX": 2,
		"scaleY": 3,
		"color": "ce10ffff"
	},
	{
		"name": "xain6",
		"parent": "bone22",
		"rotation": -39.4,
		"x": -345.45,
		"y": 130.09,
		"scaleX": 2,
		"scaleY": 3,
		"color": "ce10ffff"
	},
	{
		"name": "xain7",
		"parent": "bone22",
		"rotation": -14.84,
		"x": 163.33,
		"y": 234.16,
		"scaleX": 2,
		"scaleY": 3,
		"color": "ce10ffff"
	},
	{
		"name": "xain8",
		"parent": "bone22",
		"rotation": -47.89,
		"x": 322.32,
		"y": -466.2,
		"scaleX": 2,
		"scaleY": 3,
		"color": "ce10ffff"
	},
	{
		"name": "xain9",
		"parent": "bone22",
		"rotation": 44.35,
		"x": -391.7,
		"y": -384.84,
		"scaleX": 2,
		"scaleY": 3,
		"color": "ce10ffff"
	},
	{
		"name": "xain10",
		"parent": "bone22",
		"rotation": -39.4,
		"x": -52.96,
		"y": -651.08,
		"scaleX": 2,
		"scaleY": 3,
		"color": "ce10ffff"
	},
	{
		"name": "xain11",
		"parent": "bone22",
		"rotation": -57.36,
		"x": 162.09,
		"y": -486.52,
		"scaleX": 1.5,
		"scaleY": 2,
		"color": "ce10ffff"
	},
	{ "name": "bone37", "parent": "bone3", "length": 98.21, "rotation": -29.4, "x": 76.14, "y": -0.32 },
	{ "name": "bone39", "parent": "bone3", "x": 135.66, "y": -32.76, "color": "efff29ff" },
	{ "name": "bone38", "parent": "bone39", "rotation": -177.79, "x": 13.93, "y": -7.28, "color": "1a14ffff" },
	{ "name": "bone40", "parent": "bone3", "x": 135.66, "y": -32.76, "color": "efff29ff" },
	{ "name": "bone41", "parent": "bone40", "rotation": -177.79, "x": 13.93, "y": -7.28, "color": "1a14ffff" },
	{ "name": "bone42", "parent": "bone3", "x": 135.66, "y": -32.76, "color": "efff29ff" },
	{ "name": "bone43", "parent": "bone42", "rotation": -177.79, "x": 13.93, "y": -7.28, "color": "1a14ffff" },
	{ "name": "bone44", "parent": "bone3", "x": 135.66, "y": -32.76, "color": "efff29ff" },
	{ "name": "bone45", "parent": "bone44", "rotation": -177.79, "x": 13.93, "y": -7.28, "color": "1a14ffff" },
	{ "name": "bone46", "parent": "bone3", "x": 135.66, "y": -32.76, "color": "efff29ff" },
	{ "name": "bone47", "parent": "bone46", "rotation": -177.79, "x": 13.93, "y": -7.28, "color": "1a14ffff" },
	{ "name": "bone48", "parent": "bone3", "x": 135.66, "y": -32.76, "color": "efff29ff" },
	{ "name": "bone49", "parent": "bone48", "rotation": -177.79, "x": 13.93, "y": -7.28, "color": "1a14ffff" },
	{ "name": "bone50", "parent": "bone3", "x": 135.66, "y": -32.76, "color": "efff29ff" },
	{ "name": "bone51", "parent": "bone50", "rotation": -177.79, "x": 13.93, "y": -7.28, "color": "1a14ffff" },
	{ "name": "bone52", "parent": "bone3", "x": 135.66, "y": -32.76, "color": "efff29ff" },
	{ "name": "bone53", "parent": "bone52", "rotation": -177.79, "x": 13.93, "y": -7.28, "color": "1a14ffff" },
	{ "name": "bone4", "parent": "root", "x": 558.42, "y": 43.66, "color": "ff0000ff" },
	{
		"name": "bone54",
		"parent": "bone4",
		"x": 80.31,
		"y": 12.25,
		"scaleX": 2,
		"scaleY": 2,
		"color": "ff0000ff"
	},
	{ "name": "bone55", "parent": "bone4", "x": 35.26, "y": 60.71, "color": "ff0000ff" },
	{ "name": "bone56", "parent": "bone4", "x": 10.38, "y": 47.86, "color": "ff0000ff" },
	{
		"name": "bone28",
		"parent": "bone",
		"x": 14.76,
		"y": 39.32,
		"scaleX": 3,
		"scaleY": 3,
		"color": "f7ff00ff"
	},
	{ "name": "bone29", "parent": "root", "x": 169.89, "y": -49.11 },
	{ "name": "bone30", "parent": "root", "x": -3.14, "y": -214.18, "scaleX": 3.5, "scaleY": 3.2 },
	{ "name": "bone58", "parent": "root", "x": -520.44, "y": 182.3, "color": "ff0000ff" },
	{ "name": "bone59", "parent": "root", "x": -520.44, "y": 182.3, "color": "ff0000ff" },
	{ "name": "bone60", "parent": "root", "x": -520.44, "y": 182.3, "color": "ff0000ff" },
	{ "name": "bone31", "parent": "root", "x": -5.8, "y": -55.25, "scaleY": 1.3 },
	{ "name": "bone32", "parent": "root", "y": 158.17, "scaleX": 5, "scaleY": 5 }
],
"slots": [
	{ "name": "椭圆 1", "bone": "bone19", "attachment": "椭圆 1" },
	{ "name": "qqq", "bone": "bone31" },
	{ "name": "dd/0", "bone": "bone30", "blend": "additive" },
	{ "name": "h", "bone": "bone18", "attachment": "h" },
	{ "name": "g", "bone": "bone17", "attachment": "g" },
	{ "name": "d", "bone": "zuoqian", "attachment": "d22" },
	{ "name": "d2", "bone": "bone25" },
	{ "name": "b", "bone": "bone16", "attachment": "b" },
	{ "name": "b2", "bone": "bone27" },
	{ "name": "a", "bone": "bone15", "attachment": "a" },
	{ "name": "a2", "bone": "bone26" },
	{ "name": "qiu2", "bone": "bone11", "attachment": "qiu22" },
	{ "name": "图层组58", "bone": "bone11" },
	{ "name": "qiu1", "bone": "bone10", "attachment": "qiu11" },
	{ "name": "图层组60", "bone": "bone10" },
	{ "name": "body", "bone": "bone", "attachment": "body11" },
	{ "name": "qiu3", "bone": "bone12", "attachment": "qiu33" },
	{ "name": "图层组59", "bone": "bone12" },
	{ "name": "图层组57", "bone": "bone8", "attachment": "图层组57" },
	{ "name": "图层组56", "bone": "bone9", "attachment": "图层组56" },
	{ "name": "尾巴2", "bone": "bone13", "attachment": "尾巴" },
	{ "name": "扳手", "bone": "bone39" },
	{ "name": "扳手3", "bone": "bone40" },
	{ "name": "扳手4", "bone": "bone42" },
	{ "name": "扳手5", "bone": "bone44" },
	{ "name": "扳手6", "bone": "bone46" },
	{ "name": "扳手8", "bone": "bone50" },
	{ "name": "扳手9", "bone": "bone52" },
	{ "name": "扳手7", "bone": "bone48" },
	{ "name": "扳手2", "bone": "bone37", "attachment": "扳手" },
	{ "name": "图层组62", "bone": "bone3", "attachment": "图层组62" },
	{ "name": "f", "bone": "bone5" },
	{ "name": "f2", "bone": "youqian", "attachment": "f22" },
	{ "name": "12", "bone": "bone7" },
	{ "name": "13", "bone": "bone24", "attachment": "12" },
	{ "name": "j", "bone": "bone6" },
	{ "name": "j2", "bone": "bone23", "attachment": "j" },
	{ "name": "start.img/d0", "bone": "start", "blend": "additive" },
	{ "name": "aa/10 (1)", "bone": "bone14", "blend": "additive" },
	{ "name": "xxx", "bone": "xain", "blend": "additive" },
	{ "name": "xxx3", "bone": "xain3", "blend": "additive" },
	{ "name": "xxx8", "bone": "xain8", "blend": "additive" },
	{ "name": "xxx11", "bone": "xain11", "blend": "additive" },
	{ "name": "xxx4", "bone": "xain4", "blend": "additive" },
	{ "name": "xxx9", "bone": "xain9", "blend": "additive" },
	{ "name": "xxx6", "bone": "xain6", "blend": "additive" },
	{ "name": "xxx5", "bone": "xain5", "blend": "additive" },
	{ "name": "xxx10", "bone": "xain10", "blend": "additive" },
	{ "name": "xxx2", "bone": "xain2", "blend": "additive" },
	{ "name": "xxx7", "bone": "xain7", "blend": "additive" },
	{ "name": "ccc/lighting_01", "bone": "bone38" },
	{ "name": "ccc/lighting_02", "bone": "bone41" },
	{ "name": "ccc/lighting_03", "bone": "bone43" },
	{ "name": "ccc/lighting_04", "bone": "bone45" },
	{ "name": "ccc/lighting_05", "bone": "bone47" },
	{ "name": "ccc/lighting_07", "bone": "bone51" },
	{ "name": "ccc/lighting_08", "bone": "bone53" },
	{ "name": "ccc/lighting_06", "bone": "bone49" },
	{ "name": "banshou2", "bone": "bone4" },
	{ "name": "banshouyy", "bone": "bone29" },
	{ "name": "sd/01", "bone": "bone54", "blend": "additive" },
	{ "name": "bbb/0", "bone": "bone55", "blend": "additive" },
	{ "name": "ccc/lighting_09", "bone": "bone56", "blend": "additive" },
	{ "name": "fvd/npc_153", "bone": "bone28", "color": "de60ffff", "blend": "additive" },
	{ "name": "sd/a1", "bone": "bone58", "color": "ffb0e5ff", "blend": "additive" },
	{ "name": "sd/a2", "bone": "bone59", "color": "ffb0e5ff", "blend": "additive" },
	{ "name": "sd/a3", "bone": "bone60", "color": "ffb0e5ff", "blend": "additive" },
	{ "name": "b1/aa2", "bone": "bone32", "blend": "additive" }
],
"skins": [
	{
		"name": "default",
		"attachments": {
			"12": {
				"12": { "x": 35.48, "y": 10.38, "rotation": 166.55, "width": 107, "height": 83 }
			},
			"13": {
				"12": { "x": 35.48, "y": 10.38, "rotation": 166.55, "width": 107, "height": 83 }
			},
			"a": {
				"a": { "x": 25.11, "y": -3.35, "rotation": -161.27, "width": 86, "height": 62 }
			},
			"a2": {
				"a": { "x": 25.11, "y": -3.35, "rotation": -161.27, "width": 86, "height": 62 }
			},
			"aa/10 (1)": {
				"aa/10 (1)": { "width": 120, "height": 120 },
				"aa/10 (3)": { "width": 120, "height": 120 },
				"aa/10 (5)": { "width": 120, "height": 120 },
				"aa/10 (7)": { "width": 120, "height": 120 },
				"aa/10 (9)": { "width": 120, "height": 120 },
				"aa/10 (11)": { "width": 120, "height": 120 },
				"aa/10 (13)": { "width": 120, "height": 120 },
				"aa/10 (15)": { "width": 120, "height": 120 },
				"aa/10 (17)": { "width": 120, "height": 120 },
				"aa/10 (19)": { "width": 120, "height": 120 },
				"aa/10 (21)": { "width": 120, "height": 120 },
				"aa/10 (23)": { "width": 120, "height": 120 },
				"aa/10 (25)": { "width": 120, "height": 120 }
			},
			"b": {
				"b": { "x": 30.85, "y": 6.27, "rotation": 155.62, "width": 107, "height": 83 }
			},
			"b1/aa2": {
				"b1/aa2": { "width": 125, "height": 75 },
				"b1/aa3": { "width": 125, "height": 75 },
				"b1/aa4": { "width": 125, "height": 75 }
			},
			"b2": {
				"b": { "x": 30.85, "y": 6.27, "rotation": 155.62, "width": 107, "height": 83 }
			},
			"banshou2": {
				"banshou2": { "y": 43.56, "rotation": -7.26, "width": 190, "height": 208 }
			},
			"banshouyy": {
				"banshouyy": { "x": 0.5, "y": 0.5, "width": 209, "height": 83 }
			},
			"bbb/0": {
				"bbb/0": { "x": 0.5, "y": 0.5, "width": 83, "height": 85 },
				"bbb/1": { "x": 0.5, "y": 0.5, "width": 119, "height": 131 },
				"bbb/2": { "x": 0.5, "width": 177, "height": 176 },
				"bbb/3": { "x": 0.5, "y": 0.5, "width": 201, "height": 199 },
				"bbb/4": { "x": 0.5, "y": 0.5, "width": 227, "height": 225 },
				"bbb/5": { "width": 236, "height": 232 }
			},
			"ccc/lighting_01": {
				"ccc/lighting_01": { "x": -0.01, "y": 0.35, "rotation": 47.31, "width": 85, "height": 85 },
				"ccc/lighting_02": { "x": -0.18, "y": 0.17, "rotation": 47.31, "width": 85, "height": 85 },
				"ccc/lighting_03": { "x": -0.01, "y": 0.35, "rotation": 47.31, "width": 85, "height": 85 },
				"ccc/lighting_04": { "x": 0.17, "y": 0.18, "rotation": 47.31, "width": 85, "height": 85 },
				"ccc/lighting_05": { "rotation": 47.31, "width": 85, "height": 85 },
				"ccc/lighting_06": { "x": 0.17, "y": 0.18, "rotation": 47.31, "width": 85, "height": 85 },
				"ccc/lighting_07": { "x": -0.01, "y": 0.35, "rotation": 47.31, "width": 85, "height": 85 },
				"ccc/lighting_08": { "x": -0.18, "y": 0.17, "rotation": 47.31, "width": 85, "height": 85 },
				"ccc/lighting_09": { "x": -0.01, "y": 0.35, "rotation": 47.31, "width": 85, "height": 85 }
			},
			"ccc/lighting_02": {
				"ccc/lighting_01": { "x": -0.01, "y": 0.35, "rotation": 47.31, "width": 85, "height": 85 },
				"ccc/lighting_02": { "x": -0.18, "y": 0.17, "rotation": 47.31, "width": 85, "height": 85 },
				"ccc/lighting_03": { "x": -0.01, "y": 0.35, "rotation": 47.31, "width": 85, "height": 85 },
				"ccc/lighting_04": { "x": 0.17, "y": 0.18, "rotation": 47.31, "width": 85, "height": 85 },
				"ccc/lighting_05": { "rotation": 47.31, "width": 85, "height": 85 },
				"ccc/lighting_06": { "x": 0.17, "y": 0.18, "rotation": 47.31, "width": 85, "height": 85 },
				"ccc/lighting_07": { "x": -0.01, "y": 0.35, "rotation": 47.31, "width": 85, "height": 85 },
				"ccc/lighting_08": { "x": -0.18, "y": 0.17, "rotation": 47.31, "width": 85, "height": 85 },
				"ccc/lighting_09": { "x": -0.01, "y": 0.35, "rotation": 47.31, "width": 85, "height": 85 }
			},
			"ccc/lighting_03": {
				"ccc/lighting_01": { "x": -0.01, "y": 0.35, "rotation": 47.31, "width": 85, "height": 85 },
				"ccc/lighting_02": { "x": -0.18, "y": 0.17, "rotation": 47.31, "width": 85, "height": 85 },
				"ccc/lighting_03": { "x": -0.01, "y": 0.35, "rotation": 47.31, "width": 85, "height": 85 },
				"ccc/lighting_04": { "x": 0.17, "y": 0.18, "rotation": 47.31, "width": 85, "height": 85 },
				"ccc/lighting_05": { "rotation": 47.31, "width": 85, "height": 85 },
				"ccc/lighting_06": { "x": 0.17, "y": 0.18, "rotation": 47.31, "width": 85, "height": 85 },
				"ccc/lighting_07": { "x": -0.01, "y": 0.35, "rotation": 47.31, "width": 85, "height": 85 },
				"ccc/lighting_08": { "x": -0.18, "y": 0.17, "rotation": 47.31, "width": 85, "height": 85 },
				"ccc/lighting_09": { "x": -0.01, "y": 0.35, "rotation": 47.31, "width": 85, "height": 85 }
			},
			"ccc/lighting_04": {
				"ccc/lighting_01": { "x": -0.01, "y": 0.35, "rotation": 47.31, "width": 85, "height": 85 },
				"ccc/lighting_02": { "x": -0.18, "y": 0.17, "rotation": 47.31, "width": 85, "height": 85 },
				"ccc/lighting_03": { "x": -0.01, "y": 0.35, "rotation": 47.31, "width": 85, "height": 85 },
				"ccc/lighting_04": { "x": 0.17, "y": 0.18, "rotation": 47.31, "width": 85, "height": 85 },
				"ccc/lighting_05": { "rotation": 47.31, "width": 85, "height": 85 },
				"ccc/lighting_06": { "x": 0.17, "y": 0.18, "rotation": 47.31, "width": 85, "height": 85 },
				"ccc/lighting_07": { "x": -0.01, "y": 0.35, "rotation": 47.31, "width": 85, "height": 85 },
				"ccc/lighting_08": { "x": -0.18, "y": 0.17, "rotation": 47.31, "width": 85, "height": 85 },
				"ccc/lighting_09": { "x": -0.01, "y": 0.35, "rotation": 47.31, "width": 85, "height": 85 }
			},
			"ccc/lighting_05": {
				"ccc/lighting_01": { "x": -0.01, "y": 0.35, "rotation": 47.31, "width": 85, "height": 85 },
				"ccc/lighting_02": { "x": -0.18, "y": 0.17, "rotation": 47.31, "width": 85, "height": 85 },
				"ccc/lighting_03": { "x": -0.01, "y": 0.35, "rotation": 47.31, "width": 85, "height": 85 },
				"ccc/lighting_04": { "x": 0.17, "y": 0.18, "rotation": 47.31, "width": 85, "height": 85 },
				"ccc/lighting_05": { "rotation": 47.31, "width": 85, "height": 85 },
				"ccc/lighting_06": { "x": 0.17, "y": 0.18, "rotation": 47.31, "width": 85, "height": 85 },
				"ccc/lighting_07": { "x": -0.01, "y": 0.35, "rotation": 47.31, "width": 85, "height": 85 },
				"ccc/lighting_08": { "x": -0.18, "y": 0.17, "rotation": 47.31, "width": 85, "height": 85 },
				"ccc/lighting_09": { "x": -0.01, "y": 0.35, "rotation": 47.31, "width": 85, "height": 85 }
			},
			"ccc/lighting_06": {
				"ccc/lighting_01": { "x": -0.01, "y": 0.35, "rotation": 47.31, "width": 85, "height": 85 },
				"ccc/lighting_02": { "x": -0.18, "y": 0.17, "rotation": 47.31, "width": 85, "height": 85 },
				"ccc/lighting_03": { "x": -0.01, "y": 0.35, "rotation": 47.31, "width": 85, "height": 85 },
				"ccc/lighting_04": { "x": 0.17, "y": 0.18, "rotation": 47.31, "width": 85, "height": 85 },
				"ccc/lighting_05": { "rotation": 47.31, "width": 85, "height": 85 },
				"ccc/lighting_06": { "x": 0.17, "y": 0.18, "rotation": 47.31, "width": 85, "height": 85 },
				"ccc/lighting_07": { "x": -0.01, "y": 0.35, "rotation": 47.31, "width": 85, "height": 85 },
				"ccc/lighting_08": { "x": -0.18, "y": 0.17, "rotation": 47.31, "width": 85, "height": 85 },
				"ccc/lighting_09": { "x": -0.01, "y": 0.35, "rotation": 47.31, "width": 85, "height": 85 }
			},
			"ccc/lighting_07": {
				"ccc/lighting_01": { "x": -0.01, "y": 0.35, "rotation": 47.31, "width": 85, "height": 85 },
				"ccc/lighting_02": { "x": -0.18, "y": 0.17, "rotation": 47.31, "width": 85, "height": 85 },
				"ccc/lighting_03": { "x": -0.01, "y": 0.35, "rotation": 47.31, "width": 85, "height": 85 },
				"ccc/lighting_04": { "x": 0.17, "y": 0.18, "rotation": 47.31, "width": 85, "height": 85 },
				"ccc/lighting_05": { "rotation": 47.31, "width": 85, "height": 85 },
				"ccc/lighting_06": { "x": 0.17, "y": 0.18, "rotation": 47.31, "width": 85, "height": 85 },
				"ccc/lighting_07": { "x": -0.01, "y": 0.35, "rotation": 47.31, "width": 85, "height": 85 },
				"ccc/lighting_08": { "x": -0.18, "y": 0.17, "rotation": 47.31, "width": 85, "height": 85 },
				"ccc/lighting_09": { "x": -0.01, "y": 0.35, "rotation": 47.31, "width": 85, "height": 85 }
			},
			"ccc/lighting_08": {
				"ccc/lighting_01": { "x": -0.01, "y": 0.35, "rotation": 47.31, "width": 85, "height": 85 },
				"ccc/lighting_02": { "x": -0.18, "y": 0.17, "rotation": 47.31, "width": 85, "height": 85 },
				"ccc/lighting_03": { "x": -0.01, "y": 0.35, "rotation": 47.31, "width": 85, "height": 85 },
				"ccc/lighting_04": { "x": 0.17, "y": 0.18, "rotation": 47.31, "width": 85, "height": 85 },
				"ccc/lighting_05": { "rotation": 47.31, "width": 85, "height": 85 },
				"ccc/lighting_06": { "x": 0.17, "y": 0.18, "rotation": 47.31, "width": 85, "height": 85 },
				"ccc/lighting_07": { "x": -0.01, "y": 0.35, "rotation": 47.31, "width": 85, "height": 85 },
				"ccc/lighting_08": { "x": -0.18, "y": 0.17, "rotation": 47.31, "width": 85, "height": 85 },
				"ccc/lighting_09": { "x": -0.01, "y": 0.35, "rotation": 47.31, "width": 85, "height": 85 }
			},
			"ccc/lighting_09": {
				"ccc/lighting_01": { "x": 0.5, "y": 0.5, "width": 85, "height": 85 },
				"ccc/lighting_02": { "x": 0.5, "y": 0.5, "width": 85, "height": 85 },
				"ccc/lighting_03": { "x": 0.5, "y": 0.5, "width": 85, "height": 85 },
				"ccc/lighting_04": { "x": 0.5, "y": 0.5, "width": 85, "height": 85 },
				"ccc/lighting_05": { "x": 0.5, "y": 0.5, "width": 85, "height": 85 },
				"ccc/lighting_06": { "x": 0.5, "y": 0.5, "width": 85, "height": 85 },
				"ccc/lighting_07": { "x": 0.5, "y": 0.5, "width": 85, "height": 85 }
			},
			"dd/0": {
				"dd/www0": { "x": 0.5, "y": 53.29, "width": 201, "height": 95 },
				"dd/www1": { "x": 0.73, "y": 54.42, "width": 201, "height": 95 },
				"dd/www2": { "x": 0.73, "y": 54.42, "width": 201, "height": 95 },
				"dd/www3": { "x": 0.73, "y": 54.42, "width": 201, "height": 95 },
				"dd/www4": { "x": 0.73, "y": 54.42, "width": 201, "height": 95 },
				"dd/www5": { "x": 0.73, "y": 54.42, "width": 201, "height": 95 }
			},
			"fvd/npc_153": {
				"fvd/npc_153": { "width": 164, "height": 114 },
				"fvd/npc_154": { "y": 0.5, "width": 164, "height": 114 },
				"fvd/npc_155": { "x": 0.5, "width": 164, "height": 114 },
				"fvd/npc_156": { "x": 0.5, "y": 0.5, "width": 164, "height": 114 },
				"fvd/npc_157": { "width": 164, "height": 114 }
			},
			"g": {
				"g": { "x": 27.34, "y": 6.7, "rotation": 108.72, "width": 63, "height": 94 }
			},
			"h": {
				"h": { "x": 18.84, "y": -12.38, "rotation": 73.55, "width": 67, "height": 91 }
			},
			"j": {
				"j": { "x": 25.78, "y": 1.86, "rotation": -154.65, "width": 86, "height": 62 }
			},
			"j2": {
				"j": { "x": 25.78, "y": 1.86, "rotation": -154.65, "width": 86, "height": 62 }
			},
			"qqq": {
				"qqq": { "x": 0.5, "y": 0.5, "width": 421, "height": 149 }
			},
			"sd/01": {
				"sd/01": { "y": 0.5, "width": 80, "height": 105 },
				"sd/02": { "y": 0.5, "width": 80, "height": 105 },
				"sd/03": { "y": 0.5, "width": 80, "height": 105 },
				"sd/04": { "y": 0.5, "width": 80, "height": 105 },
				"sd/05": { "y": 0.5, "width": 80, "height": 105 },
				"sd/06": { "y": 0.5, "width": 80, "height": 105 },
				"sd/07": { "y": 0.5, "width": 80, "height": 105 },
				"sd/08": { "y": 0.5, "width": 80, "height": 105 },
				"sd/09": { "y": 0.5, "width": 80, "height": 105 },
				"sd/10": { "y": 0.5, "width": 80, "height": 105 },
				"sd/11": { "y": 0.5, "width": 80, "height": 105 },
				"sd/12": { "y": 0.5, "width": 80, "height": 105 }
			},
			"sd/a1": {
				"sd/a1": { "x": -5.4, "y": -122.63, "width": 128, "height": 262 },
				"sd/a2": { "x": -3.23, "y": -120.94, "width": 128, "height": 262 },
				"sd/a3": { "x": -3.23, "y": -120.94, "width": 128, "height": 262 },
				"sd/a4": { "x": -3.23, "y": -120.94, "width": 128, "height": 262 },
				"sd/a5": { "x": -3.23, "y": -120.94, "width": 128, "height": 262 },
				"sd/a6": { "x": -3.23, "y": -120.94, "width": 128, "height": 262 }
			},
			"sd/a2": {
				"sd/a1": { "x": -5.4, "y": -122.63, "width": 128, "height": 262 },
				"sd/a2": { "x": -3.23, "y": -120.94, "width": 128, "height": 262 },
				"sd/a3": { "x": -3.23, "y": -120.94, "width": 128, "height": 262 },
				"sd/a4": { "x": -3.23, "y": -120.94, "width": 128, "height": 262 },
				"sd/a5": { "x": -3.23, "y": -120.94, "width": 128, "height": 262 },
				"sd/a6": { "x": -3.23, "y": -120.94, "width": 128, "height": 262 }
			},
			"sd/a3": {
				"sd/a1": { "x": -5.4, "y": -122.63, "width": 128, "height": 262 },
				"sd/a2": { "x": -3.23, "y": -120.94, "width": 128, "height": 262 },
				"sd/a3": { "x": -3.23, "y": -120.94, "width": 128, "height": 262 },
				"sd/a4": { "x": -3.23, "y": -120.94, "width": 128, "height": 262 },
				"sd/a5": { "x": -3.23, "y": -120.94, "width": 128, "height": 262 },
				"sd/a6": { "x": -3.23, "y": -120.94, "width": 128, "height": 262 }
			},
			"start.img/d0": {
				"start.img/d0": { "width": 296, "height": 298 },
				"start.img/d1": { "y": 0.5, "width": 296, "height": 298 },
				"start.img/d2": { "x": 0.5, "y": 0.5, "width": 296, "height": 298 },
				"start.img/d3": { "x": 0.5, "y": 0.5, "width": 296, "height": 298 },
				"start.img/d4": { "x": 0.5, "y": 0.5, "width": 296, "height": 298 },
				"start.img/d5": { "width": 296, "height": 298 },
				"start.img/d6": { "x": 0.5, "width": 296, "height": 298 }
			},
			"xxx": {
				"xxx": { "x": 0.5, "width": 2, "height": 74 }
			},
			"xxx2": {
				"xxx": { "x": 0.5, "width": 2, "height": 74 }
			},
			"xxx3": {
				"xxx": { "x": 0.5, "width": 2, "height": 74 }
			},
			"xxx4": {
				"xxx": { "x": 0.5, "width": 2, "height": 74 }
			},
			"xxx5": {
				"xxx": { "x": 0.5, "width": 2, "height": 74 }
			},
			"xxx6": {
				"xxx": { "x": 0.5, "width": 2, "height": 74 }
			},
			"xxx7": {
				"xxx": { "x": 0.5, "width": 2, "height": 74 }
			},
			"xxx8": {
				"xxx": { "x": 0.5, "width": 2, "height": 74 }
			},
			"xxx9": {
				"xxx": { "x": 0.5, "width": 2, "height": 74 }
			},
			"xxx10": {
				"xxx": { "x": 0.5, "width": 2, "height": 74 }
			},
			"xxx11": {
				"xxx": { "x": 0.5, "width": 2, "height": 74 }
			},
			"图层组56": {
				"图层组56": { "x": 30.1, "y": 7.34, "rotation": 111.61, "width": 63, "height": 94 }
			},
			"图层组57": {
				"图层组57": { "x": 29.6, "y": -6.45, "rotation": 67.17, "width": 67, "height": 91 }
			},
			"图层组62": {
				"图层组62": { "x": 46.84, "y": 22.4, "rotation": -130.48, "width": 150, "height": 80 }
			},
			"尾巴2": {
				"尾巴": { "x": 47.05, "y": 1, "rotation": -124.02, "width": 143, "height": 135 },
				"尾巴2": { "x": 47.35, "y": -0.2, "rotation": -124.02, "width": 158, "height": 150 }
			},
			"扳手": {
				"扳手": { "path": "banshou2", "x": 9.47, "y": -3.74, "rotation": -130.48, "width": 190, "height": 208 }
			},
			"扳手2": {
				"扳手": { "path": "banshou", "x": 77.87, "y": 2.34, "rotation": -101.08, "width": 164, "height": 184 }
			},
			"扳手3": {
				"扳手": { "path": "banshou2", "x": 9.47, "y": -3.74, "rotation": -130.48, "width": 190, "height": 208 }
			},
			"扳手4": {
				"扳手": { "path": "banshou2", "x": 9.47, "y": -3.74, "rotation": -130.48, "width": 190, "height": 208 }
			},
			"扳手5": {
				"扳手": { "path": "banshou2", "x": 9.47, "y": -3.74, "rotation": -130.48, "width": 190, "height": 208 }
			},
			"扳手6": {
				"扳手": { "path": "banshou2", "x": 9.47, "y": -3.74, "rotation": -130.48, "width": 190, "height": 208 }
			},
			"扳手7": {
				"扳手": { "path": "banshou2", "x": 9.47, "y": -3.74, "rotation": -130.48, "width": 190, "height": 208 }
			},
			"扳手8": {
				"扳手": { "path": "banshou2", "x": 9.47, "y": -3.74, "rotation": -130.48, "width": 190, "height": 208 }
			},
			"扳手9": {
				"扳手": { "path": "banshou2", "x": 9.47, "y": -3.74, "rotation": -130.48, "width": 190, "height": 208 }
			},
			"椭圆 1": {
				"椭圆 1": { "x": -25.38, "y": 7.25, "width": 311, "height": 70 }
			}
		}
	},
	{
		"name": "skin1",
		"attachments": {
			"body": {
				"body11": {
					"name": "body",
					"type": "mesh",
					"path": "body1",
					"uvs": [ 0.49003, 0, 0.34895, 0, 0.22618, 0.06686, 0.10709, 0.16447, 0.03563, 0.30211, 0, 0.45978, 0, 0.64998, 0.04479, 0.80764, 0.11991, 0.90274, 0.24084, 0.96781, 0.37643, 1, 0.59081, 1, 0.80518, 0.94779, 0.90229, 0.8677, 0.97742, 0.73757, 1, 0.5824, 1, 0.3872, 0.92428, 0.21952, 0.829, 0.11441, 0.70074, 0.03934, 0.55966, 0 ],
					"triangles": [ 0, 11, 10, 0, 10, 9, 8, 4, 9, 5, 8, 7, 11, 0, 20, 0, 2, 1, 9, 4, 2, 0, 9, 2, 2, 4, 3, 4, 8, 5, 7, 6, 5, 12, 11, 20, 12, 20, 19, 13, 12, 15, 12, 19, 18, 14, 13, 15, 18, 15, 12, 17, 15, 18, 17, 16, 15 ],
					"vertices": [ 2, 2, -6.86, 106.56, 0.21958, 3, 58.72, -66.89, 0.78042, 2, 2, -46.29, 108.87, 0.04239, 3, 84.37, -36.84, 0.95761, 3, 2, -81.41, 97.19, 3.0E-4, 3, 96.25, -1.8, 0.99617, 1, -70.06, 94.25, 0.00353, 2, 3, 102.68, 36.56, 0.91748, 1, -103.41, 74.25, 0.08252, 2, 3, 94.21, 70.09, 0.79071, 1, -123.41, 46.03, 0.20929, 2, 3, 76.1, 98.66, 0.65011, 1, -133.39, 13.71, 0.34989, 2, 3, 46.44, 123.97, 0.49781, 1, -133.39, -25.28, 0.50219, 3, 2, -140.99, -51.44, 7.0E-5, 3, 13.72, 135.42, 0.38746, 1, -120.85, -57.61, 0.61247, 3, 2, -121.13, -72.13, 0.00632, 3, -14.77, 132.07, 0.30556, 1, -99.82, -77.1, 0.68812, 3, 2, -88.1, -87.43, 0.05025, 3, -46.9, 114.98, 0.18448, 1, -65.95, -90.44, 0.76527, 3, 2, -50.59, -96.23, 0.18089, 3, -76.56, 90.38, 0.06139, 1, -27.99, -97.04, 0.75772, 3, 2, 9.33, -99.74, 0.53381, 3, -115.53, 44.73, 2.0E-5, 1, 32.04, -97.04, 0.46617, 2, 2, 69.88, -92.56, 0.84548, 1, 92.06, -86.34, 0.15452, 2, 2, 97.98, -77.76, 0.9307, 1, 119.25, -69.92, 0.0693, 2, 2, 120.54, -52.36, 0.98178, 1, 140.29, -43.24, 0.01822, 2, 2, 128.71, -20.98, 0.99876, 1, 146.61, -11.43, 0.00124, 2, 2, 131.05, 18.97, 0.99523, 3, -94.35, -123.98, 0.00477, 2, 2, 111.9, 54.53, 0.9401, 3, -54.44, -130.16, 0.0599, 2, 2, 86.52, 77.6, 0.82625, 3, -20.73, -123.86, 0.17375, 2, 2, 51.57, 95.06, 0.61431, 3, 14.29, -106.53, 0.38569, 2, 2, 12.61, 105.42, 0.34376, 3, 46.07, -81.72, 0.65624 ],
					"hull": 21,
					"edges": [ 0, 2, 2, 4, 4, 6, 6, 8, 8, 10, 10, 12, 12, 14, 14, 16, 16, 18, 18, 20, 20, 22, 22, 24, 24, 26, 26, 28, 28, 30, 30, 32, 32, 34, 34, 36, 36, 38, 38, 40, 0, 40 ],
					"width": 280,
					"height": 205
				}
			},
			"d": {
				"d22": { "name": "d", "x": 62.05, "y": 15.18, "rotation": 178.45, "width": 172, "height": 133 }
			},
			"d2": {
				"d2": { "name": "d", "x": 62.05, "y": 15.18, "rotation": 178.45, "width": 172, "height": 133 }
			},
			"f": {
				"f2": { "name": "f", "x": 68.72, "y": 9.76, "rotation": -174.27, "width": 172, "height": 133 }
			},
			"f2": {
				"f22": { "name": "f", "x": 68.72, "y": 9.76, "rotation": -174.27, "width": 172, "height": 133 }
			},
			"qiu1": {
				"qiu11": {
					"name": "图层组60",
					"path": "qiu1",
					"x": 33.91,
					"y": -2.84,
					"rotation": -38.35,
					"width": 107,
					"height": 107
				}
			},
			"qiu2": {
				"qiu22": {
					"name": "图层组58",
					"path": "qiu2",
					"x": 33.06,
					"y": -1.21,
					"rotation": -84.47,
					"width": 98,
					"height": 98
				}
			},
			"qiu3": {
				"qiu33": {
					"name": "图层组59",
					"path": "qiu3",
					"x": 42,
					"y": 4.16,
					"rotation": -123.02,
					"width": 98,
					"height": 98
				}
			}
		}
	},
	{
		"name": "skin2",
		"attachments": {
			"body": {
				"body11": {
					"name": "body",
					"type": "linkedmesh",
					"path": "body2",
					"skin": "skin1",
					"parent": "body11",
					"width": 278,
					"height": 203
				}
			},
			"d": {
				"d22": {
					"name": "d",
					"path": "d2",
					"x": 62.05,
					"y": 15.18,
					"rotation": 178.45,
					"width": 170,
					"height": 131
				}
			},
			"d2": {
				"d2": {
					"name": "d",
					"path": "d2",
					"x": 62.05,
					"y": 15.18,
					"rotation": 178.45,
					"width": 170,
					"height": 131
				}
			},
			"f": {
				"f2": {
					"name": "f",
					"path": "f2",
					"x": 68.72,
					"y": 9.76,
					"rotation": -174.27,
					"width": 170,
					"height": 131
				}
			},
			"f2": {
				"f22": {
					"name": "f",
					"path": "f2",
					"x": 68.72,
					"y": 9.76,
					"rotation": -174.27,
					"width": 170,
					"height": 131
				}
			},
			"qiu1": {
				"qiu11": {
					"name": "图层组60",
					"path": "qiu11",
					"x": 33.91,
					"y": -2.84,
					"rotation": -38.35,
					"width": 105,
					"height": 105
				}
			},
			"qiu2": {
				"qiu22": {
					"name": "图层组58",
					"path": "qiu22",
					"x": 33.06,
					"y": -1.21,
					"rotation": -84.47,
					"width": 96,
					"height": 96
				}
			},
			"qiu3": {
				"qiu33": {
					"name": "图层组59",
					"path": "qiu33",
					"x": 42,
					"y": 4.16,
					"rotation": -123.02,
					"width": 96,
					"height": 96
				}
			}
		}
	}
],
"events": {
	"attack": {}
},
"animations": {
	"attack1": {
		"slots": {
			"12": {
				"color": [
					{ "color": "ffffff00" },
					{ "time": 0.0667, "color": "ffffffab" },
					{ "time": 0.1333, "color": "ffffff57" },
					{ "time": 0.2667, "color": "ffffff00" }
				],
				"attachment": [
					{ "name": "12" }
				]
			},
			"a2": {
				"color": [
					{ "color": "ffffff00" },
					{ "time": 0.0667, "color": "ffffffcd" },
					{ "time": 0.1667, "color": "ffffff82" },
					{ "time": 0.2667, "color": "ffffff00" }
				],
				"attachment": [
					{ "name": "a" }
				]
			},
			"b2": {
				"color": [
					{ "color": "ffffff00" },
					{ "time": 0.0667, "color": "ffffffc4" },
					{ "time": 0.1333, "color": "ffffff8a" },
					{ "time": 0.2667, "color": "ffffff00" }
				],
				"attachment": [
					{ "name": "b" }
				]
			},
			"d2": {
				"color": [
					{ "color": "ffffff00" },
					{ "time": 0.0667, "color": "ffffffd4" },
					{ "time": 0.1667, "color": "ffffff94" },
					{ "time": 0.2667, "color": "ffffff00" }
				],
				"attachment": [
					{ "name": "d2" }
				]
			},
			"f": {
				"color": [
					{ "color": "ffffff00" },
					{ "time": 0.0667, "color": "ebb0ffc2" },
					{ "time": 0.2667, "color": "ffffff00" }
				],
				"attachment": [
					{ "name": "f2" }
				]
			},
			"j": {
				"color": [
					{ "color": "ffffff00" },
					{ "time": 0.0667, "color": "ffffffce" },
					{ "time": 0.1667, "color": "ffffff86" },
					{ "time": 0.2667, "color": "ffffff00" }
				],
				"attachment": [
					{ "name": "j" }
				]
			}
		},
		"bones": {
			"bone5": {
				"translate": [
					{},
					{ "time": 0.1667, "x": -60.63, "y": 4.65 },
					{ "time": 0.3333 }
				],
				"scale": [
					{},
					{ "time": 0.1667, "x": 4, "y": 4 },
					{ "time": 0.3333 }
				]
			},
			"bone3": {
				"rotate": [
					{},
					{ "time": 0.2333, "angle": 5.86 },
					{ "time": 0.7333 }
				]
			},
			"bone6": {
				"rotate": [
					{},
					{ "time": 0.1333, "angle": -6.67 },
					{ "time": 0.2333, "angle": 22.95 },
					{ "time": 0.4667, "angle": 26.76 },
					{ "time": 0.7333 }
				]
			},
			"bone7": {
				"rotate": [
					{},
					{ "time": 0.1333, "angle": 26.61 },
					{ "time": 0.2333, "angle": -23.26 },
					{ "time": 0.4667, "angle": -29.7 },
					{ "time": 0.7333 }
				]
			},
			"bone10": {
				"rotate": [
					{},
					{ "time": 0.1667, "angle": 8.88 },
					{ "time": 0.7333 }
				]
			},
			"bone12": {
				"rotate": [
					{},
					{ "time": 0.2667, "angle": 13.12 },
					{ "time": 0.7333 }
				]
			},
			"bone13": {
				"rotate": [
					{},
					{ "time": 0.3, "angle": 16.22 },
					{ "time": 0.7333 }
				]
			},
			"zuoqian": {
				"translate": [
					{},
					{ "time": 0.1667, "x": -150.73, "y": 23.26 },
					{ "time": 0.3333 }
				]
			},
			"bone15": {
				"rotate": [
					{},
					{ "time": 0.1, "angle": -6.32 },
					{ "time": 0.2333, "angle": 30.98 },
					{ "time": 0.4667, "angle": 47.38 },
					{ "time": 0.7333 }
				]
			},
			"bone16": {
				"rotate": [
					{},
					{ "time": 0.1, "angle": 20.64 },
					{ "time": 0.2333, "angle": -20.61 },
					{ "time": 0.4667, "angle": -12.95 },
					{ "time": 0.7333 }
				]
			},
			"bone11": {
				"rotate": [
					{},
					{ "time": 0.2333, "angle": 8.88 },
					{ "time": 0.7333 }
				]
			},
			"youqian": {
				"translate": [
					{},
					{ "time": 0.1667, "x": -17.68, "y": 4.65 },
					{ "time": 0.7333 }
				],
				"scale": [
					{},
					{ "time": 0.1667, "x": 1.3, "y": 1.3 },
					{ "time": 0.3333 }
				]
			},
			"bone23": {
				"rotate": [
					{},
					{ "time": 0.1, "angle": -6.67 },
					{ "time": 0.2333, "angle": 22.95 },
					{ "time": 0.4667, "angle": 26.76 },
					{ "time": 0.7333 }
				]
			},
			"bone24": {
				"rotate": [
					{},
					{ "time": 0.1, "angle": 9.26 },
					{ "time": 0.2333, "angle": -23.26 },
					{ "time": 0.4667, "angle": -29.7 },
					{ "time": 0.7333 }
				]
			},
			"bone26": {
				"rotate": [
					{},
					{ "time": 0.1333, "angle": -17.03 },
					{ "time": 0.2333, "angle": 30.98 },
					{ "time": 0.4667, "angle": 47.38 },
					{ "time": 0.7333 }
				]
			},
			"bone27": {
				"rotate": [
					{},
					{ "time": 0.1333, "angle": 40.43 },
					{ "time": 0.2333, "angle": -20.61 },
					{ "time": 0.4667, "angle": -12.95 },
					{ "time": 0.5333, "angle": -11.87 },
					{ "time": 0.7333 }
				]
			},
			"bone25": {
				"translate": [
					{},
					{ "time": 0.1667, "x": -483.49, "y": 113.85 },
					{ "time": 0.3333 }
				],
				"scale": [
					{},
					{ "time": 0.1667, "x": 4, "y": 4 },
					{ "time": 0.3333 }
				]
			}
		}
	},
	"attack2": {
		"slots": {
			"start.img/d0": {
				"attachment": [
					{ "time": 0.3, "name": "start.img/d0" },
					{ "time": 0.3667, "name": "start.img/d1" },
					{ "time": 0.4333, "name": "start.img/d2" },
					{ "time": 0.5, "name": "start.img/d3" },
					{ "time": 0.5667, "name": "start.img/d4" },
					{ "time": 0.6333, "name": "start.img/d5" },
					{ "time": 0.7, "name": "start.img/d6" },
					{ "time": 0.7667, "name": null }
				]
			},
			"尾巴2": {
				"attachment": [
					{ "time": 0.5, "name": "尾巴2" }
				]
			}
		},
		"bones": {
			"bone3": {
				"rotate": [
					{ "time": 0.1667 },
					{ "time": 0.8333, "angle": 4.71 },
					{ "time": 3.3333 }
				]
			},
			"bone10": {
				"rotate": [
					{},
					{ "time": 0.2667, "angle": -8.77 },
					{ "time": 0.5, "angle": 14.51 },
					{ "time": 3.3333, "angle": -1.73 }
				]
			},
			"bone11": {
				"rotate": [
					{},
					{ "time": 0.3667, "angle": -21.22, "curve": "stepped" },
					{ "time": 0.7667, "angle": -21.22 },
					{ "time": 3.3333, "angle": -1.73 }
				]
			},
			"bone12": {
				"rotate": [
					{},
					{ "time": 0.3667, "angle": -18.6, "curve": "stepped" },
					{ "time": 0.7667, "angle": -18.6 },
					{ "time": 3.3333, "angle": -1.73 }
				]
			},
			"bone13": {
				"rotate": [
					{},
					{ "time": 0.3667, "angle": -11.99, "curve": "stepped" },
					{ "time": 0.7667, "angle": -11.99 },
					{ "time": 3.3333, "angle": -1.73 }
				]
			},
			"bone20": {
				"rotate": [
					{ "time": 0.7333 },
					{ "time": 0.7667, "angle": 48.65 },
					{ "time": 3.3333, "angle": 111.36 }
				]
			},
			"bone37": {
				"rotate": [
					{ "time": 0.1667 },
					{ "time": 1.0333, "angle": 8.04 },
					{ "time": 3.3333 }
				]
			}
		},
		"events": [
			{ "time": 0.7667, "name": "attack" }
		]
	},
	"attack3": {
		"slots": {
			"aa/10 (1)": {
				"color": [
					{ "color": "fe82ffff" }
				],
				"attachment": [
					{ "name": "aa/10 (1)" },
					{ "time": 0.1, "name": "aa/10 (3)" },
					{ "time": 0.2, "name": "aa/10 (5)" },
					{ "time": 0.3, "name": "aa/10 (7)" },
					{ "time": 0.4, "name": "aa/10 (9)" },
					{ "time": 0.5, "name": "aa/10 (11)" },
					{ "time": 0.6, "name": "aa/10 (13)" },
					{ "time": 0.6667, "name": "aa/10 (15)" },
					{ "time": 0.7333, "name": "aa/10 (17)" },
					{ "time": 0.8, "name": "aa/10 (19)" },
					{ "time": 0.8667, "name": "aa/10 (21)" },
					{ "time": 0.9333, "name": "aa/10 (23)" },
					{ "time": 1, "name": "aa/10 (25)" },
					{ "time": 1.0667, "name": null }
				]
			},
			"dd/0": {
				"color": [
					{ "time": 0.7667, "color": "ff9595ff" }
				],
				"attachment": [
					{ "time": 0.7667, "name": "dd/www0" },
					{ "time": 0.8333, "name": "dd/www1" },
					{ "time": 0.9, "name": "dd/www2" },
					{ "time": 0.9667, "name": "dd/www3" },
					{ "time": 1.0333, "name": "dd/www4" },
					{ "time": 1.1, "name": "dd/www5" },
					{ "time": 1.1667, "name": null }
				]
			},
			"xxx": {
				"color": [
					{ "color": "ffffff00" },
					{ "time": 0.0667, "color": "ffffffff", "curve": "stepped" },
					{ "time": 0.2, "color": "fffffffe" },
					{ "time": 0.2667, "color": "ffffff00" }
				],
				"attachment": [
					{ "name": "xxx" }
				]
			},
			"xxx2": {
				"color": [
					{ "color": "ffffff00" },
					{ "time": 0.1667, "color": "ffffffff", "curve": "stepped" },
					{ "time": 0.3, "color": "fffffffe" },
					{ "time": 0.3667, "color": "ffffff00" }
				],
				"attachment": [
					{ "name": "xxx" }
				]
			},
			"xxx3": {
				"color": [
					{ "color": "ffffff00", "curve": "stepped" },
					{ "time": 0.2667, "color": "ffffff00" },
					{ "time": 0.3333, "color": "ffffffff", "curve": "stepped" },
					{ "time": 0.4667, "color": "fffffffe" },
					{ "time": 0.5333, "color": "ffffff00" }
				],
				"attachment": [
					{ "name": "xxx" }
				]
			},
			"xxx4": {
				"color": [
					{ "color": "ffffff00", "curve": "stepped" },
					{ "time": 0.2667, "color": "ffffff00" },
					{ "time": 0.3333, "color": "ffffffff", "curve": "stepped" },
					{ "time": 0.4667, "color": "fffffffe" },
					{ "time": 0.5333, "color": "ffffff00" }
				],
				"attachment": [
					{ "name": "xxx" }
				]
			},
			"xxx5": {
				"color": [
					{ "color": "ffffff00", "curve": "stepped" },
					{ "time": 0.1667, "color": "ffffff00" },
					{ "time": 0.3333, "color": "ffffffff", "curve": "stepped" },
					{ "time": 0.4667, "color": "fffffffe" },
					{ "time": 0.5333, "color": "ffffff00" }
				],
				"attachment": [
					{ "name": "xxx" }
				]
			},
			"xxx6": {
				"color": [
					{ "color": "ffffff00", "curve": "stepped" },
					{ "time": 0.5333, "color": "ffffff00" },
					{ "time": 0.6, "color": "ffffffff", "curve": "stepped" },
					{ "time": 0.7333, "color": "fffffffe" },
					{ "time": 0.8, "color": "ffffff00" }
				],
				"attachment": [
					{ "name": "xxx" }
				]
			},
			"xxx7": {
				"color": [
					{ "color": "ffffff00", "curve": "stepped" },
					{ "time": 0.4333, "color": "ffffff00" },
					{ "time": 0.4667, "color": "ffffffff", "curve": "stepped" },
					{ "time": 0.5667, "color": "fffffffe" },
					{ "time": 0.6333, "color": "ffffff00" }
				],
				"attachment": [
					{ "name": "xxx" }
				]
			},
			"xxx8": {
				"color": [
					{ "color": "ffffff00", "curve": "stepped" },
					{ "time": 0.2667, "color": "ffffff00" },
					{ "time": 0.3333, "color": "ffffffff", "curve": "stepped" },
					{ "time": 0.4667, "color": "fffffffe" },
					{ "time": 0.5333, "color": "ffffff00" }
				],
				"attachment": [
					{ "name": "xxx" }
				]
			},
			"xxx9": {
				"color": [
					{ "color": "ffffff00", "curve": "stepped" },
					{ "time": 0.2667, "color": "ffffff00" },
					{ "time": 0.3333, "color": "ffffffff", "curve": "stepped" },
					{ "time": 0.4667, "color": "fffffffe" },
					{ "time": 0.5333, "color": "ffffff00" }
				],
				"attachment": [
					{ "name": "xxx" }
				]
			},
			"xxx10": {
				"color": [
					{ "color": "ffffff00", "curve": "stepped" },
					{ "time": 0.1333, "color": "ffffff00" },
					{ "time": 0.2333, "color": "ffffffff", "curve": "stepped" },
					{ "time": 0.3333, "color": "fffffffe" },
					{ "time": 0.4, "color": "ffffff00" }
				],
				"attachment": [
					{ "name": "xxx" }
				]
			},
			"xxx11": {
				"color": [
					{ "color": "ffffff00", "curve": "stepped" },
					{ "time": 0.3333, "color": "ffffff00" },
					{ "time": 0.4, "color": "ffffffff", "curve": "stepped" },
					{ "time": 0.5333, "color": "fffffffe" },
					{ "time": 0.6, "color": "ffffff00" }
				],
				"attachment": [
					{ "name": "xxx" }
				]
			}
		},
		"bones": {
			"bone": {
				"translate": [
					{},
					{ "time": 0.7, "y": -5.52 },
					{ "time": 0.8667 }
				]
			},
			"bone3": {
				"rotate": [
					{},
					{ "time": 0.5, "angle": 5.78 },
					{ "time": 0.8667 }
				]
			},
			"bone8": {
				"rotate": [
					{},
					{ "time": 0.7, "angle": 6.83 },
					{ "time": 0.8667 }
				]
			},
			"bone9": {
				"rotate": [
					{},
					{ "time": 0.7, "angle": -9.76 },
					{ "time": 0.8667 }
				]
			},
			"bone10": {
				"rotate": [
					{},
					{ "time": 0.7, "angle": 17.28 },
					{ "time": 0.7667, "angle": -37.48 },
					{ "time": 1.3333 }
				]
			},
			"bone11": {
				"rotate": [
					{},
					{ "time": 0.7, "angle": 15.02 },
					{ "time": 0.8, "angle": -57.19 },
					{ "time": 1.3333 }
				]
			},
			"bone12": {
				"rotate": [
					{},
					{ "time": 0.7, "angle": 17.69 },
					{ "time": 0.8333, "angle": -58.36 },
					{ "time": 1.3333 }
				]
			},
			"bone13": {
				"rotate": [
					{},
					{ "time": 0.7, "angle": 18.94 },
					{ "time": 0.9, "angle": -48.57 },
					{ "time": 1.3333 }
				]
			},
			"zuoqian": {
				"rotate": [
					{},
					{ "time": 0.7, "angle": -45.68 },
					{ "time": 0.8667, "angle": 11.76 },
					{ "time": 1.3333 }
				]
			},
			"bone17": {
				"rotate": [
					{},
					{ "time": 0.7, "angle": -17.47 },
					{ "time": 0.8667 }
				]
			},
			"bone18": {
				"rotate": [
					{},
					{ "time": 0.7, "angle": 3.58 },
					{ "time": 0.8667 }
				]
			},
			"youqian": {
				"rotate": [
					{},
					{ "time": 0.7, "angle": -31.44 },
					{ "time": 0.8667, "angle": 27.46 },
					{ "time": 1.3333 }
				]
			},
			"bone14": {
				"scale": [
					{ "x": 1.333 }
				]
			},
			"xain": {
				"translate": [
					{ "x": 33.24, "y": 31.8 },
					{ "time": 0.2667, "x": -143.79, "y": -156.98 }
				]
			},
			"xain2": {
				"translate": [
					{ "x": 33.24, "y": 31.8 },
					{ "time": 0.3667, "x": -57.82, "y": -278.96 }
				]
			},
			"xain3": {
				"rotate": [
					{ "angle": -22.79 }
				],
				"translate": [
					{ "time": 0.2, "x": 150.32, "y": 124.3 },
					{ "time": 0.5333, "x": -214.13, "y": -78.52 }
				]
			},
			"xain4": {
				"rotate": [
					{ "angle": -75.97 }
				],
				"translate": [
					{ "x": -151.77, "y": 148.88 },
					{ "time": 0.5333, "x": 231.26, "y": -63.6 }
				]
			},
			"xain5": {
				"rotate": [
					{ "angle": -140.36 }
				],
				"translate": [
					{ "x": 76.61, "y": 148.88 },
					{ "time": 0.5333, "x": 69.38, "y": -351.23 }
				]
			},
			"xain6": {
				"rotate": [
					{ "angle": -93.92 }
				],
				"translate": [
					{ "x": -106.96, "y": 219.7 },
					{ "time": 0.5, "x": -30.35, "y": 106.96 },
					{ "time": 0.8, "x": 231.26, "y": -183.57 }
				]
			},
			"xain7": {
				"rotate": [
					{ "angle": -18.94 },
					{ "time": 0.4333, "angle": -16.6 }
				],
				"translate": [
					{ "x": 33.24, "y": 31.8, "curve": "stepped" },
					{ "time": 0.4333, "x": 33.24, "y": 31.8 },
					{ "time": 0.6333, "x": -126.87, "y": -273.18 }
				]
			},
			"xain8": {
				"rotate": [
					{ "angle": -89.38 }
				],
				"translate": [
					{},
					{ "time": 0.5333, "x": -234, "y": 244.88 }
				]
			},
			"xain9": {
				"rotate": [
					{ "angle": -87.82 }
				],
				"translate": [
					{},
					{ "time": 0.5333, "x": 228.93, "y": 174.06 }
				]
			},
			"xain10": {
				"rotate": [
					{ "angle": -140.36 }
				],
				"translate": [
					{},
					{ "time": 0.4, "x": 9.85, "y": 403.69 }
				]
			},
			"xain11": {
				"rotate": [
					{ "angle": -96.54 }
				],
				"translate": [
					{},
					{ "time": 0.6, "x": -150.5, "y": 238.11 }
				]
			}
		}
	},
	"attack4": {
		"slots": {
			"ccc/lighting_09": {
				"attachment": [
					{ "name": "ccc/lighting_01" },
					{ "time": 0.1333, "name": "ccc/lighting_02" },
					{ "time": 0.2667, "name": "ccc/lighting_03" },
					{ "time": 0.4, "name": "ccc/lighting_04" },
					{ "time": 0.5333, "name": "ccc/lighting_05" },
					{ "time": 0.6667, "name": "ccc/lighting_06" },
					{ "time": 0.8, "name": "ccc/lighting_07" },
					{ "time": 0.9, "name": "ccc/lighting_04" }
				]
			},
			"fvd/npc_153": {
				"attachment": [
					{ "name": "fvd/npc_153" },
					{ "time": 0.1, "name": "fvd/npc_154" },
					{ "time": 0.2, "name": "fvd/npc_155" },
					{ "time": 0.3, "name": "fvd/npc_156" },
					{ "time": 0.4, "name": "fvd/npc_157" },
					{ "time": 0.5, "name": "fvd/npc_153" },
					{ "time": 0.6, "name": "fvd/npc_154" },
					{ "time": 0.7, "name": "fvd/npc_155" },
					{ "time": 0.8, "name": "fvd/npc_156" },
					{ "time": 0.9, "name": "fvd/npc_157" }
				]
			}
		},
		"bones": {
			"bone": {
				"scale": [
					{ "x": 1.3, "y": 1.3 }
				]
			},
			"bone3": {
				"rotate": [
					{},
					{ "time": 0.3, "angle": -2.49 },
					{ "time": 0.9 }
				]
			},
			"bone5": {
				"rotate": [
					{},
					{ "time": 0.7, "angle": 11.89 },
					{ "time": 0.9 }
				]
			},
			"bone6": {
				"rotate": [
					{},
					{ "time": 0.3, "angle": 16.45 },
					{ "time": 0.7, "angle": 27.82 },
					{ "time": 0.9 }
				]
			},
			"bone7": {
				"rotate": [
					{},
					{ "time": 0.3, "angle": -1.44 },
					{ "time": 0.7, "angle": -30.61 },
					{ "time": 0.9 }
				]
			},
			"bone10": {
				"rotate": [
					{},
					{ "time": 0.1333, "angle": 10.25 },
					{ "time": 0.6667, "angle": -17.79 },
					{ "time": 0.9 }
				]
			},
			"bone11": {
				"rotate": [
					{},
					{ "time": 0.2, "angle": 11.73 },
					{ "time": 0.7333, "angle": -13.48 },
					{ "time": 0.9 }
				]
			},
			"bone12": {
				"rotate": [
					{},
					{ "time": 0.2333, "angle": 3.22 },
					{ "time": 0.8, "angle": -30.05 },
					{ "time": 0.9 }
				]
			},
			"bone13": {
				"rotate": [
					{},
					{ "time": 0.2667, "angle": 25.38 },
					{ "time": 0.8333, "angle": -16.73 },
					{ "time": 0.9 }
				]
			},
			"zuoqian": {
				"rotate": [
					{},
					{ "time": 0.2, "angle": 10.27 },
					{ "time": 0.9 }
				]
			},
			"bone15": {
				"rotate": [
					{},
					{ "time": 0.1333, "angle": 19.34 },
					{ "time": 0.9 }
				]
			},
			"bone16": {
				"rotate": [
					{},
					{ "time": 0.1333, "angle": -29.33 },
					{ "time": 0.9 }
				]
			},
			"bone23": {
				"rotate": [
					{},
					{ "time": 0.3, "angle": 16.45 },
					{ "time": 0.7, "angle": 27.82 },
					{ "time": 0.9 }
				]
			},
			"bone24": {
				"rotate": [
					{},
					{ "time": 0.3, "angle": -1.44 },
					{ "time": 0.7, "angle": -30.61 },
					{ "time": 0.9 }
				]
			},
			"youqian": {
				"rotate": [
					{},
					{ "time": 0.7, "angle": 11.89 },
					{ "time": 0.9 }
				]
			},
			"bone26": {
				"rotate": [
					{},
					{ "time": 0.1333, "angle": 19.34 },
					{ "time": 0.9 }
				]
			},
			"bone27": {
				"rotate": [
					{},
					{ "time": 0.1333, "angle": -29.33 },
					{ "time": 0.9 }
				]
			},
			"bone25": {
				"rotate": [
					{},
					{ "time": 0.2, "angle": 10.27 },
					{ "time": 0.9 }
				]
			},
			"bone56": {
				"translate": [
					{ "x": -575.91, "y": -63.03 }
				],
				"scale": [
					{ "x": 4, "y": 4 }
				]
			}
		}
	},
	"bashou": {
		"slots": {
			"13": {
				"attachment": [
					{ "name": null }
				]
			},
			"a": {
				"attachment": [
					{ "name": null }
				]
			},
			"b": {
				"attachment": [
					{ "name": null }
				]
			},
			"b1/aa2": {
				"attachment": [
					{ "time": 0.6667, "name": "b1/aa2" },
					{ "time": 0.7333, "name": "b1/aa3" },
					{ "time": 0.8, "name": "b1/aa4" },
					{ "time": 0.8333, "name": null }
				]
			},
			"banshou2": {
				"attachment": [
					{ "name": "banshou2" }
				]
			},
			"banshouyy": {
				"attachment": [
					{ "name": "banshouyy" }
				]
			},
			"bbb/0": {
				"attachment": [
					{ "time": 0.5, "name": "bbb/0" },
					{ "time": 0.6, "name": "bbb/1" },
					{ "time": 0.7, "name": "bbb/2" },
					{ "time": 0.8, "name": "bbb/3" },
					{ "time": 0.9, "name": "bbb/4" },
					{ "time": 1, "name": "bbb/5" },
					{ "time": 1.0667, "name": null }
				]
			},
			"body": {
				"attachment": [
					{ "name": null }
				]
			},
			"ccc/lighting_09": {
				"attachment": [
					{ "time": 0.6, "name": "ccc/lighting_01" },
					{ "time": 0.7333, "name": "ccc/lighting_02" },
					{ "time": 0.8667, "name": "ccc/lighting_03" },
					{ "time": 1.0333, "name": "ccc/lighting_04" },
					{ "time": 1.1667, "name": null }
				]
			},
			"d": {
				"attachment": [
					{ "name": null }
				]
			},
			"f2": {
				"attachment": [
					{ "name": null }
				]
			},
			"g": {
				"attachment": [
					{ "name": null }
				]
			},
			"h": {
				"attachment": [
					{ "name": null }
				]
			},
			"j2": {
				"attachment": [
					{ "name": null }
				]
			},
			"qiu1": {
				"attachment": [
					{ "name": null }
				]
			},
			"qiu2": {
				"attachment": [
					{ "name": null }
				]
			},
			"qiu3": {
				"attachment": [
					{ "name": null }
				]
			},
			"qqq": {
				"color": [
					{ "time": 0.5667, "color": "ffffffff" },
					{ "time": 0.7333, "color": "ffffffdd" },
					{ "time": 0.8667, "color": "ffffff00" }
				],
				"attachment": [
					{ "time": 0.5667, "name": "qqq" }
				]
			},
			"sd/01": {
				"attachment": [
					{ "name": "sd/01" },
					{ "time": 0.1333, "name": "sd/02" },
					{ "time": 0.2667, "name": "sd/03" },
					{ "time": 0.4, "name": "sd/04" },
					{ "time": 0.5333, "name": "sd/05" },
					{ "time": 0.6667, "name": "sd/06" },
					{ "time": 0.8, "name": "sd/07" },
					{ "time": 0.9333, "name": "sd/08" },
					{ "time": 1.0667, "name": "sd/09" },
					{ "time": 1.2, "name": "sd/10" },
					{ "time": 1.3333, "name": "sd/11" },
					{ "time": 1.4667, "name": "sd/12" }
				]
			},
			"sd/a1": {
				"attachment": [
					{ "time": 0.7, "name": "sd/a1" },
					{ "time": 0.7667, "name": "sd/a2" },
					{ "time": 0.8333, "name": "sd/a3" },
					{ "time": 0.9, "name": "sd/a4" },
					{ "time": 0.9667, "name": "sd/a5" },
					{ "time": 1.0333, "name": "sd/a6" },
					{ "time": 1.1, "name": null }
				]
			},
			"sd/a2": {
				"attachment": [
					{ "time": 0.6333, "name": "sd/a1" },
					{ "time": 0.7, "name": "sd/a2" },
					{ "time": 0.7667, "name": "sd/a3" },
					{ "time": 0.8333, "name": "sd/a4" },
					{ "time": 0.9, "name": "sd/a5" },
					{ "time": 0.9667, "name": "sd/a6" },
					{ "time": 1.0333, "name": null }
				]
			},
			"sd/a3": {
				"attachment": [
					{ "time": 0.7667, "name": "sd/a1" },
					{ "time": 0.8333, "name": "sd/a2" },
					{ "time": 0.9, "name": "sd/a3" },
					{ "time": 0.9667, "name": "sd/a4" },
					{ "time": 1.0333, "name": "sd/a5" },
					{ "time": 1.1, "name": "sd/a6" },
					{ "time": 1.1667, "name": null }
				]
			},
			"图层组56": {
				"attachment": [
					{ "name": null }
				]
			},
			"图层组57": {
				"attachment": [
					{ "name": null }
				]
			},
			"图层组62": {
				"attachment": [
					{ "name": null }
				]
			},
			"尾巴2": {
				"attachment": [
					{ "name": null }
				]
			},
			"扳手2": {
				"attachment": [
					{ "name": null }
				]
			},
			"椭圆 1": {
				"attachment": [
					{ "name": null }
				]
			}
		},
		"bones": {
			"bone54": {
				"translate": [
					{ "x": -70.78, "y": 36.09 }
				],
				"scale": [
					{ "x": 1.5, "y": 1.25 }
				]
			},
			"bone55": {
				"translate": [
					{ "time": 0.5, "x": -31.37, "y": -17.65 }
				],
				"scale": [
					{ "time": 0.5, "x": 2.5, "y": 2.5 }
				]
			},
			"bone56": {
				"translate": [
					{ "time": 0.6, "x": -17.49, "y": 122.05 }
				],
				"scale": [
					{ "time": 0.6, "x": 5, "y": 5 }
				]
			},
			"bone4": {
				"rotate": [
					{ "angle": -0.82 }
				],
				"translate": [
					{ "x": -564.37, "y": -55.74 }
				],
				"scale": [
					{ "x": 1.3, "y": 1.3 }
				]
			},
			"bone29": {
				"translate": [
					{ "x": -175.85, "y": -15.44 }
				],
				"scale": [
					{ "x": 1.3, "y": 1.3 }
				]
			},
			"bone58": {
				"rotate": [
					{ "time": 0.7, "angle": -66.46 }
				],
				"translate": [
					{ "time": 0.7, "x": 459.53, "y": 16.44 }
				],
				"scale": [
					{ "time": 0.7, "x": 3, "y": 2.8 }
				]
			},
			"bone59": {
				"rotate": [
					{ "time": 0.6333, "angle": 58.1 }
				],
				"translate": [
					{ "time": 0.6333, "x": 577.03, "y": -36.76 }
				],
				"scale": [
					{ "time": 0.6333, "x": 3, "y": 2.6 }
				]
			},
			"bone60": {
				"rotate": [
					{ "angle": 0.1 },
					{ "time": 0.7667, "angle": 2.33 }
				],
				"translate": [
					{ "time": 0.7667, "x": 577.03, "y": -36.76 }
				],
				"scale": [
					{ "time": 0.7667, "x": 3, "y": 2.4 }
				]
			},
			"bone31": {
				"scale": [
					{ "time": 0.5667, "x": 3, "y": 3 },
					{ "time": 0.8667, "x": 3.8, "y": 3.8 }
				]
			},
			"bone32": {
				"translate": [
					{ "time": 0.6, "y": 54.74 }
				],
				"scale": [
					{ "time": 0.6, "x": 1.8, "y": 1.8 },
					{ "time": 0.8333, "x": 2.4, "y": 2.4 }
				]
			}
		}
	},
	"die": {
		"slots": {
			"13": {
				"color": [
					{ "color": "ffffffff" },
					{ "time": 0.4, "color": "ffffffb2" },
					{ "time": 0.6333, "color": "ffffff01" }
				]
			},
			"a": {
				"color": [
					{ "time": 0.4, "color": "ffffffff" },
					{ "time": 0.6333, "color": "ffffff00" }
				]
			},
			"b": {
				"color": [
					{ "time": 0.4, "color": "ffffffff" },
					{ "time": 0.6333, "color": "ffffff00" }
				]
			},
			"body": {
				"color": [
					{ "time": 0.4667, "color": "ffffffff" },
					{ "time": 0.6333, "color": "ffffff00" }
				]
			},
			"d": {
				"color": [
					{ "time": 0.4, "color": "ffffffff" },
					{ "time": 0.6333, "color": "ffffff00" }
				]
			},
			"f2": {
				"color": [
					{ "time": 0.4, "color": "ffffffff" },
					{ "time": 0.6333, "color": "ffffff00" }
				]
			},
			"g": {
				"color": [
					{ "time": 0.4, "color": "ffffffff" },
					{ "time": 0.6333, "color": "ffffff00" }
				]
			},
			"h": {
				"color": [
					{ "time": 0.4, "color": "ffffffff" },
					{ "time": 0.6333, "color": "ffffff00" }
				]
			},
			"j2": {
				"color": [
					{ "time": 0.4, "color": "ffffffff" },
					{ "time": 0.6333, "color": "ffffff00" }
				]
			},
			"qiu1": {
				"color": [
					{ "time": 0.3333, "color": "ffffffff" },
					{ "time": 0.6333, "color": "ffffff00" }
				]
			},
			"qiu2": {
				"color": [
					{ "time": 0.4, "color": "ffffffff" },
					{ "time": 0.6333, "color": "ffffff00" }
				]
			},
			"qiu3": {
				"color": [
					{ "time": 0.4, "color": "ffffffff" },
					{ "time": 0.6333, "color": "ffffff00" }
				]
			},
			"图层组56": {
				"color": [
					{ "time": 0.2667, "color": "ffffffff" },
					{ "time": 0.6333, "color": "ffffff00" }
				]
			},
			"图层组57": {
				"color": [
					{ "time": 0.3667, "color": "ffffffff" },
					{ "time": 0.6333, "color": "ffffff00" }
				]
			},
			"图层组58": {
				"color": [
					{ "time": 0.4, "color": "ffffffff" },
					{ "time": 0.6333, "color": "ffffff00" }
				]
			},
			"图层组59": {
				"color": [
					{ "time": 0.4, "color": "ffffffff" },
					{ "time": 0.6333, "color": "ffffff00" }
				]
			},
			"图层组60": {
				"color": [
					{ "time": 0.3333, "color": "ffffffff" },
					{ "time": 0.6333, "color": "ffffff00" }
				]
			},
			"图层组62": {
				"color": [
					{ "time": 0.4667, "color": "ffffffff" },
					{ "time": 0.6333, "color": "ffffff04" }
				]
			},
			"尾巴2": {
				"color": [
					{ "time": 0.2667, "color": "ffffffff" },
					{ "time": 0.6333, "color": "ffffff00" }
				]
			},
			"扳手": {
				"color": [
					{ "time": 0.2667, "color": "ffffffff" },
					{ "time": 0.6333, "color": "ffffff00" }
				]
			},
			"扳手2": {
				"color": [
					{ "time": 0.2667, "color": "ffffffff" },
					{ "time": 0.6333, "color": "ffffff00" }
				]
			},
			"扳手3": {
				"color": [
					{ "time": 0.2667, "color": "ffffffff" },
					{ "time": 0.6333, "color": "ffffff00" }
				]
			},
			"扳手4": {
				"color": [
					{ "time": 0.2667, "color": "ffffffff" },
					{ "time": 0.6333, "color": "ffffff00" }
				]
			},
			"扳手5": {
				"color": [
					{ "time": 0.2667, "color": "ffffffff" },
					{ "time": 0.6333, "color": "ffffff00" }
				]
			},
			"扳手6": {
				"color": [
					{ "time": 0.2667, "color": "ffffffff" },
					{ "time": 0.6333, "color": "ffffff00" }
				]
			},
			"扳手7": {
				"color": [
					{ "time": 0.2667, "color": "ffffffff" },
					{ "time": 0.6333, "color": "ffffff00" }
				]
			},
			"扳手8": {
				"color": [
					{ "time": 0.2667, "color": "ffffffff" },
					{ "time": 0.6333, "color": "ffffff00" }
				]
			},
			"扳手9": {
				"color": [
					{ "time": 0.2667, "color": "ffffffff" },
					{ "time": 0.6333, "color": "ffffff00" }
				]
			},
			"椭圆 1": {
				"color": [
					{ "color": "ffffffff" },
					{ "time": 0.5667, "color": "ffffff00" }
				]
			}
		},
		"bones": {
			"bone": {
				"translate": [
					{},
					{ "time": 0.2, "y": -19.57 }
				]
			},
			"bone5": {
				"rotate": [
					{},
					{ "time": 0.2, "angle": 7.77 }
				]
			},
			"bone8": {
				"rotate": [
					{},
					{ "time": 0.2, "angle": 40.05 },
					{ "time": 0.2667, "angle": 59.4 },
					{ "time": 0.3333, "angle": 40.05 }
				],
				"translate": [
					{ "time": 0.2 },
					{ "time": 0.2667, "y": 8.26 },
					{ "time": 0.3333, "x": 26.21, "y": -15.86 }
				]
			},
			"bone9": {
				"rotate": [
					{},
					{ "time": 0.2, "angle": -55.22 }
				]
			},
			"bone10": {
				"rotate": [
					{},
					{ "time": 0.2, "angle": -75.11 }
				]
			},
			"bone12": {
				"rotate": [
					{},
					{ "time": 0.2, "angle": -13.34 },
					{ "time": 0.2667, "angle": 6.53 },
					{ "time": 0.3333, "angle": -13.34 }
				],
				"translate": [
					{ "time": 0.2 },
					{ "time": 0.3333, "x": 14.24, "y": 4.37 }
				]
			},
			"bone13": {
				"rotate": [
					{ "time": 0.2 },
					{ "time": 0.2667, "angle": 26.17 },
					{ "time": 0.3333 }
				],
				"translate": [
					{ "time": 0.2 },
					{ "time": 0.3333, "x": 26.01, "y": -14.31 }
				]
			},
			"zuoqian": {
				"rotate": [
					{},
					{ "time": 0.2, "angle": 12.17 }
				]
			},
			"bone18": {
				"rotate": [
					{},
					{ "time": 0.2, "angle": 30.78 }
				]
			},
			"youqian": {
				"rotate": [
					{},
					{ "time": 0.2, "angle": 15.42 },
					{ "time": 0.2667, "angle": 0.29 },
					{ "time": 0.3333, "angle": 15.42 }
				],
				"translate": [
					{ "time": 0.2 },
					{ "time": 0.2667, "y": 13.55 },
					{ "time": 0.3333 }
				]
			},
			"bone24": {
				"translate": [
					{ "time": 0.2 },
					{ "time": 0.3333, "x": 45.75, "y": 14.99 }
				]
			},
			"bone37": {
				"rotate": [
					{},
					{ "time": 0.2, "angle": 85.43 },
					{ "time": 0.2667, "angle": 62.13 },
					{ "time": 0.3333, "angle": 85.43 }
				],
				"translate": [
					{},
					{ "time": 0.2, "x": -8.87, "y": 139.15 },
					{ "time": 0.2667, "x": 10.75, "y": 127.35 },
					{ "time": 0.3333, "x": -8.87, "y": 139.15 }
				]
			},
			"bone11": {
				"rotate": [
					{ "time": 0.2, "angle": -37.14 }
				],
				"translate": [
					{ "time": 0.3333, "x": 9.04, "y": 1 }
				]
			}
		}
	},
	"walk": {
		"bones": {
			"bone": {
				"rotate": [
					{},
					{ "time": 0.3333, "angle": -1.3 },
					{ "time": 0.6667 }
				]
			},
			"bone3": {
				"rotate": [
					{},
					{ "time": 0.3, "angle": -2.49 },
					{ "time": 0.6667 }
				]
			},
			"bone5": {
				"rotate": [
					{},
					{ "time": 0.4667, "angle": 11.89 },
					{ "time": 0.6667 }
				]
			},
			"bone6": {
				"rotate": [
					{},
					{ "time": 0.3, "angle": 16.45 },
					{ "time": 0.4667, "angle": 27.82 },
					{ "time": 0.6667 }
				]
			},
			"bone7": {
				"rotate": [
					{},
					{ "time": 0.3, "angle": -1.44 },
					{ "time": 0.4667, "angle": -30.61 },
					{ "time": 0.6667 }
				]
			},
			"bone8": {
				"rotate": [
					{},
					{ "time": 0.1667, "angle": -28.99 },
					{ "time": 0.5333, "angle": 11.81 },
					{ "time": 0.6667 }
				]
			},
			"bone9": {
				"rotate": [
					{},
					{ "time": 0.4333, "angle": 56.61 },
					{ "time": 0.6667 }
				],
				"translate": [
					{},
					{ "time": 0.4333, "x": -0.09, "y": -1.6 },
					{ "time": 0.6667 }
				]
			},
			"bone10": {
				"rotate": [
					{},
					{ "time": 0.1333, "angle": 10.25 },
					{ "time": 0.4333, "angle": -17.79 },
					{ "time": 0.6667 }
				]
			},
			"bone11": {
				"rotate": [
					{},
					{ "time": 0.2, "angle": 11.73 },
					{ "time": 0.5, "angle": -13.48 },
					{ "time": 0.6667 }
				]
			},
			"bone12": {
				"rotate": [
					{},
					{ "time": 0.2333, "angle": 3.22 },
					{ "time": 0.5667, "angle": -30.05 },
					{ "time": 0.6667 }
				]
			},
			"bone13": {
				"rotate": [
					{},
					{ "time": 0.2667, "angle": 25.38 },
					{ "time": 0.6, "angle": -16.73 },
					{ "time": 0.6667 }
				]
			},
			"zuoqian": {
				"rotate": [
					{},
					{ "time": 0.2, "angle": 10.27 },
					{ "time": 0.6667 }
				]
			},
			"bone15": {
				"rotate": [
					{},
					{ "time": 0.1333, "angle": 19.34 },
					{ "time": 0.6667 }
				]
			},
			"bone16": {
				"rotate": [
					{},
					{ "time": 0.1333, "angle": -29.33 },
					{ "time": 0.6667 }
				]
			},
			"bone17": {
				"rotate": [
					{},
					{ "time": 0.2, "angle": 15.64 },
					{ "time": 0.5333, "angle": -6.37 },
					{ "time": 0.6667 }
				]
			},
			"bone18": {
				"rotate": [
					{},
					{ "time": 0.4667, "angle": -55.89 },
					{ "time": 0.6667 }
				],
				"translate": [
					{},
					{ "time": 0.4667, "y": 10.83 },
					{ "time": 0.6667 }
				]
			},
			"bone23": {
				"rotate": [
					{},
					{ "time": 0.3, "angle": 16.45 },
					{ "time": 0.4667, "angle": 27.82 },
					{ "time": 0.6667 }
				]
			},
			"bone24": {
				"rotate": [
					{},
					{ "time": 0.3, "angle": -1.44 },
					{ "time": 0.4667, "angle": -30.61 },
					{ "time": 0.6667 }
				]
			},
			"youqian": {
				"rotate": [
					{},
					{ "time": 0.4667, "angle": 11.89 },
					{ "time": 0.6667 }
				]
			},
			"bone26": {
				"rotate": [
					{},
					{ "time": 0.1333, "angle": 19.34 },
					{ "time": 0.6667 }
				]
			},
			"bone27": {
				"rotate": [
					{},
					{ "time": 0.1333, "angle": -29.33 },
					{ "time": 0.6667 }
				]
			},
			"bone25": {
				"rotate": [
					{},
					{ "time": 0.2, "angle": 10.27 },
					{ "time": 0.6667 }
				]
			}
		},
		"deform": {
			"skin1": {
				"body": {
					"body11": [
						{},
						{
							"time": 0.3333,
							"vertices": [ -0.17092, -2.91988, -2.29795, 1.8095, -0.17092, -2.91988, -2.29795, 1.8095, -0.17092, -2.91988, -2.29795, 1.8095, 0, -2.92487, -2.29795, 1.8095, 0, -2.92487, -2.29795, 1.8095, 0, -2.92487, -2.29795, 1.8095, 0, -2.92487, -2.29795, 1.8095, 0, -2.92487, -0.17092, -2.91988, -2.29795, 1.8095, 0, -2.92487, -0.17092, -2.91988, -2.29795, 1.8095, 0, -2.92487, -0.17092, -2.91988, -2.29795, 1.8095, 0, -2.92487, -0.17092, -2.91988, -2.29795, 1.8095, 0, -2.92487, -0.17092, -2.91988, -2.29795, 1.8095, 0, -2.92487, -0.17092, -2.91988, 0, -2.92487, -0.17092, -2.91988, 0, -2.92487, -0.17092, -2.91988, 0, -2.92487, -0.17092, -2.91988, 0, -2.92487, -0.17092, -2.91988, -2.29795, 1.8095, -0.17092, -2.91988, -2.29795, 1.8095, -0.17092, -2.91988, -2.29795, 1.8095, -0.17092, -2.91988, -2.29795, 1.8095, -0.17092, -2.91988, -2.29795, 1.8095 ]
						},
						{ "time": 0.6667 }
					]
				}
			}
		}
	}
}
}