{"skeleton":{"hash":"dzbKUUmOGhs","spine":"3.8-from-4.0-from-4.1.17","x":-142.19,"y":-61.83,"width":275,"height":314,"images":"./images/","audio":"E:/游戏项目/蛋壳特工队/spine/装备界面"},"bones":[{"name":"root"},{"name":"bone","parent":"root"},{"name":"bone2","parent":"bone","x":25.5,"y":-25.41},{"name":"bone3","parent":"bone","x":-137.16,"y":7.26},{"name":"bone4","parent":"bone","x":126.29,"y":10.74},{"name":"bone5","parent":"bone","x":106.13,"y":76.77},{"name":"bone6","parent":"bone","x":112.39,"y":150.46},{"name":"bone7","parent":"bone","x":128.38,"y":219.97},{"name":"bone8","parent":"bone","x":-101.01,"y":-7.64},{"name":"bone9","parent":"bone","x":108.91,"y":7.26},{"name":"bone10","parent":"root","x":-112.44,"y":-31.63},{"name":"bone11","parent":"root","x":-37.24,"y":225.05},{"name":"bone12","parent":"root","x":-129.23,"y":223.83},{"name":"bone13","parent":"root","x":-122.2,"y":135.61},{"name":"bone14","parent":"root","x":-41.07,"y":45.1},{"name":"bone15","parent":"root","x":-112.48,"y":84.49}],"slots":[{"name":"组 1","bone":"root"},{"name":"1","bone":"root","blend":"additive"},{"name":"2","bone":"bone2","attachment":"2","blend":"additive"},{"name":"3","bone":"bone14","attachment":"3","blend":"additive"},{"name":"4","bone":"bone15","attachment":"4","blend":"additive"},{"name":"5","bone":"bone13","attachment":"5","blend":"additive"},{"name":"6","bone":"bone12","attachment":"6","blend":"additive"},{"name":"7","bone":"bone11","attachment":"7","blend":"additive"},{"name":"8","bone":"bone6","attachment":"8","blend":"additive"},{"name":"9","bone":"bone9","attachment":"9","blend":"additive"},{"name":"11","bone":"bone10","attachment":"11","blend":"additive"},{"name":"111","bone":"bone3","attachment":"111","blend":"additive"},{"name":"112","bone":"bone3","attachment":"112","blend":"additive"},{"name":"23","bone":"bone4","attachment":"23","blend":"additive"},{"name":"423","bone":"bone8","attachment":"423","blend":"additive"},{"name":"ww","bone":"bone4","attachment":"ww","blend":"additive"},{"name":"iik","bone":"bone7","attachment":"iik","blend":"additive"},{"name":"l","bone":"bone5","attachment":"l"},{"name":"top","bone":"root"}],"skins":[{"name":"default","attachments":{"2":{"2":{"x":-0.69,"y":4.58,"width":10,"height":82}},"3":{"3":{"x":0.88,"y":-1.94,"width":8,"height":70}},"4":{"4":{"x":-0.21,"y":0.18,"width":9,"height":11}},"5":{"5":{"x":0.01,"y":-0.44,"width":8,"height":8}},"6":{"6":{"x":0.54,"y":-0.66,"width":11,"height":10}},"7":{"7":{"x":1.05,"y":0.12,"width":14,"height":14}},"8":{"8":{"x":-0.08,"y":1.21,"width":13,"height":15}},"9":{"9":{"x":0.4,"y":-0.09,"width":9,"height":10}},"11":{"11":{"x":-0.75,"y":-1.2,"width":8,"height":8}},"23":{"23":{"x":1.52,"y":-27.07,"width":10,"height":49}},"111":{"111":{"x":-0.03,"y":-3.59,"width":10,"height":93}},"112":{"112":{"x":-0.03,"y":76.41,"width":10,"height":71}},"423":{"423":{"x":0.32,"y":-0.09,"width":9,"height":46}},"iik":{"iik":{"x":-0.56,"y":0.2,"width":10,"height":64}},"l":{"l":{"x":0.18,"y":-0.11,"width":7,"height":117}},"ww":{"ww":{"x":1.52,"y":28.43,"width":10,"height":64}}}}],"animations":{"animation":{"slots":{"2":{"color":[{"color":"ffffff00"},{"time":0.0667,"color":"ffffffff"},{"time":0.2667,"color":"ffffff00"},{"time":0.3333,"color":"ffffffff"},{"time":0.4667,"color":"ffffff00"}]},"3":{"color":[{"color":"ffffff00","curve":"stepped"},{"time":0.2667,"color":"ffffff00"},{"time":0.3,"color":"ffffffff"},{"time":0.6667,"color":"ffffffd3"},{"time":0.7333,"color":"ffffff00"}]},"4":{"color":[{"color":"ffffff00"}]},"5":{"color":[{"color":"ffffff00","curve":"stepped"},{"time":0.6333,"color":"ffffff00"},{"time":0.6667,"color":"ffffffff"},{"time":1.1,"color":"ffffff00"}]},"6":{"color":[{"color":"ffffff00","curve":"stepped"},{"time":0.3667,"color":"ffffff00"},{"time":0.4333,"color":"ffffffff"},{"time":0.8,"color":"ffffffcb"},{"time":0.8667,"color":"ffffff00"}]},"7":{"color":[{"color":"ffffff00","curve":"stepped"},{"time":0.4333,"color":"ffffff00"},{"time":0.4667,"color":"ffffffff"},{"time":0.7667,"color":"ffffffd4"},{"time":0.8667,"color":"ffffff00"}]},"8":{"color":[{"color":"ffffff00","curve":"stepped"},{"time":0.3,"color":"ffffff00"},{"time":0.3333,"color":"ffffffff"},{"time":0.5667,"color":"ffffffd8"},{"time":0.6667,"color":"ffffff00"}]},"9":{"color":[{"color":"ffffff00"},{"time":0.4667,"color":"ffffffff"},{"time":0.6667,"color":"ffffff00"}]},"11":{"color":[{"color":"ffffff00","curve":"stepped"},{"time":0.7333,"color":"ffffff00"},{"time":0.7667,"color":"ffffffff"},{"time":0.9333,"color":"ffffffc1"},{"time":1.0667,"color":"ffffff00"}]},"23":{"color":[{"color":"ffffff00","curve":"stepped"},{"time":0.5333,"color":"ffffff00"},{"time":0.6,"color":"ffffffff"},{"time":1.0333,"color":"ffffffcc"},{"time":1.1,"color":"ffffff00"}]},"111":{"color":[{"color":"ffffff00","curve":"stepped"},{"time":0.1333,"color":"ffffff00"},{"time":0.4333,"color":"ffffffff"},{"time":0.6667,"color":"ffffff00"}]},"112":{"color":[{"color":"ffffff00"},{"time":0.1333,"color":"ffffffff"},{"time":0.4333,"color":"ffffffda"},{"time":0.6667,"color":"ffffff00"}]},"423":{"color":[{"color":"ffffff00","curve":"stepped"},{"time":0.5667,"color":"ffffff00"},{"time":0.6333,"color":"ffffffff"},{"time":0.9,"color":"ffffffd5"},{"time":1.0333,"color":"ffffff00"}]},"iik":{"color":[{"color":"ffffff00","curve":"stepped"},{"time":0.2,"color":"ffffff00"},{"time":0.2667,"color":"ffffffff"},{"time":0.6667,"color":"ffffff00"}]},"l":{"color":[{"color":"ffffff00"},{"time":0.0667,"color":"ffffffff"},{"time":0.3667,"color":"ffffffd2"},{"time":0.4,"color":"ffffff00"}]},"ww":{"color":[{"color":"ffffff00","curve":"stepped"},{"time":0.5333,"color":"ffffff00"},{"time":0.6,"color":"ffffffff"},{"time":1.1,"color":"ffffff00"}]}},"bones":{"bone2":{"translate":[{},{"time":0.4667,"y":256.11}]},"bone9":{"translate":[{},{"time":0.6667,"y":122.61}]},"bone4":{"translate":[{"time":0.5333},{"time":1.1,"y":268.19}]},"bone5":{"translate":[{},{"time":0.4,"y":140.63}]},"bone3":{"translate":[{"y":-45.27},{"time":0.6667,"y":212.75}]},"bone8":{"translate":[{"time":0.5667},{"time":1.0333,"y":146.98}]},"bone6":{"translate":[{"time":0.3333},{"time":0.6667,"y":103.86}]},"bone7":{"translate":[{"y":-131.21,"curve":"stepped"},{"time":0.2,"y":-131.21},{"time":0.6667}]},"bone11":{"translate":[{"y":-189.4,"curve":"stepped"},{"time":0.4667,"y":-189.4},{"time":0.9667}]},"bone12":{"translate":[{"y":-206.43,"curve":"stepped"},{"time":0.3667,"y":-206.43},{"time":0.8667}]},"bone13":{"translate":[{"time":0.6333,"y":-133.72},{"time":1.1,"y":49.98}]},"bone14":{"translate":[{"time":0.2667},{"time":0.7333,"y":256.11}]},"bone15":{"translate":[{"y":-189.4,"curve":"stepped"},{"time":0.3667,"y":-189.4},{"time":0.8667}]},"bone10":{"translate":[{"time":0.7667},{"time":1.0667,"y":149.27}]}}}}}