{"skeleton":{"hash":"iWD1qdO+jEo","spine":"3.8-from-4.0-from-4.1.17","x":-361.59,"y":-627.97,"width":728.38,"height":1000,"images":"./images/","audio":"E:/游戏项目/蛋壳特工队/spine/胜利界面"},"bones":[{"name":"root"},{"name":"bone","parent":"root","x":1.13,"y":17.13},{"name":"h","parent":"root"},{"name":"b","parent":"h"},{"name":"bg","parent":"root"},{"name":"bone23","parent":"root","x":-184.97,"y":15.99,"color":"ff2929ff"},{"name":"bone8","parent":"bone23","x":8.85,"y":22.96},{"name":"bone9","parent":"bone23","x":-34.63,"y":17.97},{"name":"bone10","parent":"bone23","x":-3.06,"y":40.13},{"name":"bone11","parent":"bone23","x":-50.14,"y":-22.18},{"name":"bone12","parent":"root","x":-163.94,"y":-35.06},{"name":"bone13","parent":"root","x":123.59,"y":56.52},{"name":"bone15","parent":"root","x":90.54,"y":-60.48},{"name":"bone14","parent":"bone15","x":12.49,"color":"ff0000ff"},{"name":"bone16","parent":"bone15","x":1.51,"color":"ff0000ff"},{"name":"bone17","parent":"bone15","x":-9.48,"color":"ff0000ff"},{"name":"bone18","parent":"bone15","x":-19.94,"color":"ff0000ff"},{"name":"bone19","parent":"bone23","x":-107.24,"y":-36.28},{"name":"bone20","parent":"bone23","x":-29.95,"y":-39.2},{"name":"bone21","parent":"bone23","x":-189.94,"y":34.93},{"name":"bone22","parent":"bone23","x":-205.44,"y":9.06},{"name":"bone24","parent":"bone23","x":-99.64,"y":48.48},{"name":"bone25","parent":"bone23","x":238.21,"y":-19.7},{"name":"bone26","parent":"bone23","x":-183.28,"y":17.97},{"name":"bone27","parent":"bone23","x":258.66,"y":-36.28},{"name":"bone28","parent":"bone23","x":256.26,"y":17.97},{"name":"bone29","parent":"bone23","x":172.53,"y":14.38},{"name":"bone30","parent":"root","x":-105.34,"y":-60.48,"scaleX":-1},{"name":"bone31","parent":"bone30","x":12.49,"color":"ff0000ff"},{"name":"bone32","parent":"bone30","x":1.51,"color":"ff0000ff"},{"name":"bone33","parent":"bone30","x":-9.48,"color":"ff0000ff"},{"name":"bone34","parent":"bone30","x":-19.94,"color":"ff0000ff"},{"name":"bone2","parent":"root","x":-5.24,"y":9.96,"scaleX":2,"scaleY":2,"color":"ffed12ff"},{"name":"bone3","parent":"root","x":-5.24,"y":9.96,"color":"ffed12ff"},{"name":"bone37","parent":"bone23","x":-187.75,"y":27.38},{"name":"bone38","parent":"root","x":1.13,"y":17.13,"color":"ff3232ff"},{"name":"bone4","parent":"bone","rotation":27.19,"x":-5.97,"y":-1.65},{"name":"bone5","parent":"bone","x":129.78,"y":50.62,"scaleX":1.2,"scaleY":1.2},{"name":"bone6","parent":"root"},{"name":"yy","parent":"root","scaleX":1.5,"scaleY":1.5},{"name":"bone7","parent":"root"},{"name":"zz","parent":"root","rotation":-38.9,"x":16.72,"y":17.61,"color":"01ffe4ff"},{"name":"zz2","parent":"root","x":16.72,"y":17.61,"color":"01ffe4ff"},{"name":"zz3","parent":"root","x":16.72,"y":17.61,"color":"01ffe4ff"},{"name":"zz4","parent":"root","rotation":-54.54,"x":16.72,"y":17.61,"color":"01ffe4ff"},{"name":"zz5","parent":"root","rotation":-54.54,"x":16.72,"y":17.61,"color":"01ffe4ff"},{"name":"zz6","parent":"root","rotation":-100.39,"x":16.72,"y":17.61,"color":"01ffe4ff"},{"name":"zz7","parent":"root","rotation":-100.39,"x":16.72,"y":17.61,"color":"01ffe4ff"},{"name":"zz8","parent":"root","rotation":-54.54,"x":16.72,"y":17.61,"color":"01ffe4ff"},{"name":"zz9","parent":"root","rotation":-100.39,"x":16.72,"y":17.61,"color":"01ffe4ff"},{"name":"yy2","parent":"root","rotation":-69.52,"x":41.7,"scaleX":1.5,"scaleY":1.5},{"name":"bone35","parent":"root","x":-12.41,"y":-93.26,"scaleX":2,"scaleY":2}],"slots":[{"name":"图层 2074","bone":"bg"},{"name":"gg","bone":"bone35","attachment":"gg"},{"name":"gga1","bone":"bone13","attachment":"gga1"},{"name":"gga2","bone":"bone12","attachment":"gga2","blend":"additive"},{"name":"图层 2073","bone":"root","attachment":"图层 2073"},{"name":"组 86","bone":"h","attachment":"组 86"},{"name":"x4","bone":"bone11"},{"name":"x14","bone":"bone22","blend":"additive"},{"name":"x15","bone":"bone24","blend":"additive"},{"name":"x3","bone":"bone9"},{"name":"x6","bone":"bone28"},{"name":"x5","bone":"bone26"},{"name":"x12","bone":"bone20"},{"name":"x13","bone":"bone21"},{"name":"x16","bone":"bone25"},{"name":"x11","bone":"bone19"},{"name":"x19","bone":"bone37"},{"name":"x18","bone":"bone29"},{"name":"x17","bone":"bone27"},{"name":"x2","bone":"bone10"},{"name":"x1","bone":"bone8"},{"name":"zx1","bone":"root"},{"name":"zx2","bone":"root"},{"name":"zx3","bone":"root"},{"name":"zx4","bone":"root"},{"name":"组 88","bone":"root"},{"name":"ssd","bone":"bone2"},{"name":"ssd2","bone":"bone3","blend":"additive"},{"name":"mmm","bone":"bone6","blend":"additive"},{"name":"mmm2","bone":"bone7","blend":"additive"},{"name":"sl2","bone":"bone38","attachment":"sl"},{"name":"sl","bone":"bone","attachment":"sl"},{"name":"xing1","bone":"bone4","attachment":"xing1","blend":"additive"},{"name":"xing2","bone":"bone5","attachment":"xing1","blend":"additive"},{"name":"zx5","bone":"bone14","attachment":"zx4"},{"name":"zx9","bone":"bone31","attachment":"zx4"},{"name":"zx6","bone":"bone16","attachment":"zx4"},{"name":"zx10","bone":"bone32","attachment":"zx4"},{"name":"zx7","bone":"bone17","attachment":"zx4"},{"name":"zx11","bone":"bone33","attachment":"zx4"},{"name":"zx8","bone":"bone18","attachment":"zx4"},{"name":"zx12","bone":"bone34","attachment":"zx4"},{"name":"qqq1","bone":"yy"},{"name":"qqq2","bone":"yy2"},{"name":"sj","bone":"zz"},{"name":"sj4","bone":"zz4"},{"name":"sj5","bone":"zz5"},{"name":"sj8","bone":"zz8"},{"name":"sj6","bone":"zz6"},{"name":"sj9","bone":"zz9"},{"name":"sj7","bone":"zz7"},{"name":"sj2","bone":"zz2"},{"name":"sj3","bone":"zz3"},{"name":"root","bone":"root","attachment":"root"},{"name":"xx","bone":"b","attachment":"xx"}],"skins":[{"name":"default","attachments":{"gg":{"gg":{"x":6.6,"y":-17.36,"width":360,"height":500}},"gga1":{"gga1":{"x":-40.8,"y":1.37,"width":568,"height":294}},"gga2":{"gga2":{"x":44.85,"y":1.94,"width":485,"height":294}},"mmm":{"mmm":{"width":332,"height":174}},"mmm2":{"mmm":{"width":332,"height":174}},"qqq1":{"qqq0":{"width":140,"height":111},"qqq1":{"width":140,"height":111},"qqq3":{"width":140,"height":111},"qqq4":{"width":140,"height":111}},"qqq2":{"qqq0":{"width":140,"height":111},"qqq1":{"width":140,"height":111},"qqq3":{"width":140,"height":111},"qqq4":{"width":140,"height":111}},"root":{"root":{"type":"clipping","end":"root","vertexCount":12,"vertices":[-244.25,-42.38,104.06,-23.03,105.04,81.27,-226.85,68.79,-193.32,116.24,134.98,113.41,127.77,78.38,106.89,81.1,104.42,-21.93,140.68,-25.6,130.59,-83.17,-282.9,-90.19],"color":"ce3a3aff"}},"sj":{"sj":{"x":0.5,"y":0.5,"width":31,"height":31}},"sj2":{"sj":{"x":0.5,"y":0.5,"width":31,"height":31}},"sj3":{"sj":{"x":0.5,"y":0.5,"width":31,"height":31}},"sj4":{"sj":{"x":0.5,"y":0.5,"width":31,"height":31}},"sj5":{"sj":{"x":0.5,"y":0.5,"width":31,"height":31}},"sj6":{"sj":{"x":0.5,"y":0.5,"width":31,"height":31}},"sj7":{"sj":{"x":0.5,"y":0.5,"width":31,"height":31}},"sj8":{"sj":{"x":0.5,"y":0.5,"width":31,"height":31}},"sj9":{"sj":{"x":0.5,"y":0.5,"width":31,"height":31}},"sl":{"sl":{"x":-1.13,"y":-2.24,"width":276,"height":116}},"sl2":{"sl":{"x":-1.13,"y":-2.24,"width":276,"height":116}},"ssd":{"ssd":{"width":194,"height":194}},"ssd2":{"sdf":{"width":222,"height":222}},"x1":{"x1":{"x":-0.09,"y":-0.56,"width":46,"height":47}},"x2":{"x2":{"x":-0.18,"y":-0.23,"width":14,"height":14}},"x3":{"x3":{"x":0.89,"y":-0.08,"width":9,"height":10}},"x4":{"x4":{"x":0.4,"y":-0.43,"width":62,"height":15}},"x5":{"x3":{"x":0.89,"y":-0.08,"width":9,"height":10}},"x6":{"x3":{"x":0.89,"y":-0.08,"width":9,"height":10}},"x11":{"x3":{"x":0.89,"y":-0.08,"width":9,"height":10}},"x12":{"x3":{"x":0.89,"y":-0.08,"width":9,"height":10}},"x13":{"x3":{"x":0.89,"y":-0.08,"width":9,"height":10}},"x14":{"x4":{"x":0.4,"y":-0.43,"width":62,"height":15}},"x15":{"x4":{"x":0.4,"y":-0.43,"width":62,"height":15}},"x16":{"x3":{"x":0.89,"y":-0.08,"width":9,"height":10}},"x17":{"x3":{"x":0.89,"y":-0.08,"width":9,"height":10}},"x18":{"x3":{"x":0.89,"y":-0.08,"width":9,"height":10}},"x19":{"x3":{"x":0.89,"y":-0.08,"width":9,"height":10}},"xing1":{"xing1":{"x":-0.56,"y":-2.88,"width":70,"height":65}},"xing2":{"xing1":{"x":-0.56,"y":-2.88,"width":70,"height":65}},"xx":{"xx":{"y":19,"width":720,"height":184}},"zx5":{"zx1":{"width":17,"height":16},"zx2":{"width":17,"height":16},"zx3":{"width":17,"height":16},"zx4":{"width":17,"height":16}},"zx6":{"zx1":{"width":17,"height":16},"zx2":{"width":17,"height":16},"zx3":{"width":17,"height":16},"zx4":{"width":17,"height":16}},"zx7":{"zx1":{"width":17,"height":16},"zx2":{"width":17,"height":16},"zx3":{"width":17,"height":16},"zx4":{"width":17,"height":16}},"zx8":{"zx1":{"width":17,"height":16},"zx2":{"width":17,"height":16},"zx3":{"width":17,"height":16},"zx4":{"width":17,"height":16}},"zx9":{"zx1":{"width":17,"height":16},"zx2":{"width":17,"height":16},"zx3":{"width":17,"height":16},"zx4":{"width":17,"height":16}},"zx10":{"zx1":{"width":17,"height":16},"zx2":{"width":17,"height":16},"zx3":{"width":17,"height":16},"zx4":{"width":17,"height":16}},"zx11":{"zx1":{"width":17,"height":16},"zx2":{"width":17,"height":16},"zx3":{"width":17,"height":16},"zx4":{"width":17,"height":16}},"zx12":{"zx1":{"width":17,"height":16},"zx2":{"width":17,"height":16},"zx3":{"width":17,"height":16},"zx4":{"width":17,"height":16}},"图层 2073":{"图层 2073":{"x":46.79,"y":-41.12,"width":640,"height":12}},"组 86":{"组 86":{"y":19,"width":722,"height":186}}}}],"animations":{"a":{"slots":{"gga1":{"color":[{"color":"ffffff00"},{"time":0.6667,"color":"ffffffff"}]},"gga2":{"color":[{"color":"ffffff00"},{"time":0.6667,"color":"ffffffff"}],"attachment":[{"time":0.3667,"name":null}]},"mmm":{"color":[{"color":"ffffffff"},{"time":0.1667,"color":"ffffff6c"},{"time":0.3667,"color":"ffffff00"}],"attachment":[{"name":"mmm"},{"time":0.3,"name":null}]},"mmm2":{"color":[{"color":"ffffffff"},{"time":0.1667,"color":"ffffffea"},{"time":0.3,"color":"fffffff1"},{"time":0.3667,"color":"ffffff00"}],"attachment":[{"name":"mmm"}]},"qqq1":{"color":[{"color":"ffffff00","curve":"stepped"},{"time":0.2,"color":"ffffff00"},{"time":0.2333,"color":"ffffffff","curve":"stepped"},{"time":0.3667,"color":"ffffffff"},{"time":0.5333,"color":"ffffffc6"},{"time":0.6,"color":"ffffff00"}],"attachment":[{"name":"qqq1"},{"time":0.3,"name":"qqq0"},{"time":0.3667,"name":"qqq1"},{"time":0.4333,"name":"qqq3"},{"time":0.5,"name":"qqq4"}]},"qqq2":{"color":[{"color":"ffffff00","curve":"stepped"},{"time":0.3,"color":"ffffff00"},{"time":0.3333,"color":"ffffffff","curve":"stepped"},{"time":0.4667,"color":"ffffffff"},{"time":0.6333,"color":"ffffffc6"},{"time":0.7,"color":"ffffff00"}],"attachment":[{"name":"qqq1"},{"time":0.4,"name":"qqq0"},{"time":0.4667,"name":"qqq1"},{"time":0.5333,"name":"qqq3"},{"time":0.6,"name":"qqq4"}]},"sj":{"color":[{"color":"ffffff00","curve":"stepped"},{"time":0.1667,"color":"ffffff00"},{"time":0.2,"color":"ffffffff"},{"time":0.4667,"color":"ffffffc3"},{"time":0.6333,"color":"ffffff00"}],"attachment":[{"name":"sj"}]},"sj2":{"color":[{"color":"ffffff00","curve":"stepped"},{"time":0.1667,"color":"ffffff00"},{"time":0.2,"color":"ffffffff"},{"time":0.4667,"color":"ffffffc3"},{"time":0.6333,"color":"ffffff00"}],"attachment":[{"name":"sj"}]},"sj3":{"color":[{"color":"ffffff00","curve":"stepped"},{"time":0.2667,"color":"ffffff00"},{"time":0.3,"color":"ffffffff"},{"time":0.6667,"color":"ffffffc3"},{"time":0.9667,"color":"ffffff00"}],"attachment":[{"name":"sj"}]},"sj4":{"color":[{"color":"ffffff00","curve":"stepped"},{"time":0.1667,"color":"ffffff00"},{"time":0.2,"color":"ffffffff"},{"time":0.4667,"color":"ffffffc3"},{"time":0.6333,"color":"ffffff00"}],"attachment":[{"name":"sj"}]},"sj5":{"color":[{"color":"ffffff00","curve":"stepped"},{"time":0.2667,"color":"ffffff00"},{"time":0.3,"color":"ffffffff"},{"time":0.5667,"color":"ffffffc3"},{"time":0.7333,"color":"ffffff00"}],"attachment":[{"name":"sj"}]},"sj6":{"color":[{"color":"ffffff00","curve":"stepped"},{"time":0.3333,"color":"ffffff00"},{"time":0.3667,"color":"ffffffff"},{"time":0.6333,"color":"ffffffc3"},{"time":0.9333,"color":"ffffff00"}],"attachment":[{"name":"sj"}]},"sj7":{"color":[{"color":"ffffff00","curve":"stepped"},{"time":0.3333,"color":"ffffff00"},{"time":0.3667,"color":"ffffffff"},{"time":0.6333,"color":"ffffffc3"},{"time":1,"color":"ffffff00"}],"attachment":[{"name":"sj"}]},"sj8":{"color":[{"color":"ffffff00","curve":"stepped"},{"time":0.2667,"color":"ffffff00"},{"time":0.3,"color":"ffffffff"},{"time":0.5667,"color":"ffffffc3"},{"time":0.8333,"color":"ffffff00"}],"attachment":[{"name":"sj"}]},"sj9":{"color":[{"color":"ffffff00","curve":"stepped"},{"time":0.3333,"color":"ffffff00"},{"time":0.3667,"color":"ffffffff"},{"time":0.6333,"color":"ffffffc3"},{"time":0.9667,"color":"ffffff00"}],"attachment":[{"name":"sj"}]},"sl2":{"attachment":[{"name":null}]},"xing1":{"attachment":[{"name":null}]},"xing2":{"attachment":[{"name":null}]},"xx":{"attachment":[{"name":null}]},"图层 2073":{"color":[{"color":"ffffff00"},{"time":0.6667,"color":"ffffffff"}]},"组 86":{"color":[{"color":"ffffff00"},{"time":0.7333,"color":"ffffffff"}]}},"bones":{"bone":{"scale":[{"x":0,"y":0,"curve":"stepped"},{"time":0.2667,"x":0,"y":0},{"time":0.5667}]},"bone12":{"scale":[{"x":0,"y":0},{"time":0.3333}]},"bone30":{"scale":[{"x":0,"y":0},{"time":0.6667}]},"bone15":{"scale":[{"x":0,"y":0},{"time":0.6667}]},"bone6":{"scale":[{"x":0,"y":0},{"time":0.0667,"x":0.383},{"time":0.1667,"x":2.3},{"time":0.3667,"x":2.3,"y":0.6}]},"yy":{"translate":[{"y":39.57}],"scale":[{"x":0,"y":0,"curve":"stepped"},{"time":0.2333,"x":0,"y":0},{"time":0.6,"x":2,"y":2}]},"bone7":{"scale":[{"x":0,"y":0},{"time":0.1333,"x":0.383},{"time":0.1667,"x":0.5,"y":0.5},{"time":0.3667,"x":3,"y":0.3}]},"zz":{"translate":[{"time":0.2},{"time":0.5667,"x":109.58,"y":149.58}],"scale":[{"time":0.2,"x":0,"y":0},{"time":0.4667},{"time":0.6333,"x":0.4,"y":0.4}]},"zz2":{"translate":[{"time":0.2},{"time":0.3,"x":94.27,"y":-103.98},{"time":0.4333,"x":131.98,"y":-145.58,"curve":"stepped"},{"time":0.5667,"x":131.98,"y":-145.58},{"time":0.6333,"x":116.33,"y":-135.8}],"scale":[{"time":0.2,"x":0,"y":0},{"time":0.4667},{"time":0.6333,"x":0.4,"y":0.4}]},"zz3":{"translate":[{"time":0.3},{"time":0.6,"x":80.5,"y":-127.62},{"time":0.8333,"x":98.38,"y":-155.98},{"time":0.9667,"x":84.69,"y":-148.15}],"scale":[{"time":0.3,"x":0,"y":0},{"time":0.6667},{"time":0.9667,"x":0.4,"y":0.4}]},"zz4":{"translate":[{"time":0.2},{"time":0.5667,"x":-130.38,"y":149.58}],"scale":[{"time":0.2,"x":0,"y":0},{"time":0.4667},{"time":0.6333,"x":0.4,"y":0.4}]},"zz5":{"translate":[{"time":0.3},{"time":0.6667,"x":-154.38,"y":102.38}],"scale":[{"time":0.3,"x":0,"y":0},{"time":0.5667},{"time":0.7333,"x":0.4,"y":0.4}]},"zz6":{"translate":[{"time":0.3667},{"time":0.6333,"x":-80.44,"y":77.93},{"time":0.7667,"x":-102.38,"y":99.18},{"time":0.9333,"x":-83.8,"y":83.54}],"scale":[{"time":0.3667,"x":0,"y":0},{"time":0.6333},{"time":0.9333,"x":0.4,"y":0.4}]},"zz7":{"translate":[{"time":0.3667},{"time":0.6333,"x":91.62,"y":138.16},{"time":0.8333,"x":100.78,"y":151.98},{"time":1,"x":91.98,"y":129.49}],"scale":[{"time":0.3667,"x":0,"y":0},{"time":0.6333},{"time":1,"x":0.4,"y":0.4}]},"zz8":{"translate":[{"time":0.3},{"time":0.7333,"x":-154.38,"y":-102.92},{"time":0.8333,"x":-134.82,"y":-88.25}],"scale":[{"time":0.3,"x":0,"y":0},{"time":0.5667},{"time":0.8333,"x":0.4,"y":0.4}]},"zz9":{"translate":[{"time":0.3667},{"time":0.6667,"x":-129.99,"y":-67.47},{"time":0.8333,"x":-149.99,"y":-77.85},{"time":0.9667,"x":-133.37,"y":-68.07}],"scale":[{"time":0.3667,"x":0,"y":0},{"time":0.6333},{"time":0.9667,"x":0.4,"y":0.4}]},"yy2":{"translate":[{"y":39.57}],"scale":[{"x":0,"y":0,"curve":"stepped"},{"time":0.3333,"x":0,"y":0},{"time":0.7,"x":2,"y":2}]}}},"b":{"slots":{"gga1":{"color":[{"color":"ffffffff"},{"time":0.6667,"color":"ffffff8b"},{"time":1.3333,"color":"ffffffff"}]},"gga2":{"color":[{"color":"ffffffff"},{"time":0.6667,"color":"ffffff74"},{"time":1.3333,"color":"ffffffff"}]},"sl2":{"color":[{"color":"ffffff37","curve":"stepped"},{"time":0.5333,"color":"ffffff37"},{"time":0.7667,"color":"ffffff00"}]},"ssd":{"color":[{"time":1.0667,"color":"ffffffce"},{"time":1.2,"color":"ffffff00"}],"attachment":[{"time":0.5,"name":"ssd"}]},"ssd2":{"color":[{"time":0.9667,"color":"ffffffce"},{"time":1.1,"color":"ffffff00"}],"attachment":[{"time":0.5,"name":"sdf"}]},"x1":{"color":[{"color":"ffffff00"},{"time":0.1333,"color":"ffffffff"}],"attachment":[{"name":"x1"}]},"x2":{"attachment":[{"name":"x2"}]},"x3":{"color":[{"time":0.7333,"color":"ffffffff"},{"time":0.8667,"color":"ffffff00"}],"attachment":[{"name":"x3"}]},"x4":{"color":[{"color":"ffffff00"},{"time":0.0667,"color":"ffffffff","curve":"stepped"},{"time":0.6333,"color":"ffffffff"},{"time":0.6667,"color":"ffffff00"}],"attachment":[{"name":"x4"}]},"x5":{"color":[{"time":0.7667,"color":"ffffffff"},{"time":0.8667,"color":"ffffff00"}],"attachment":[{"name":"x3"}]},"x6":{"color":[{"time":1,"color":"ffffffff"},{"time":1.1333,"color":"ffffff00"}],"attachment":[{"name":"x3"}]},"x11":{"color":[{"color":"ffffff00","curve":"stepped"},{"time":0.6333,"color":"ffffff00"},{"time":0.6667,"color":"ffffffff","curve":"stepped"},{"time":1.0667,"color":"ffffffff"},{"time":1.3333,"color":"ffffff00"}],"attachment":[{"name":"x3"}]},"x12":{"color":[{"time":0.7333,"color":"ffffffff"},{"time":0.7667,"color":"ffffff00"}],"attachment":[{"name":"x3"}]},"x13":{"color":[{"time":1.0333,"color":"ffffffff"},{"time":1.3,"color":"ffffff00"}],"attachment":[{"name":"x3"}]},"x14":{"color":[{"color":"ffffff00"},{"time":0.0667,"color":"ffffffff","curve":"stepped"},{"time":0.9333,"color":"ffffffff"},{"time":1.1333,"color":"ffffff00"}],"attachment":[{"name":"x4"}]},"x15":{"color":[{"color":"ffffff00","curve":"stepped"},{"time":0.3,"color":"ffffff00"},{"time":0.3667,"color":"ffffffff","curve":"stepped"},{"time":0.9333,"color":"ffffffff"},{"time":1.1333,"color":"ffffff00"}],"attachment":[{"name":"x4"}]},"x16":{"color":[{"time":1.0333,"color":"ffffffff"},{"time":1.3,"color":"ffffff00"}],"attachment":[{"name":"x3"}]},"x17":{"color":[{"color":"ffffff00","curve":"stepped"},{"time":0.6333,"color":"ffffff00"},{"time":0.6667,"color":"ffffffff","curve":"stepped"},{"time":1.1667,"color":"ffffffff"},{"time":1.3333,"color":"ffffff00"}],"attachment":[{"name":"x3"}]},"x18":{"color":[{"color":"ffffff00","curve":"stepped"},{"time":0.6333,"color":"ffffff00"},{"time":0.6667,"color":"ffffffff","curve":"stepped"},{"time":1.2,"color":"ffffffff"},{"time":1.3333,"color":"ffffff00"}],"attachment":[{"name":"x3"}]},"x19":{"color":[{"color":"ffffff00","curve":"stepped"},{"time":0.6333,"color":"ffffff00"},{"time":0.6667,"color":"ffffffff","curve":"stepped"},{"time":1.0667,"color":"ffffffff"},{"time":1.3333,"color":"ffffff00"}],"attachment":[{"name":"x3"}]},"zx5":{"attachment":[{"time":0.1,"name":"zx3"},{"time":0.2,"name":"zx2"},{"time":0.3,"name":"zx1"},{"time":0.7,"name":"zx4"},{"time":0.8,"name":"zx3"},{"time":0.9,"name":"zx2"},{"time":1,"name":"zx1"}]},"zx6":{"attachment":[{"name":"zx1"},{"time":0.1,"name":"zx4"},{"time":0.2,"name":"zx3"},{"time":0.3,"name":"zx2"},{"time":0.4,"name":"zx1"},{"time":0.8,"name":"zx4"},{"time":0.9,"name":"zx3"},{"time":1,"name":"zx2"},{"time":1.1,"name":"zx1"}]},"zx7":{"attachment":[{"name":"zx2"},{"time":0.1,"name":"zx1"},{"time":0.2,"name":"zx4"},{"time":0.3,"name":"zx3"},{"time":0.4,"name":"zx2"},{"time":0.5,"name":"zx1"},{"time":0.7,"name":"zx2"},{"time":0.8,"name":"zx1"},{"time":0.9,"name":"zx4"},{"time":1,"name":"zx3"},{"time":1.1,"name":"zx2"},{"time":1.2,"name":"zx1"}]},"zx8":{"attachment":[{"name":"zx3"},{"time":0.1,"name":"zx2"},{"time":0.2,"name":"zx1"},{"time":0.3,"name":"zx4"},{"time":0.4,"name":"zx3"},{"time":0.5,"name":"zx2"},{"time":0.6,"name":"zx1"},{"time":0.7,"name":"zx3"},{"time":0.8,"name":"zx2"},{"time":0.9,"name":"zx1"},{"time":1,"name":"zx4"},{"time":1.1,"name":"zx3"},{"time":1.2,"name":"zx2"},{"time":1.3,"name":"zx1"}]},"zx9":{"attachment":[{"time":0.1,"name":"zx3"},{"time":0.2,"name":"zx2"},{"time":0.3,"name":"zx1"},{"time":0.7,"name":"zx4"},{"time":0.8,"name":"zx3"},{"time":0.9,"name":"zx2"},{"time":1,"name":"zx1"}]},"zx10":{"attachment":[{"name":"zx1"},{"time":0.1,"name":"zx4"},{"time":0.2,"name":"zx3"},{"time":0.3,"name":"zx2"},{"time":0.4,"name":"zx1"},{"time":0.8,"name":"zx4"},{"time":0.9,"name":"zx3"},{"time":1,"name":"zx2"},{"time":1.1,"name":"zx1"}]},"zx11":{"attachment":[{"name":"zx2"},{"time":0.1,"name":"zx1"},{"time":0.2,"name":"zx4"},{"time":0.3,"name":"zx3"},{"time":0.4,"name":"zx2"},{"time":0.5,"name":"zx1"},{"time":0.7,"name":"zx2"},{"time":0.8,"name":"zx1"},{"time":0.9,"name":"zx4"},{"time":1,"name":"zx3"},{"time":1.1,"name":"zx2"},{"time":1.2,"name":"zx1"}]},"zx12":{"attachment":[{"name":"zx3"},{"time":0.1,"name":"zx2"},{"time":0.2,"name":"zx1"},{"time":0.3,"name":"zx4"},{"time":0.4,"name":"zx3"},{"time":0.5,"name":"zx2"},{"time":0.6,"name":"zx1"},{"time":0.7,"name":"zx3"},{"time":0.8,"name":"zx2"},{"time":0.9,"name":"zx1"},{"time":1,"name":"zx4"},{"time":1.1,"name":"zx3"},{"time":1.2,"name":"zx2"},{"time":1.3,"name":"zx1"}]}},"bones":{"bone":{"scale":[{},{"time":0.5667,"x":1.2,"y":1.2},{"time":1.3333}]},"bone11":{"translate":[{},{"time":0.6333,"x":112.5}]},"bone9":{"translate":[{"x":-157.98},{"time":0.8667,"x":82.98}]},"bone8":{"translate":[{"x":-55.85},{"time":0.5,"x":79.79}]},"bone10":{"translate":[{"x":-39.89},{"time":1.1333,"x":81.38}]},"bone19":{"translate":[{},{"time":0.6333,"x":-9.45},{"time":1.3333,"x":143.62}]},"bone20":{"translate":[{"x":-37.1},{"time":0.7333,"x":164.29}]},"bone21":{"translate":[{"x":43.9},{"time":1.3,"x":556.31}]},"bone22":{"translate":[{"x":100.54},{"time":1.1333,"x":662.81}]},"bone24":{"translate":[{"time":0.3,"x":251.72},{"time":1.1333,"x":629.35}]},"bone25":{"translate":[{"x":43.9},{"time":1.3,"x":387.16}]},"bone26":{"translate":[{"x":-63.17},{"time":0.8667,"x":96.95}]},"bone27":{"translate":[{},{"time":0.6333,"x":-9.45},{"time":1.3333,"x":143.62}]},"bone28":{"translate":[{"time":0.2667,"x":-157.98},{"time":1.1333,"x":177.29}]},"bone29":{"translate":[{},{"time":0.6333,"x":-9.45},{"time":1.3333,"x":246.09}]},"bone2":{"scale":[{"time":0.5,"x":0,"y":0},{"time":1.0667,"x":0.937,"y":0.937},{"time":1.2,"x":1.2,"y":1.2}]},"bone3":{"scale":[{"time":0.5,"x":0,"y":0},{"time":0.9667,"x":0.937,"y":0.937},{"time":1.1}]},"bone37":{"translate":[{},{"time":0.6333,"x":-9.45},{"time":1.3333,"x":143.62}]},"bone38":{"scale":[{},{"time":0.5667,"x":1.5,"y":1.5},{"time":1.3333}]},"bone4":{"scale":[{},{"time":0.3333,"x":0.5,"y":0.5},{"time":0.6667},{"time":1.0333,"x":0.5,"y":0.5},{"time":1.3333}]},"bone5":{"scale":[{},{"time":0.3333,"x":0.5,"y":0.5},{"time":0.6667},{"time":1.0333,"x":0.5,"y":0.5},{"time":1.3333}]}},"deform":{"default":{"root":{"root":[{"vertices":[-503.10852,0,-503.10852,0,-503.10852,0,-503.10852,0,-503.10852,0,-503.10852,0,-503.10852,0,-503.10852,0,-503.10852,0,-503.10852,0,-503.10852,0,-503.10852]},{"time":0.4667,"vertices":[664.58344,0,664.58344,0,664.58344,0,664.58344,0,664.58344,0,664.58344,0,664.58344,0,664.58344,0,664.58344,0,664.58344,0,664.58344,0,664.58344]}]}}}}}}