{
"skeleton": {
	"hash": "m2JcQ/Mllps",
	"spine": "3.8-from-4.0-from-4.1.17",
	"x": -60.17,
	"y": -46.79,
	"width": 112.49,
	"height": 121.37,
	"images": "./images/",
	"audio": "E:/游戏项目/蛋壳特工队/动作/炮弹巨人"
},
"bones": [
	{ "name": "root", "y": -45.71, "scaleX": 0.25, "scaleY": 0.25 },
	{ "name": "bone", "parent": "root", "x": 10.11, "y": 107.14 },
	{ "name": "bone2", "parent": "bone", "length": 91.71, "rotation": 80.48, "x": 3.61, "y": 9.27 },
	{ "name": "bone3", "parent": "bone2", "length": 76.14, "rotation": 63.93, "x": 92.31, "y": 0.1 },
	{ "name": "bone4", "parent": "bone3", "x": 113.87, "y": 30.73 },
	{ "name": "bone5", "parent": "bone4", "length": 53.57, "rotation": 55.46, "x": -63.8, "y": 3.61 },
	{
		"name": "bone6",
		"parent": "bone2",
		"length": 50.91,
		"rotation": -119.67,
		"x": 151.36,
		"y": -62.01,
		"color": "191aebff"
	},
	{
		"name": "bone7",
		"parent": "bone6",
		"length": 65.66,
		"rotation": -66.41,
		"x": 63.8,
		"y": -9.08,
		"color": "191aebff"
	},
	{
		"name": "bone8",
		"parent": "bone7",
		"length": 112.72,
		"rotation": -75.33,
		"x": 63.81,
		"y": -7.07,
		"color": "191aebff"
	},
	{ "name": "bone9", "parent": "bone8", "x": 154.19, "y": -6.63, "color": "ff1616ff" },
	{
		"name": "bone10",
		"parent": "bone2",
		"length": 56.05,
		"rotation": -147.33,
		"x": 157.48,
		"y": 101.85,
		"scaleX": 0.9,
		"scaleY": 0.9,
		"color": "0018ffff"
	},
	{
		"name": "bone11",
		"parent": "bone10",
		"length": 96.62,
		"rotation": 2.17,
		"x": 60.18,
		"y": 1.66,
		"color": "0018ffff"
	},
	{
		"name": "bone12",
		"parent": "bone11",
		"length": 128.25,
		"rotation": -113.33,
		"x": 93.72,
		"y": -4.29,
		"color": "0018ffff"
	},
	{ "name": "bone13", "parent": "bone12", "length": 22.95, "rotation": 0.88, "x": 162.08, "y": -1.19 },
	{ "name": "aa1", "parent": "bone12", "x": 155.66, "scaleX": 1.3, "scaleY": 1.3, "color": "fff906ff" },
	{ "name": "aa2", "parent": "aa1", "x": 15.46, "y": 0.4 },
	{ "name": "aa3", "parent": "aa2", "x": -9.03, "y": 1.56 },
	{ "name": "aa4", "parent": "aa3", "x": 15.06, "y": -0.4 },
	{ "name": "aa5", "parent": "aa4", "x": -7.78, "y": 0.4 },
	{ "name": "aa6", "parent": "aa5", "x": 3.08, "y": -0.62 },
	{ "name": "aa7", "parent": "aa6", "x": 0.72, "y": 1.5 },
	{ "name": "aa8", "parent": "aa7", "x": -2.03, "y": 1.87 },
	{ "name": "aa9", "parent": "aa8", "x": -8.49, "y": 2 },
	{ "name": "aa10", "parent": "aa9", "x": 4.97, "y": -2.71 },
	{ "name": "aa11", "parent": "aa10", "x": -5.53, "y": -2.04 },
	{ "name": "aa12", "parent": "aa11", "x": 15.06, "y": -0.4 },
	{ "name": "aa13", "parent": "aa12", "x": -7.78, "y": 0.4 },
	{ "name": "aa14", "parent": "aa13", "x": 3.08, "y": -0.62 },
	{ "name": "aa15", "parent": "aa14", "x": 0.72, "y": 1.5 },
	{ "name": "aa16", "parent": "aa15", "x": -2.03, "y": 1.87 },
	{ "name": "aa17", "parent": "aa16", "x": -8.49, "y": 2 },
	{ "name": "aa18", "parent": "aa17", "x": 4.97, "y": -2.71 },
	{ "name": "aa19", "parent": "aa18", "x": 5.55, "y": -1.16 },
	{ "name": "aa20", "parent": "aa19", "x": -2.03, "y": 1.87 },
	{ "name": "aa21", "parent": "aa20", "x": -8.49, "y": 2 },
	{ "name": "aa22", "parent": "aa21", "x": 4.97, "y": -2.71 },
	{
		"name": "aa23",
		"parent": "bone8",
		"rotation": -2.6,
		"x": 166.6,
		"y": 0.12,
		"scaleX": 1.3,
		"scaleY": 1.3,
		"color": "fff906ff"
	},
	{ "name": "aa24", "parent": "aa23", "x": 15.46, "y": 0.4 },
	{ "name": "aa25", "parent": "aa24", "x": -9.03, "y": 1.56 },
	{ "name": "aa26", "parent": "aa25", "x": 15.06, "y": -0.4 },
	{ "name": "aa27", "parent": "aa26", "x": -7.78, "y": 0.4 },
	{ "name": "aa28", "parent": "aa27", "x": 3.08, "y": -0.62 },
	{ "name": "aa29", "parent": "aa28", "x": 0.72, "y": 1.5 },
	{ "name": "aa30", "parent": "aa29", "x": -2.03, "y": 1.87 },
	{ "name": "aa31", "parent": "aa30", "x": -8.49, "y": 2 },
	{ "name": "aa32", "parent": "aa31", "x": 4.97, "y": -2.71 },
	{ "name": "aa33", "parent": "aa32", "x": -5.53, "y": -2.04 },
	{ "name": "aa34", "parent": "aa33", "x": 15.06, "y": -0.4 },
	{ "name": "aa35", "parent": "aa34", "x": -7.78, "y": 0.4 },
	{ "name": "aa36", "parent": "aa35", "x": 3.08, "y": -0.62 },
	{ "name": "aa37", "parent": "aa36", "x": 0.72, "y": 1.5 },
	{ "name": "aa38", "parent": "aa37", "x": -2.03, "y": 1.87 },
	{ "name": "aa39", "parent": "aa38", "x": -8.49, "y": 2 },
	{ "name": "aa40", "parent": "aa39", "x": 4.97, "y": -2.71 },
	{ "name": "aa41", "parent": "aa40", "x": 5.55, "y": -1.16 },
	{ "name": "aa42", "parent": "aa41", "x": -2.03, "y": 1.87 },
	{ "name": "aa43", "parent": "aa42", "x": -8.49, "y": 2 },
	{ "name": "aa44", "parent": "aa43", "x": 4.97, "y": -2.71 },
	{ "name": "bone14", "parent": "bone", "length": 52.04, "rotation": -118.57, "x": 34.01, "y": -4.29 },
	{ "name": "bone15", "parent": "bone14", "length": 45.55, "rotation": 50.84, "x": 53.38, "y": 0.73 },
	{ "name": "bone16", "parent": "bone15", "length": 34.67, "rotation": -107.23, "x": 45.25, "y": -2.07 },
	{ "name": "bone17", "parent": "bone", "length": 55.77, "rotation": -127.6, "x": -19.56, "y": -4.8 },
	{ "name": "bone18", "parent": "bone17", "length": 47.54, "rotation": 60.88, "x": 55.46, "y": 0.4 },
	{ "name": "bone19", "parent": "bone18", "length": 32.25, "rotation": -106.04, "x": 47.81, "y": -0.67 },
	{ "name": "bone20", "parent": "bone2", "length": 47.63, "rotation": 5.07, "x": 168.12, "y": 20.63 },
	{ "name": "1", "parent": "root", "x": 74.91, "y": 13.17, "color": "ff3f00ff" },
	{ "name": "2", "parent": "root", "x": 33.03, "y": 8.47, "color": "ff3f00ff" },
	{ "name": "3", "parent": "root", "x": -19.55, "y": 13.98, "color": "ff3f00ff" },
	{ "name": "4", "parent": "root", "x": -56.42, "y": 6.93, "color": "ff3f00ff" },
	{ "name": "bone21", "parent": "bone20", "x": 96.95, "y": 25.56 },
	{ "name": "bone22", "parent": "bone20", "x": 94.31, "y": 64.89 },
	{ "name": "bone23", "parent": "bone20", "x": 150.98, "y": 28.51 },
	{ "name": "bone24", "parent": "bone20", "x": 145.03, "y": 67.16 },
	{ "name": "bone25", "parent": "bone20", "rotation": 87.65, "x": 139.08, "y": 141.87, "color": "0365ffff" },
	{ "name": "bone26", "parent": "bone20", "rotation": 87.65, "x": 139.08, "y": 93.19, "color": "0365ffff" },
	{ "name": "bone27", "parent": "bone20", "rotation": 87.65, "x": 93.82, "y": 124.79, "color": "0365ffff" },
	{ "name": "bone28", "parent": "bone20", "rotation": 87.65, "x": 93.82, "y": 86.69, "color": "0365ffff" },
	{ "name": "bone29", "parent": "bone", "x": 153.39, "y": -23.58 },
	{ "name": "bone30", "parent": "root", "x": -142.22, "y": 414.34 },
	{ "name": "bone31", "parent": "root", "x": -142.22, "y": 414.34 }
],
"slots": [
	{ "name": "pt", "bone": "bone20", "attachment": "pt" },
	{ "name": "p4", "bone": "bone24", "attachment": "p44" },
	{ "name": "p3", "bone": "bone22", "attachment": "p33" },
	{ "name": "p2", "bone": "bone23", "attachment": "p22" },
	{ "name": "p1", "bone": "bone21", "attachment": "p11" },
	{ "name": "zj", "bone": "bone17", "attachment": "zj" },
	{ "name": "yj", "bone": "bone14", "attachment": "yj" },
	{ "name": "zs1", "bone": "bone11", "attachment": "zs1" },
	{ "name": "xb2", "bone": "bone12", "attachment": "xb11" },
	{ "name": "gg2", "bone": "aa2" },
	{ "name": "gg4", "bone": "aa6" },
	{ "name": "gg28", "bone": "aa28" },
	{ "name": "gg14", "bone": "aa14" },
	{ "name": "gg8", "bone": "aa8" },
	{ "name": "gg16", "bone": "aa16" },
	{ "name": "gg20", "bone": "aa20" },
	{ "name": "gg10", "bone": "aa10" },
	{ "name": "gg18", "bone": "aa18" },
	{ "name": "gg22", "bone": "aa22" },
	{ "name": "gg6", "bone": "aa4" },
	{ "name": "gg12", "bone": "aa12" },
	{ "name": "gg1", "bone": "aa1" },
	{ "name": "gg3", "bone": "aa5" },
	{ "name": "gg13", "bone": "aa13" },
	{ "name": "gg7", "bone": "aa7" },
	{ "name": "gg15", "bone": "aa15" },
	{ "name": "gg19", "bone": "aa19" },
	{ "name": "gg9", "bone": "aa9" },
	{ "name": "gg17", "bone": "aa17" },
	{ "name": "gg21", "bone": "aa21" },
	{ "name": "gg5", "bone": "aa3" },
	{ "name": "gg11", "bone": "aa11" },
	{ "name": "zs", "bone": "bone13", "attachment": "zs22" },
	{ "name": "jj2", "bone": "bone10", "attachment": "jj2" },
	{ "name": "body", "bone": "bone2", "attachment": "body" },
	{ "name": "head", "bone": "bone3", "attachment": "head" },
	{ "name": "zb", "bone": "bone5", "attachment": "zb" },
	{ "name": "tj", "bone": "bone4", "attachment": "tj" },
	{ "name": "ys1", "bone": "bone7", "attachment": "ys1" },
	{ "name": "ys2", "bone": "bone8", "attachment": "ys11" },
	{ "name": "gg24", "bone": "aa24" },
	{ "name": "gg36", "bone": "aa36" },
	{ "name": "gg30", "bone": "aa30" },
	{ "name": "gg38", "bone": "aa38" },
	{ "name": "gg42", "bone": "aa42" },
	{ "name": "gg32", "bone": "aa32" },
	{ "name": "gg40", "bone": "aa40" },
	{ "name": "gg44", "bone": "aa44" },
	{ "name": "gg26", "bone": "aa26" },
	{ "name": "gg34", "bone": "aa34" },
	{ "name": "gg23", "bone": "aa23" },
	{ "name": "gg27", "bone": "aa27" },
	{ "name": "gg35", "bone": "aa35" },
	{ "name": "gg29", "bone": "aa29" },
	{ "name": "gg37", "bone": "aa37" },
	{ "name": "gg41", "bone": "aa41" },
	{ "name": "gg31", "bone": "aa31" },
	{ "name": "gg39", "bone": "aa39" },
	{ "name": "gg43", "bone": "aa43" },
	{ "name": "gg25", "bone": "aa25" },
	{ "name": "gg33", "bone": "aa33" },
	{ "name": "jj1", "bone": "bone6", "attachment": "jj1" },
	{ "name": "yq", "bone": "bone9", "attachment": "yq11" },
	{ "name": "炮弹", "bone": "root" },
	{ "name": "aaa0", "bone": "bone25" },
	{ "name": "aaa1", "bone": "bone26" },
	{ "name": "aaa2", "bone": "bone27" },
	{ "name": "aaa3", "bone": "bone28" },
	{ "name": "w/SSD1", "bone": "bone29" },
	{ "name": "q2", "bone": "bone30" },
	{ "name": "q3", "bone": "bone31" }
],
"ik": [
	{
		"name": "1",
		"bones": [ "bone14", "bone15" ],
		"target": "1"
	},
	{
		"name": "2",
		"order": 3,
		"bones": [ "bone15", "bone16" ],
		"target": "2",
		"bendPositive": false
	},
	{
		"name": "3",
		"order": 1,
		"bones": [ "bone17", "bone18" ],
		"target": "3"
	},
	{
		"name": "4",
		"order": 2,
		"bones": [ "bone18", "bone19" ],
		"target": "4",
		"bendPositive": false
	}
],
"skins": [
	{
		"name": "default",
		"attachments": {
			"aaa0": {
				"f0": { "rotation": -1.19, "width": 282, "height": 236 },
				"f1": { "rotation": -1.19, "width": 282, "height": 236 },
				"f2": { "rotation": -1.19, "width": 282, "height": 236 },
				"f3": { "rotation": -1.19, "width": 282, "height": 236 }
			},
			"aaa1": {
				"f0": { "rotation": -1.19, "width": 282, "height": 236 },
				"f1": { "rotation": -1.19, "width": 282, "height": 236 },
				"f2": { "rotation": -1.19, "width": 282, "height": 236 },
				"f3": { "rotation": -1.19, "width": 282, "height": 236 }
			},
			"aaa2": {
				"f0": { "rotation": -1.19, "width": 282, "height": 236 },
				"f1": { "rotation": -1.19, "width": 282, "height": 236 },
				"f2": { "rotation": -1.19, "width": 282, "height": 236 },
				"f3": { "rotation": -1.19, "width": 282, "height": 236 }
			},
			"aaa3": {
				"f0": { "rotation": -1.19, "width": 282, "height": 236 },
				"f1": { "rotation": -1.19, "width": 282, "height": 236 },
				"f2": { "rotation": -1.19, "width": 282, "height": 236 },
				"f3": { "rotation": -1.19, "width": 282, "height": 236 }
			},
			"body": {
				"body": { "x": 78.53, "y": 14.01, "rotation": -80.48, "width": 218, "height": 266 }
			},
			"gg1": {
				"gg1": { "x": 4.67, "y": 2.86, "rotation": 180, "width": 52, "height": 20 }
			},
			"gg2": {
				"gg2": { "x": 0.72, "y": 3.86, "rotation": 180, "width": 67, "height": 56 }
			},
			"gg3": {
				"gg1": { "x": 4.67, "y": 2.86, "rotation": 180, "width": 52, "height": 20 }
			},
			"gg4": {
				"gg2": { "x": 0.72, "y": 3.86, "rotation": 180, "width": 67, "height": 56 }
			},
			"gg5": {
				"gg1": { "x": 4.67, "y": 2.86, "rotation": 180, "width": 52, "height": 20 }
			},
			"gg6": {
				"gg2": { "x": 0.72, "y": 3.86, "rotation": 180, "width": 67, "height": 56 }
			},
			"gg7": {
				"gg1": { "x": 4.67, "y": 2.86, "rotation": 180, "width": 52, "height": 20 }
			},
			"gg8": {
				"gg2": { "x": 0.72, "y": 3.86, "rotation": 180, "width": 67, "height": 56 }
			},
			"gg9": {
				"gg1": { "x": 4.67, "y": 2.86, "rotation": 180, "width": 52, "height": 20 }
			},
			"gg10": {
				"gg2": { "x": 0.72, "y": 3.86, "rotation": 180, "width": 67, "height": 56 }
			},
			"gg11": {
				"gg1": { "x": 4.67, "y": 2.86, "rotation": 180, "width": 52, "height": 20 }
			},
			"gg12": {
				"gg2": { "x": 0.72, "y": 3.86, "rotation": 180, "width": 67, "height": 56 }
			},
			"gg13": {
				"gg1": { "x": 4.67, "y": 2.86, "rotation": 180, "width": 52, "height": 20 }
			},
			"gg14": {
				"gg2": { "x": 0.72, "y": 3.86, "rotation": 180, "width": 67, "height": 56 }
			},
			"gg15": {
				"gg1": { "x": 4.67, "y": 2.86, "rotation": 180, "width": 52, "height": 20 }
			},
			"gg16": {
				"gg2": { "x": 0.72, "y": 3.86, "rotation": 180, "width": 67, "height": 56 }
			},
			"gg17": {
				"gg1": { "x": 4.67, "y": 2.86, "rotation": 180, "width": 52, "height": 20 }
			},
			"gg18": {
				"gg2": { "x": 0.72, "y": 3.86, "rotation": 180, "width": 67, "height": 56 }
			},
			"gg19": {
				"gg1": { "x": 4.67, "y": 2.86, "rotation": 180, "width": 52, "height": 20 }
			},
			"gg20": {
				"gg2": { "x": 0.72, "y": 3.86, "rotation": 180, "width": 67, "height": 56 }
			},
			"gg21": {
				"gg1": { "x": 4.67, "y": 2.86, "rotation": 180, "width": 52, "height": 20 }
			},
			"gg22": {
				"gg2": { "x": 0.72, "y": 3.86, "rotation": 180, "width": 67, "height": 56 }
			},
			"gg23": {
				"gg1": { "x": 4.67, "y": 2.86, "rotation": 180, "width": 52, "height": 20 }
			},
			"gg24": {
				"gg2": { "x": 0.72, "y": 3.86, "rotation": 180, "width": 67, "height": 56 }
			},
			"gg25": {
				"gg1": { "x": 4.67, "y": 2.86, "rotation": 180, "width": 52, "height": 20 }
			},
			"gg26": {
				"gg2": { "x": 0.72, "y": 3.86, "rotation": 180, "width": 67, "height": 56 }
			},
			"gg27": {
				"gg1": { "x": 4.67, "y": 2.86, "rotation": 180, "width": 52, "height": 20 }
			},
			"gg28": {
				"gg2": { "x": 0.72, "y": 3.86, "rotation": 180, "width": 67, "height": 56 }
			},
			"gg29": {
				"gg1": { "x": 4.67, "y": 2.86, "rotation": 180, "width": 52, "height": 20 }
			},
			"gg30": {
				"gg2": { "x": 0.72, "y": 3.86, "rotation": 180, "width": 67, "height": 56 }
			},
			"gg31": {
				"gg1": { "x": 4.67, "y": 2.86, "rotation": 180, "width": 52, "height": 20 }
			},
			"gg32": {
				"gg2": { "x": 0.72, "y": 3.86, "rotation": 180, "width": 67, "height": 56 }
			},
			"gg33": {
				"gg1": { "x": 4.67, "y": 2.86, "rotation": 180, "width": 52, "height": 20 }
			},
			"gg34": {
				"gg2": { "x": 0.72, "y": 3.86, "rotation": 180, "width": 67, "height": 56 }
			},
			"gg35": {
				"gg1": { "x": 4.67, "y": 2.86, "rotation": 180, "width": 52, "height": 20 }
			},
			"gg36": {
				"gg2": { "x": 0.72, "y": 3.86, "rotation": 180, "width": 67, "height": 56 }
			},
			"gg37": {
				"gg1": { "x": 4.67, "y": 2.86, "rotation": 180, "width": 52, "height": 20 }
			},
			"gg38": {
				"gg2": { "x": 0.72, "y": 3.86, "rotation": 180, "width": 67, "height": 56 }
			},
			"gg39": {
				"gg1": { "x": 4.67, "y": 2.86, "rotation": 180, "width": 52, "height": 20 }
			},
			"gg40": {
				"gg2": { "x": 0.72, "y": 3.86, "rotation": 180, "width": 67, "height": 56 }
			},
			"gg41": {
				"gg1": { "x": 4.67, "y": 2.86, "rotation": 180, "width": 52, "height": 20 }
			},
			"gg42": {
				"gg2": { "x": 0.72, "y": 3.86, "rotation": 180, "width": 67, "height": 56 }
			},
			"gg43": {
				"gg1": { "x": 4.67, "y": 2.86, "rotation": 180, "width": 52, "height": 20 }
			},
			"gg44": {
				"gg2": { "x": 0.72, "y": 3.86, "rotation": 180, "width": 67, "height": 56 }
			},
			"head": {
				"head": { "x": 81.76, "y": 23.22, "rotation": -144.41, "width": 158, "height": 118 }
			},
			"jj1": {
				"jj1": { "x": 14.6, "y": 23.2, "rotation": 39.19, "width": 146, "height": 140 }
			},
			"jj2": {
				"jj2": { "x": 2.44, "y": -35.25, "rotation": 66.85, "width": 159, "height": 134 }
			},
			"pt": {
				"pt": { "x": 91.12, "y": -23.19, "rotation": -85.54, "width": 247, "height": 213 }
			},
			"q2": {
				"q2": { "width": 356, "height": 356 }
			},
			"q3": {
				"q2": { "width": 356, "height": 356 }
			},
			"tj": {
				"tj": { "x": -1.36, "y": -1.5, "rotation": -144.41, "width": 97, "height": 52 }
			},
			"w/SSD1": {
				"w/SSD1": { "x": 0.5, "y": 0.5, "width": 415, "height": 257 },
				"w/SSD2": { "x": 0.5, "y": 0.5, "width": 415, "height": 257 },
				"w/SSD3": { "x": 0.5, "y": 0.5, "width": 415, "height": 257 },
				"w/SSD4": { "x": 0.5, "y": 0.5, "width": 415, "height": 257 },
				"w/SSD5": { "x": 0.5, "y": 0.5, "width": 415, "height": 257 },
				"w/SSD6": { "x": 0.5, "y": 0.5, "width": 415, "height": 257 },
				"w/SSD7": { "x": 0.5, "y": 0.5, "width": 415, "height": 257 },
				"w/SSD8": { "x": 0.5, "y": 0.5, "width": 415, "height": 257 },
				"w/SSD9": { "x": 0.5, "y": 0.5, "width": 415, "height": 257 }
			},
			"yj": {
				"yj": {
					"type": "mesh",
					"uvs": [ 0.32953, 0, 0.19086, 0.30411, 0.11441, 0.47177, 0.11759, 0.59804, 0.11992, 0.69044, 0.08951, 0.72812, 0.03443, 0.79639, 0.00409, 0.91587, 0.01788, 0.97448, 0.0758, 0.98575, 0.81216, 0.99026, 0.86181, 0.93616, 0.86181, 0.78836, 0.86181, 0.74454, 0.81492, 0.60703, 0.88111, 0.48079, 0.96385, 0.28917, 1, 0.16744, 0.95833, 0.11559 ],
					"triangles": [ 9, 8, 7, 9, 6, 5, 10, 9, 5, 9, 7, 6, 2, 14, 3, 4, 3, 14, 4, 14, 13, 4, 13, 12, 5, 4, 12, 10, 5, 12, 12, 11, 10, 16, 18, 17, 0, 16, 1, 16, 0, 18, 15, 1, 16, 1, 14, 2, 1, 15, 14 ],
					"vertices": [ 1, 58, 5.5, -31.7, 1, 3, 58, 42.45, -26.43, 0.96039, 59, -27.96, -8.67, 0.03881, 60, 27.99, -67.97, 8.0E-4, 3, 58, 62.82, -23.52, 0.47987, 59, -12.84, -22.63, 0.46451, 60, 36.85, -49.39, 0.05562, 3, 58, 75.43, -16.31, 0.12469, 59, 0.71, -27.86, 0.64833, 60, 37.82, -34.9, 0.22698, 3, 58, 84.66, -11.04, 0.01621, 59, 10.63, -31.68, 0.46728, 60, 38.54, -24.3, 0.51651, 3, 58, 82.28, -24.04, 0.01045, 59, 13.37, -35.64, 0.34593, 60, 41.78, -19.95, 0.64363, 2, 59, 18.85, -43.74, 0.12611, 60, 47.62, -12.87, 0.87389, 2, 59, 30.49, -51.59, 0.0082, 60, 51.67, 0.57, 0.9918, 2, 59, 37.22, -52.94, 5.0E-5, 60, 50.97, 7.4, 0.99995, 1, 60, 45.66, 9.17, 1, 2, 59, 67.2, 15.46, 0.97352, 60, -23.25, 15.77, 0.02648, 3, 58, 76.13, 63.72, 9.8E-4, 59, 63.21, 22.14, 0.9959, 60, -28.44, 9.98, 0.00312, 3, 58, 80.35, 48.89, 0.04287, 59, 46.86, 29.17, 0.95641, 60, -30.21, -8.12, 7.1E-4, 2, 58, 56.78, 53.18, 0.0553, 59, 42.82, 30.49, 0.9447, 2, 58, 44.99, 41.75, 0.28039, 59, 26.51, 32.41, 0.71961, 2, 58, 29.27, 40.27, 0.64823, 59, 15.44, 43.67, 0.35177, 2, 58, 6.2, 36.57, 0.93686, 59, -2, 59.22, 0.06314, 2, 58, -7.72, 32.86, 0.98834, 59, -13.67, 67.67, 0.01166, 2, 58, -11.09, 26.57, 0.99412, 59, -20.67, 66.3, 0.00588 ],
					"hull": 19,
					"edges": [ 12, 14, 14, 16, 16, 18, 18, 20, 20, 22, 26, 28, 28, 30, 30, 32, 32, 34, 34, 36, 0, 36, 4, 6, 6, 8, 0, 2, 2, 4, 8, 26, 8, 10, 10, 12, 22, 24, 24, 26, 10, 24 ],
					"width": 94,
					"height": 115
				}
			},
			"ys1": {
				"ys1": { "x": 23.02, "y": -12.61, "rotation": 70.56, "width": 107, "height": 140 }
			},
			"zb": {
				"zb": { "x": 29.41, "y": 1.07, "rotation": 160.13, "width": 150, "height": 91 }
			},
			"zj": {
				"zj": {
					"type": "mesh",
					"uvs": [ 0.33668, 0.00364, 0.13705, 0.42963, 0.11408, 0.51482, 0.12051, 0.61016, 0.12645, 0.69822, 0.05578, 0.77475, 0.01692, 0.8484, 0.01162, 0.9206, 0.02045, 0.95237, 0.06462, 0.99135, 0.79424, 0.99857, 0.85077, 0.94803, 0.85476, 0.85766, 0.85718, 0.78209, 0.84425, 0.70735, 0.82335, 0.65427, 0.81014, 0.60869, 0.81684, 0.57922, 0.83094, 0.54822, 0.86702, 0.48279, 1, 0.18847, 0.9497, 0.12782 ],
					"triangles": [ 9, 4, 10, 9, 6, 5, 9, 5, 4, 8, 7, 9, 6, 9, 7, 11, 10, 12, 14, 4, 15, 15, 4, 16, 10, 4, 12, 4, 13, 12, 13, 4, 14, 4, 3, 16, 16, 2, 17, 3, 2, 16, 2, 1, 17, 17, 1, 18, 18, 1, 19, 1, 0, 19, 19, 21, 20, 19, 0, 21 ],
					"vertices": [ 1, 61, 11.49, -31.99, 1, 2, 61, 61.75, -16.97, 0.99255, 63, 29.33, -53.92, 0.00745, 3, 61, 70.83, -12.7, 0.89225, 62, -3.96, -19.81, 0.05974, 63, 32.71, -44.47, 0.04801, 3, 61, 79.15, -5.53, 0.55656, 62, 6.34, -23.59, 0.26052, 63, 33.49, -33.52, 0.18293, 3, 61, 86.83, 1.09, 0.21788, 62, 15.87, -27.08, 0.28557, 63, 34.21, -23.4, 0.49655, 3, 61, 97.86, 1.19, 0.05972, 62, 21.33, -36.66, 0.10008, 63, 41.91, -15.51, 0.8402, 3, 61, 106.8, 3.47, 0.01622, 62, 27.66, -43.36, 0.02337, 63, 46.6, -7.56, 0.96041, 3, 61, 113.68, 8.14, 0.00212, 62, 35.09, -47.1, 0.00133, 63, 48.14, 0.61, 0.99655, 2, 61, 116.07, 11.03, 4.6E-4, 63, 47.78, 4.34, 0.99954, 1, 63, 44.22, 9.31, 1, 3, 61, 75.9, 71.9, 0, 62, 72.4, 16.93, 0.43381, 63, -23.71, 18.77, 0.56619, 3, 61, 68.05, 72.56, 3.0E-5, 62, 69.17, 24.11, 0.51493, 63, -29.72, 13.68, 0.48504, 3, 61, 59.59, 66.52, 0.00378, 62, 59.77, 28.56, 0.68616, 63, -31.4, 3.41, 0.31006, 3, 61, 52.56, 61.39, 0.01829, 62, 51.87, 32.21, 0.82633, 63, -32.72, -5.18, 0.15538, 3, 61, 46.5, 55.19, 0.0533, 62, 43.5, 34.49, 0.88857, 63, -32.59, -13.86, 0.05813, 3, 61, 42.86, 49.91, 0.10758, 62, 37.12, 35.1, 0.87244, 63, -31.41, -20.16, 0.01998, 3, 61, 39.46, 45.72, 0.19502, 62, 31.81, 36.03, 0.80093, 63, -30.84, -25.52, 0.00405, 3, 61, 36.39, 44.15, 0.27375, 62, 28.94, 37.94, 0.72549, 63, -31.89, -28.8, 7.6E-4, 3, 61, 32.76, 43.03, 0.36246, 62, 26.19, 40.57, 0.63751, 63, -33.66, -32.17, 3.0E-5, 2, 61, 24.73, 41.13, 0.53952, 62, 20.62, 46.66, 0.46048, 2, 61, -9.71, 30.38, 0.95891, 62, -5.53, 71.52, 0.04109, 2, 61, -12.35, 22.38, 0.97151, 62, -13.8, 69.93, 0.02849 ],
					"hull": 22,
					"edges": [ 0, 2, 2, 4, 8, 10, 10, 12, 12, 14, 14, 16, 16, 18, 18, 20, 20, 22, 22, 24, 40, 42, 0, 42, 4, 6, 6, 8, 28, 30, 30, 32, 24, 26, 26, 28, 36, 38, 38, 40, 32, 34, 34, 36 ],
					"width": 94,
					"height": 115
				}
			},
			"zs1": {
				"zs1": { "x": 40.97, "y": -7.91, "rotation": 64.69, "width": 107, "height": 140 }
			},
			"炮弹": {
				"炮弹": { "x": -203.1, "y": 442.67, "width": 124, "height": 69 }
			}
		}
	},
	{
		"name": "skin1",
		"attachments": {
			"p1": {
				"p11": { "name": "p1", "x": -0.79, "y": 8.81, "rotation": -85.54, "width": 47, "height": 50 }
			},
			"p2": {
				"p22": { "name": "p2", "x": -3.9, "y": 8.83, "rotation": -85.54, "width": 47, "height": 50 }
			},
			"p3": {
				"p33": { "name": "p3", "x": -2.52, "y": 6.25, "rotation": -85.54, "width": 47, "height": 49 }
			},
			"p4": {
				"p44": { "name": "p4", "x": -4.23, "y": 5.79, "rotation": -85.54, "width": 47, "height": 49 }
			},
			"xb2": {
				"xb11": { "name": "xb2", "x": 82.33, "y": 0.36, "rotation": 180, "width": 174, "height": 119 }
			},
			"yq": {
				"yq11": { "name": "yq", "x": 10.22, "y": 0.82, "rotation": 175.06, "width": 116, "height": 164 }
			},
			"ys2": {
				"ys11": { "name": "ys2", "x": 82.84, "y": 2.75, "rotation": 175.06, "width": 182, "height": 119 }
			},
			"zs": {
				"zs22": { "name": "zs", "x": 38.58, "y": -0.54, "rotation": 179.12, "width": 116, "height": 164 }
			}
		}
	},
	{
		"name": "skin2",
		"attachments": {
			"p1": {
				"p11": {
					"name": "p1",
					"path": "p11",
					"x": -0.79,
					"y": 8.81,
					"rotation": -85.54,
					"width": 46,
					"height": 46
				}
			},
			"p2": {
				"p22": {
					"name": "p2",
					"path": "p22",
					"x": -3.9,
					"y": 8.83,
					"rotation": -85.54,
					"width": 45,
					"height": 47
				}
			},
			"p3": {
				"p33": {
					"name": "p3",
					"path": "p33",
					"x": -2.52,
					"y": 6.25,
					"rotation": -85.54,
					"width": 46,
					"height": 48
				}
			},
			"p4": {
				"p44": {
					"name": "p4",
					"path": "p44",
					"x": -4.23,
					"y": 5.79,
					"rotation": -85.54,
					"width": 44,
					"height": 48
				}
			},
			"xb2": {
				"xb11": {
					"name": "xb2",
					"path": "yss1",
					"x": 82.33,
					"y": 0.36,
					"rotation": 180,
					"width": 179,
					"height": 117
				}
			},
			"yq": {
				"yq11": {
					"name": "yq",
					"path": "yq2",
					"x": 10.22,
					"y": 0.82,
					"rotation": 175.06,
					"width": 114,
					"height": 161
				}
			},
			"ys2": {
				"ys11": {
					"name": "ys2",
					"path": "xb22",
					"x": 82.84,
					"y": 2.75,
					"rotation": 175.06,
					"width": 174,
					"height": 119
				}
			},
			"zs": {
				"zs22": {
					"name": "zs",
					"path": "zs0",
					"x": 38.58,
					"y": -0.54,
					"rotation": 179.12,
					"width": 116,
					"height": 164
				}
			}
		}
	}
],
"animations": {
	"attack2": {
		"slots": {
			"w/SSD1": {
				"attachment": [
					{ "time": 0.2667, "name": "w/SSD1" },
					{ "time": 0.3333, "name": "w/SSD2" },
					{ "time": 0.4333, "name": "w/SSD3" },
					{ "time": 0.5333, "name": "w/SSD4" },
					{ "time": 0.6333, "name": "w/SSD5" },
					{ "time": 0.7333, "name": "w/SSD6" },
					{ "time": 0.8333, "name": "w/SSD7" },
					{ "time": 0.9333, "name": "w/SSD8" },
					{ "time": 1.0333, "name": "w/SSD9" },
					{ "time": 1.1333, "name": null }
				]
			}
		},
		"bones": {
			"bone29": {
				"translate": [
					{},
					{ "time": 0.2333, "x": 115.25, "y": 18.01 }
				],
				"scale": [
					{ "time": 0.2333, "x": 1.5, "y": 1.5 }
				]
			},
			"bone12": {
				"rotate": [
					{},
					{ "time": 0.2333, "angle": -7.28 }
				]
			},
			"bone11": {
				"rotate": [
					{},
					{ "time": 0.1333, "angle": -19.77 },
					{ "time": 0.2333, "angle": 35.64 }
				]
			},
			"bone10": {
				"rotate": [
					{},
					{ "time": 0.2333, "angle": -42.24 }
				]
			},
			"bone6": {
				"rotate": [
					{},
					{ "time": 0.1333, "angle": 22.83 },
					{ "time": 0.2333, "angle": 18.68 }
				]
			},
			"bone7": {
				"rotate": [
					{},
					{ "time": 0.1333, "angle": 40.43 },
					{ "time": 0.2333, "angle": -104.06 }
				],
				"translate": [
					{},
					{ "time": 0.1333, "x": -15.9, "y": -2.05 },
					{ "time": 0.2333, "x": -69.8, "y": -37.75 }
				]
			},
			"bone8": {
				"rotate": [
					{},
					{ "time": 0.1333, "angle": -9.87 },
					{ "time": 0.2333, "angle": 57.57 }
				]
			},
			"bone3": {
				"rotate": [
					{},
					{ "time": 0.2333, "angle": -16.6, "curve": "stepped" },
					{ "time": 0.8, "angle": -16.6 },
					{ "time": 1.1333 }
				]
			},
			"bone14": {
				"rotate": [
					{ "angle": 31.44 }
				]
			},
			"bone17": {
				"rotate": [
					{ "angle": 2.85 }
				]
			},
			"bone18": {
				"rotate": [
					{ "angle": -5.49 }
				]
			},
			"bone19": {
				"rotate": [
					{ "angle": 3.67 }
				]
			},
			"bone": {
				"rotate": [
					{},
					{ "time": 0.1333, "angle": -9.16 },
					{ "time": 0.2333, "angle": 6.08 }
				]
			},
			"bone15": {
				"rotate": [
					{ "angle": -24.67 }
				]
			},
			"bone16": {
				"rotate": [
					{ "angle": -10.94 }
				]
			},
			"1": {
				"translate": [
					{},
					{ "time": 0.2667, "x": 12.64, "y": 11.49 }
				]
			},
			"2": {
				"translate": [
					{},
					{ "time": 0.2667, "x": 12.64, "y": 11.49 }
				]
			},
			"3": {
				"translate": [
					{},
					{ "time": 0.1333, "x": -24.27, "y": 35.72 },
					{ "time": 0.2667, "x": -26.59, "y": 11.56 }
				]
			},
			"4": {
				"translate": [
					{},
					{ "time": 0.1333, "x": -24.27, "y": 44.96 },
					{ "time": 0.2667, "x": -26.59, "y": 11.56 }
				]
			}
		}
	},
	"attack3": {
		"slots": {
			"aaa0": {
				"attachment": [
					{ "time": 0.4667, "name": "f0" },
					{ "time": 0.5333, "name": "f1" },
					{ "time": 0.6, "name": "f2" },
					{ "time": 0.6667, "name": "f3" },
					{ "time": 0.7333, "name": null }
				]
			},
			"aaa1": {
				"attachment": [
					{ "time": 0.7, "name": "f0" },
					{ "time": 0.7667, "name": "f1" },
					{ "time": 0.8333, "name": "f2" },
					{ "time": 0.9, "name": "f3" },
					{ "time": 0.9667, "name": null }
				]
			},
			"aaa2": {
				"attachment": [
					{ "time": 0.8667, "name": "f0" },
					{ "time": 0.9333, "name": "f1" },
					{ "time": 1, "name": "f2" },
					{ "time": 1.0667, "name": "f3" },
					{ "time": 1.1333, "name": null }
				]
			},
			"aaa3": {
				"attachment": [
					{ "time": 1.0333, "name": "f0" },
					{ "time": 1.1, "name": "f1" },
					{ "time": 1.1667, "name": "f2" },
					{ "time": 1.2333, "name": "f3" },
					{ "time": 1.3, "name": null }
				]
			},
			"p1": {
				"attachment": [
					{ "time": 1, "name": null }
				]
			},
			"p2": {
				"attachment": [
					{ "time": 0.6667, "name": null }
				]
			},
			"p3": {
				"attachment": [
					{ "time": 0.8667, "name": null }
				]
			},
			"p4": {
				"attachment": [
					{ "time": 0.5, "name": null }
				]
			},
			"q2": {
				"color": [
					{ "color": "ffffff00" },
					{ "time": 0.0667, "color": "ffffffff" }
				],
				"attachment": [
					{ "name": "q2" }
				]
			},
			"q3": {
				"color": [
					{ "color": "ffffff00", "curve": "stepped" },
					{ "time": 0.2, "color": "ffffff00" },
					{ "time": 0.2667, "color": "ffffffff" }
				],
				"attachment": [
					{ "name": "q2" }
				]
			}
		},
		"bones": {
			"bone": {
				"translate": [
					{},
					{ "time": 0.1667, "x": -1.34, "y": -11.36, "curve": "stepped" },
					{ "time": 1.4, "x": -1.34, "y": -11.36 },
					{ "time": 1.7667 }
				]
			},
			"bone7": {
				"rotate": [
					{},
					{ "time": 0.1667, "angle": 23.97, "curve": "stepped" },
					{ "time": 1.0333, "angle": 23.97 },
					{ "time": 1.1667 }
				]
			},
			"bone2": {
				"rotate": [
					{},
					{ "time": 0.1667, "angle": -3.09, "curve": "stepped" },
					{ "time": 1.0333, "angle": -3.09 },
					{ "time": 1.1667 }
				]
			},
			"bone3": {
				"rotate": [
					{},
					{ "time": 0.1667, "angle": 1.8 },
					{ "time": 1.0333 }
				]
			},
			"bone5": {
				"rotate": [
					{},
					{ "time": 0.1667, "angle": 11.51 },
					{ "time": 0.4333, "angle": 1.87 },
					{ "time": 1.0333 }
				]
			},
			"bone6": {
				"rotate": [
					{},
					{ "time": 0.1667, "angle": 25.18, "curve": "stepped" },
					{ "time": 1.0333, "angle": 25.18 },
					{ "time": 1.1667 }
				]
			},
			"bone11": {
				"rotate": [
					{},
					{ "time": 0.1667, "angle": 23.52, "curve": "stepped" },
					{ "time": 1.0333, "angle": 23.52 },
					{ "time": 1.1667 }
				]
			},
			"bone8": {
				"rotate": [
					{},
					{ "time": 0.1667, "angle": -24.61 },
					{ "time": 1.0333, "angle": -30.28 },
					{ "time": 1.1667 }
				]
			},
			"bone12": {
				"rotate": [
					{},
					{ "time": 0.1667, "angle": 0.53, "curve": "stepped" },
					{ "time": 1.0333, "angle": 0.53 },
					{ "time": 1.1667 }
				]
			},
			"bone30": {
				"translate": [
					{ "x": 130.77, "y": 0.91 }
				],
				"scale": [
					{},
					{ "time": 0.2333, "x": 0, "y": 0 }
				]
			},
			"bone31": {
				"translate": [
					{ "time": 0.2, "x": 130.77, "y": 0.91 }
				],
				"scale": [
					{ "time": 0.2 },
					{ "time": 0.4333, "x": 0, "y": 0 }
				]
			}
		}
	},
	"attackHand1": {
		"slots": {
			"gg1": {
				"attachment": [
					{ "time": 0.0333, "name": "gg1" }
				]
			},
			"gg2": {
				"attachment": [
					{ "time": 0.0333, "name": "gg2" }
				]
			},
			"gg3": {
				"attachment": [
					{ "time": 0.0333, "name": "gg1" }
				]
			},
			"gg4": {
				"attachment": [
					{ "time": 0.0333, "name": "gg2" }
				]
			},
			"gg5": {
				"attachment": [
					{ "time": 0.0333, "name": "gg1" }
				]
			},
			"gg6": {
				"attachment": [
					{ "time": 0.0333, "name": "gg2" }
				]
			},
			"gg7": {
				"attachment": [
					{ "time": 0.0333, "name": "gg1" }
				]
			},
			"gg8": {
				"attachment": [
					{ "time": 0.0333, "name": "gg2" }
				]
			},
			"gg9": {
				"attachment": [
					{ "time": 0.0333, "name": "gg1" }
				]
			},
			"gg10": {
				"attachment": [
					{ "time": 0.0333, "name": "gg2" }
				]
			},
			"gg11": {
				"attachment": [
					{ "time": 0.0333, "name": "gg1" }
				]
			},
			"gg12": {
				"attachment": [
					{ "time": 0.0333, "name": "gg2" }
				]
			},
			"gg13": {
				"attachment": [
					{ "time": 0.0333, "name": "gg1" }
				]
			},
			"gg14": {
				"attachment": [
					{ "time": 0.0333, "name": "gg2" }
				]
			},
			"gg15": {
				"attachment": [
					{ "time": 0.0333, "name": "gg1" }
				]
			},
			"gg16": {
				"attachment": [
					{ "time": 0.0333, "name": "gg2" }
				]
			},
			"gg17": {
				"attachment": [
					{ "time": 0.0333, "name": "gg1" }
				]
			},
			"gg18": {
				"attachment": [
					{ "time": 0.0333, "name": "gg2" }
				]
			},
			"gg19": {
				"attachment": [
					{ "time": 0.0333, "name": "gg1" }
				]
			},
			"gg20": {
				"attachment": [
					{ "time": 0.0333, "name": "gg2" }
				]
			},
			"gg21": {
				"attachment": [
					{ "time": 0.0333, "name": "gg1" }
				]
			},
			"gg22": {
				"attachment": [
					{ "time": 0.0333, "name": "gg2" }
				]
			},
			"gg23": {
				"color": [
					{ "time": 0.3, "color": "ffffffff" },
					{ "time": 0.3667, "color": "ffffff00" }
				],
				"attachment": [
					{ "time": 0.0333, "name": "gg1" }
				]
			},
			"gg24": {
				"color": [
					{ "time": 0.3, "color": "ffffffff" },
					{ "time": 0.3667, "color": "ffffff00" }
				],
				"attachment": [
					{ "time": 0.0333, "name": "gg2" }
				]
			},
			"gg25": {
				"color": [
					{ "time": 0.3, "color": "ffffffff" },
					{ "time": 0.3667, "color": "ffffff00" }
				],
				"attachment": [
					{ "time": 0.0333, "name": "gg1" }
				]
			},
			"gg26": {
				"color": [
					{ "time": 0.3, "color": "ffffffff" },
					{ "time": 0.3667, "color": "ffffff00" }
				],
				"attachment": [
					{ "time": 0.0333, "name": "gg2" }
				]
			},
			"gg27": {
				"color": [
					{ "time": 0.3, "color": "ffffffff" },
					{ "time": 0.3667, "color": "ffffff00" }
				],
				"attachment": [
					{ "time": 0.0333, "name": "gg1" }
				]
			},
			"gg28": {
				"color": [
					{ "time": 0.3, "color": "ffffffff" },
					{ "time": 0.3667, "color": "ffffff00" }
				],
				"attachment": [
					{ "time": 0.0333, "name": "gg2" }
				]
			},
			"gg29": {
				"color": [
					{ "time": 0.3, "color": "ffffffff" },
					{ "time": 0.3667, "color": "ffffff00" }
				],
				"attachment": [
					{ "time": 0.0333, "name": "gg1" }
				]
			},
			"gg30": {
				"color": [
					{ "time": 0.3, "color": "ffffffff" },
					{ "time": 0.3667, "color": "ffffff00" }
				],
				"attachment": [
					{ "time": 0.0333, "name": "gg2" }
				]
			},
			"gg31": {
				"color": [
					{ "time": 0.3, "color": "ffffffff" },
					{ "time": 0.3667, "color": "ffffff00" }
				],
				"attachment": [
					{ "time": 0.0333, "name": "gg1" }
				]
			},
			"gg32": {
				"color": [
					{ "time": 0.3, "color": "ffffffff" },
					{ "time": 0.3667, "color": "ffffff00" }
				],
				"attachment": [
					{ "time": 0.0333, "name": "gg2" }
				]
			},
			"gg33": {
				"color": [
					{ "time": 0.3, "color": "ffffffff" },
					{ "time": 0.3667, "color": "ffffff00" }
				],
				"attachment": [
					{ "time": 0.0333, "name": "gg1" }
				]
			},
			"gg34": {
				"color": [
					{ "time": 0.3, "color": "ffffffff" },
					{ "time": 0.3667, "color": "ffffff00" }
				],
				"attachment": [
					{ "time": 0.0333, "name": "gg2" }
				]
			},
			"gg35": {
				"color": [
					{ "time": 0.3, "color": "ffffffff" },
					{ "time": 0.3667, "color": "ffffff00" }
				],
				"attachment": [
					{ "time": 0.0333, "name": "gg1" }
				]
			},
			"gg36": {
				"color": [
					{ "time": 0.3, "color": "ffffffff" },
					{ "time": 0.3667, "color": "ffffff00" }
				],
				"attachment": [
					{ "time": 0.0333, "name": "gg2" }
				]
			},
			"gg37": {
				"color": [
					{ "time": 0.3, "color": "ffffffff" },
					{ "time": 0.3667, "color": "ffffff00" }
				],
				"attachment": [
					{ "time": 0.0333, "name": "gg1" }
				]
			},
			"gg38": {
				"color": [
					{ "time": 0.3, "color": "ffffffff" },
					{ "time": 0.3667, "color": "ffffff00" }
				],
				"attachment": [
					{ "time": 0.0333, "name": "gg2" }
				]
			},
			"gg39": {
				"color": [
					{ "time": 0.3, "color": "ffffffff" },
					{ "time": 0.3667, "color": "ffffff00" }
				],
				"attachment": [
					{ "time": 0.0333, "name": "gg1" }
				]
			},
			"gg40": {
				"color": [
					{ "time": 0.3, "color": "ffffffff" },
					{ "time": 0.3667, "color": "ffffff00" }
				],
				"attachment": [
					{ "time": 0.0333, "name": "gg2" }
				]
			},
			"gg41": {
				"color": [
					{ "time": 0.3, "color": "ffffffff" },
					{ "time": 0.3667, "color": "ffffff00" }
				],
				"attachment": [
					{ "time": 0.0333, "name": "gg1" }
				]
			},
			"gg42": {
				"color": [
					{ "time": 0.3, "color": "ffffffff" },
					{ "time": 0.3667, "color": "ffffff00" }
				],
				"attachment": [
					{ "time": 0.0333, "name": "gg2" }
				]
			},
			"gg43": {
				"color": [
					{ "time": 0.3, "color": "ffffffff" },
					{ "time": 0.3667, "color": "ffffff00" }
				],
				"attachment": [
					{ "time": 0.0333, "name": "gg1" }
				]
			},
			"gg44": {
				"color": [
					{ "time": 0.3, "color": "ffffffff" },
					{ "time": 0.3667, "color": "ffffff00" }
				],
				"attachment": [
					{ "time": 0.0333, "name": "gg2" }
				]
			}
		},
		"bones": {
			"bone13": {
				"translate": [
					{},
					{ "time": 0.1667, "x": 939.59 },
					{ "time": 0.3667 }
				]
			},
			"aa1": {
				"translate": [
					{},
					{ "time": 0.1667, "x": 10.14 },
					{ "time": 0.3667 }
				]
			},
			"aa2": {
				"translate": [
					{},
					{ "time": 0.1667, "x": 19.12, "y": -0.4 },
					{ "time": 0.3667 }
				]
			},
			"aa3": {
				"translate": [
					{},
					{ "time": 0.1667, "x": 37.17, "y": -1.56 },
					{ "time": 0.3667 }
				]
			},
			"aa4": {
				"translate": [
					{},
					{ "time": 0.1667, "x": 22.71, "y": 0.4 },
					{ "time": 0.3667 }
				]
			},
			"aa5": {
				"translate": [
					{},
					{ "time": 0.1667, "x": 37.96, "y": -0.4 },
					{ "time": 0.3667 }
				]
			},
			"aa6": {
				"translate": [
					{},
					{ "time": 0.1667, "x": 33.62, "y": 0.62 },
					{ "time": 0.3667 }
				]
			},
			"aa7": {
				"translate": [
					{},
					{ "time": 0.1667, "x": 26.01, "y": -1.5 },
					{ "time": 0.3667 }
				]
			},
			"aa8": {
				"translate": [
					{},
					{ "time": 0.1667, "x": 40.12, "y": -1.87 },
					{ "time": 0.3667 }
				]
			},
			"aa9": {
				"translate": [
					{},
					{ "time": 0.1667, "x": 35.52, "y": -2 },
					{ "time": 0.3667 }
				]
			},
			"aa10": {
				"translate": [
					{},
					{ "time": 0.1667, "x": 31.06, "y": 2.71 },
					{ "time": 0.3667 }
				]
			},
			"aa11": {
				"translate": [
					{},
					{ "time": 0.1667, "x": 37.17, "y": 2.04 },
					{ "time": 0.3667 }
				]
			},
			"aa12": {
				"translate": [
					{},
					{ "time": 0.1667, "x": 22.71, "y": 0.4 },
					{ "time": 0.3667 }
				]
			},
			"aa13": {
				"translate": [
					{},
					{ "time": 0.1667, "x": 37.96, "y": -0.4 },
					{ "time": 0.3667 }
				]
			},
			"aa14": {
				"translate": [
					{},
					{ "time": 0.1667, "x": 33.62, "y": 0.62 },
					{ "time": 0.3667 }
				]
			},
			"aa15": {
				"translate": [
					{},
					{ "time": 0.1667, "x": 26.01, "y": -1.5 },
					{ "time": 0.3667 }
				]
			},
			"aa16": {
				"translate": [
					{},
					{ "time": 0.1667, "x": 40.12, "y": -1.87 },
					{ "time": 0.3667 }
				]
			},
			"aa17": {
				"translate": [
					{},
					{ "time": 0.1667, "x": 35.52, "y": -2 },
					{ "time": 0.3667 }
				]
			},
			"aa18": {
				"translate": [
					{},
					{ "time": 0.1667, "x": 31.06, "y": 2.71 },
					{ "time": 0.3667 }
				]
			},
			"aa19": {
				"translate": [
					{},
					{ "time": 0.1667, "x": 26.01, "y": -1.5 },
					{ "time": 0.3667 }
				]
			},
			"aa20": {
				"translate": [
					{},
					{ "time": 0.1667, "x": 40.12, "y": -1.87 },
					{ "time": 0.3667 }
				]
			},
			"aa21": {
				"translate": [
					{},
					{ "time": 0.1667, "x": 35.52, "y": -2 },
					{ "time": 0.3667 }
				]
			},
			"aa22": {
				"translate": [
					{},
					{ "time": 0.1667, "x": 31.06, "y": 2.71 },
					{ "time": 0.3667 }
				]
			},
			"bone9": {
				"translate": [
					{},
					{ "time": 0.1667, "x": 991.53, "y": -38.2 },
					{ "time": 0.3667 }
				]
			},
			"aa23": {
				"translate": [
					{},
					{ "time": 0.1667, "x": 10.14 },
					{ "time": 0.3667 }
				]
			},
			"aa24": {
				"translate": [
					{},
					{ "time": 0.1667, "x": 19.12, "y": -0.4 },
					{ "time": 0.3667 }
				]
			},
			"aa25": {
				"translate": [
					{},
					{ "time": 0.1667, "x": 37.17, "y": -1.56 },
					{ "time": 0.3667 }
				]
			},
			"aa26": {
				"translate": [
					{},
					{ "time": 0.1667, "x": 22.71, "y": 0.4 },
					{ "time": 0.3667 }
				]
			},
			"aa27": {
				"translate": [
					{},
					{ "time": 0.1667, "x": 37.96, "y": -0.4 },
					{ "time": 0.3667 }
				]
			},
			"aa28": {
				"translate": [
					{},
					{ "time": 0.1667, "x": 33.62, "y": 0.62 },
					{ "time": 0.3667 }
				]
			},
			"aa29": {
				"translate": [
					{},
					{ "time": 0.1667, "x": 26.01, "y": -1.5 },
					{ "time": 0.3667 }
				]
			},
			"aa30": {
				"translate": [
					{},
					{ "time": 0.1667, "x": 40.12, "y": -1.87 },
					{ "time": 0.3667 }
				]
			},
			"aa31": {
				"translate": [
					{},
					{ "time": 0.1667, "x": 35.52, "y": -2 },
					{ "time": 0.3667 }
				]
			},
			"aa32": {
				"translate": [
					{},
					{ "time": 0.1667, "x": 31.06, "y": 2.71 },
					{ "time": 0.3667 }
				]
			},
			"aa33": {
				"translate": [
					{},
					{ "time": 0.1667, "x": 37.17, "y": 2.04 },
					{ "time": 0.3667 }
				]
			},
			"aa34": {
				"translate": [
					{},
					{ "time": 0.1667, "x": 22.71, "y": 0.4 },
					{ "time": 0.3667 }
				]
			},
			"aa35": {
				"translate": [
					{},
					{ "time": 0.1667, "x": 37.96, "y": -0.4 },
					{ "time": 0.3667 }
				]
			},
			"aa36": {
				"translate": [
					{},
					{ "time": 0.1667, "x": 33.62, "y": 0.62 },
					{ "time": 0.3667 }
				]
			},
			"aa37": {
				"translate": [
					{},
					{ "time": 0.1667, "x": 26.01, "y": -1.5 },
					{ "time": 0.3667 }
				]
			},
			"aa38": {
				"translate": [
					{},
					{ "time": 0.1667, "x": 40.12, "y": -1.87 },
					{ "time": 0.3667 }
				]
			},
			"aa39": {
				"translate": [
					{},
					{ "time": 0.1667, "x": 35.52, "y": -2 },
					{ "time": 0.3667 }
				]
			},
			"aa40": {
				"translate": [
					{},
					{ "time": 0.1667, "x": 31.06, "y": 2.71 },
					{ "time": 0.3667 }
				]
			},
			"aa41": {
				"translate": [
					{},
					{ "time": 0.1667, "x": 26.01, "y": -1.5 },
					{ "time": 0.3667 }
				]
			},
			"aa42": {
				"translate": [
					{},
					{ "time": 0.1667, "x": 40.12, "y": -1.87 },
					{ "time": 0.3667 }
				]
			},
			"aa43": {
				"translate": [
					{},
					{ "time": 0.1667, "x": 35.52, "y": -2 },
					{ "time": 0.3667 }
				]
			},
			"aa44": {
				"translate": [
					{},
					{ "time": 0.1667, "x": 31.06, "y": 2.71 },
					{ "time": 0.3667 }
				]
			}
		}
	},
	"attackHand2": {
		"slots": {
			"gg1": {
				"attachment": [
					{ "time": 0.1, "name": "gg1" }
				]
			},
			"gg2": {
				"attachment": [
					{ "time": 0.1, "name": "gg2" }
				]
			},
			"gg3": {
				"attachment": [
					{ "time": 0.1, "name": "gg1" }
				]
			},
			"gg4": {
				"attachment": [
					{ "time": 0.1, "name": "gg2" }
				]
			},
			"gg5": {
				"attachment": [
					{ "time": 0.1, "name": "gg1" }
				]
			},
			"gg6": {
				"attachment": [
					{ "time": 0.1, "name": "gg2" }
				]
			},
			"gg7": {
				"attachment": [
					{ "time": 0.1, "name": "gg1" }
				]
			},
			"gg8": {
				"attachment": [
					{ "time": 0.1, "name": "gg2" }
				]
			},
			"gg9": {
				"attachment": [
					{ "time": 0.1, "name": "gg1" }
				]
			},
			"gg10": {
				"attachment": [
					{ "time": 0.1, "name": "gg2" }
				]
			},
			"gg11": {
				"attachment": [
					{ "time": 0.1, "name": "gg1" }
				]
			},
			"gg12": {
				"attachment": [
					{ "time": 0.1, "name": "gg2" }
				]
			},
			"gg13": {
				"attachment": [
					{ "time": 0.1, "name": "gg1" }
				]
			},
			"gg14": {
				"attachment": [
					{ "time": 0.1, "name": "gg2" }
				]
			},
			"gg15": {
				"attachment": [
					{ "time": 0.1, "name": "gg1" }
				]
			},
			"gg16": {
				"attachment": [
					{ "time": 0.1, "name": "gg2" }
				]
			},
			"gg17": {
				"attachment": [
					{ "time": 0.1, "name": "gg1" }
				]
			},
			"gg18": {
				"attachment": [
					{ "time": 0.1, "name": "gg2" }
				]
			},
			"gg19": {
				"attachment": [
					{ "time": 0.1, "name": "gg1" }
				]
			},
			"gg20": {
				"attachment": [
					{ "time": 0.1, "name": "gg2" }
				]
			},
			"gg21": {
				"attachment": [
					{ "time": 0.1, "name": "gg1" }
				]
			},
			"gg22": {
				"attachment": [
					{ "time": 0.1, "name": "gg2" }
				]
			},
			"gg23": {
				"attachment": [
					{ "time": 0.1, "name": "gg1" }
				]
			},
			"gg24": {
				"attachment": [
					{ "time": 0.1, "name": "gg2" }
				]
			},
			"gg25": {
				"attachment": [
					{ "time": 0.1, "name": "gg1" }
				]
			},
			"gg26": {
				"attachment": [
					{ "time": 0.1, "name": "gg2" }
				]
			},
			"gg27": {
				"attachment": [
					{ "time": 0.1, "name": "gg1" }
				]
			},
			"gg28": {
				"attachment": [
					{ "time": 0.1, "name": "gg2" }
				]
			},
			"gg29": {
				"attachment": [
					{ "time": 0.1, "name": "gg1" }
				]
			},
			"gg30": {
				"attachment": [
					{ "time": 0.1, "name": "gg2" }
				]
			},
			"gg31": {
				"attachment": [
					{ "time": 0.1, "name": "gg1" }
				]
			},
			"gg32": {
				"attachment": [
					{ "time": 0.1, "name": "gg2" }
				]
			},
			"gg33": {
				"attachment": [
					{ "time": 0.1, "name": "gg1" }
				]
			},
			"gg34": {
				"attachment": [
					{ "time": 0.1, "name": "gg2" }
				]
			},
			"gg35": {
				"attachment": [
					{ "time": 0.1, "name": "gg1" }
				]
			},
			"gg36": {
				"attachment": [
					{ "time": 0.1, "name": "gg2" }
				]
			},
			"gg37": {
				"attachment": [
					{ "time": 0.1, "name": "gg1" }
				]
			},
			"gg38": {
				"attachment": [
					{ "time": 0.1, "name": "gg2" }
				]
			},
			"gg39": {
				"attachment": [
					{ "time": 0.1, "name": "gg1" }
				]
			},
			"gg40": {
				"attachment": [
					{ "time": 0.1, "name": "gg2" }
				]
			},
			"gg41": {
				"attachment": [
					{ "time": 0.1, "name": "gg1" }
				]
			},
			"gg42": {
				"attachment": [
					{ "time": 0.1, "name": "gg2" }
				]
			},
			"gg43": {
				"attachment": [
					{ "time": 0.1, "name": "gg1" }
				]
			},
			"gg44": {
				"attachment": [
					{ "time": 0.1, "name": "gg2" }
				]
			}
		},
		"bones": {
			"bone12": {
				"rotate": [
					{},
					{ "time": 0.0667, "angle": 70.52, "curve": "stepped" },
					{ "time": 0.4333, "angle": 70.52 },
					{ "time": 0.5333 }
				]
			},
			"bone13": {
				"translate": [
					{ "time": 0.0667 },
					{ "time": 0.2333, "x": 939.59 },
					{ "time": 0.4333 }
				]
			},
			"aa1": {
				"translate": [
					{ "time": 0.0667 },
					{ "time": 0.2333, "x": 10.14 },
					{ "time": 0.4333 }
				]
			},
			"aa2": {
				"translate": [
					{ "time": 0.0667 },
					{ "time": 0.2333, "x": 19.12, "y": -0.4 },
					{ "time": 0.4333 }
				]
			},
			"aa3": {
				"translate": [
					{ "time": 0.0667 },
					{ "time": 0.2333, "x": 37.17, "y": -1.56 },
					{ "time": 0.4333 }
				]
			},
			"aa4": {
				"translate": [
					{ "time": 0.0667 },
					{ "time": 0.2333, "x": 22.71, "y": 0.4 },
					{ "time": 0.4333 }
				]
			},
			"aa5": {
				"translate": [
					{ "time": 0.0667 },
					{ "time": 0.2333, "x": 37.96, "y": -0.4 },
					{ "time": 0.4333 }
				]
			},
			"aa6": {
				"translate": [
					{ "time": 0.0667 },
					{ "time": 0.2333, "x": 33.62, "y": 0.62 },
					{ "time": 0.4333 }
				]
			},
			"aa7": {
				"translate": [
					{ "time": 0.0667 },
					{ "time": 0.2333, "x": 26.01, "y": -1.5 },
					{ "time": 0.4333 }
				]
			},
			"aa8": {
				"translate": [
					{ "time": 0.0667 },
					{ "time": 0.2333, "x": 40.12, "y": -1.87 },
					{ "time": 0.4333 }
				]
			},
			"aa9": {
				"translate": [
					{ "time": 0.0667 },
					{ "time": 0.2333, "x": 35.52, "y": -2 },
					{ "time": 0.4333 }
				]
			},
			"aa10": {
				"translate": [
					{ "time": 0.0667 },
					{ "time": 0.2333, "x": 31.06, "y": 2.71 },
					{ "time": 0.4333 }
				]
			},
			"aa11": {
				"translate": [
					{ "time": 0.0667 },
					{ "time": 0.2333, "x": 37.17, "y": 2.04 },
					{ "time": 0.4333 }
				]
			},
			"aa12": {
				"translate": [
					{ "time": 0.0667 },
					{ "time": 0.2333, "x": 22.71, "y": 0.4 },
					{ "time": 0.4333 }
				]
			},
			"aa13": {
				"translate": [
					{ "time": 0.0667 },
					{ "time": 0.2333, "x": 37.96, "y": -0.4 },
					{ "time": 0.4333 }
				]
			},
			"aa14": {
				"translate": [
					{ "time": 0.0667 },
					{ "time": 0.2333, "x": 33.62, "y": 0.62 },
					{ "time": 0.4333 }
				]
			},
			"aa15": {
				"translate": [
					{ "time": 0.0667 },
					{ "time": 0.2333, "x": 26.01, "y": -1.5 },
					{ "time": 0.4333 }
				]
			},
			"aa16": {
				"translate": [
					{ "time": 0.0667 },
					{ "time": 0.2333, "x": 40.12, "y": -1.87 },
					{ "time": 0.4333 }
				]
			},
			"aa17": {
				"translate": [
					{ "time": 0.0667 },
					{ "time": 0.2333, "x": 35.52, "y": -2 },
					{ "time": 0.4333 }
				]
			},
			"aa18": {
				"translate": [
					{ "time": 0.0667 },
					{ "time": 0.2333, "x": 31.06, "y": 2.71 },
					{ "time": 0.4333 }
				]
			},
			"aa19": {
				"translate": [
					{ "time": 0.0667 },
					{ "time": 0.2333, "x": 26.01, "y": -1.5 },
					{ "time": 0.4333 }
				]
			},
			"aa20": {
				"translate": [
					{ "time": 0.0667 },
					{ "time": 0.2333, "x": 40.12, "y": -1.87 },
					{ "time": 0.4333 }
				]
			},
			"aa21": {
				"translate": [
					{ "time": 0.0667 },
					{ "time": 0.2333, "x": 35.52, "y": -2 },
					{ "time": 0.4333 }
				]
			},
			"aa22": {
				"translate": [
					{ "time": 0.0667 },
					{ "time": 0.2333, "x": 31.06, "y": 2.71 },
					{ "time": 0.4333 }
				]
			},
			"bone9": {
				"translate": [
					{ "time": 0.0667 },
					{ "time": 0.2333, "x": 991.53, "y": -38.2 },
					{ "time": 0.4333 }
				]
			},
			"aa23": {
				"translate": [
					{ "time": 0.0667 },
					{ "time": 0.2333, "x": 10.14 },
					{ "time": 0.4333 }
				]
			},
			"aa24": {
				"translate": [
					{ "time": 0.0667 },
					{ "time": 0.2333, "x": 19.12, "y": -0.4 },
					{ "time": 0.4333 }
				]
			},
			"aa25": {
				"translate": [
					{ "time": 0.0667 },
					{ "time": 0.2333, "x": 37.17, "y": -1.56 },
					{ "time": 0.4333 }
				]
			},
			"aa26": {
				"translate": [
					{ "time": 0.0667 },
					{ "time": 0.2333, "x": 22.71, "y": 0.4 },
					{ "time": 0.4333 }
				]
			},
			"aa27": {
				"translate": [
					{ "time": 0.0667 },
					{ "time": 0.2333, "x": 37.96, "y": -0.4 },
					{ "time": 0.4333 }
				]
			},
			"aa28": {
				"translate": [
					{ "time": 0.0667 },
					{ "time": 0.2333, "x": 33.62, "y": 0.62 },
					{ "time": 0.4333 }
				]
			},
			"aa29": {
				"translate": [
					{ "time": 0.0667 },
					{ "time": 0.2333, "x": 26.01, "y": -1.5 },
					{ "time": 0.4333 }
				]
			},
			"aa30": {
				"translate": [
					{ "time": 0.0667 },
					{ "time": 0.2333, "x": 40.12, "y": -1.87 },
					{ "time": 0.4333 }
				]
			},
			"aa31": {
				"translate": [
					{ "time": 0.0667 },
					{ "time": 0.2333, "x": 35.52, "y": -2 },
					{ "time": 0.4333 }
				]
			},
			"aa32": {
				"translate": [
					{ "time": 0.0667 },
					{ "time": 0.2333, "x": 31.06, "y": 2.71 },
					{ "time": 0.4333 }
				]
			},
			"aa33": {
				"translate": [
					{ "time": 0.0667 },
					{ "time": 0.2333, "x": 37.17, "y": 2.04 },
					{ "time": 0.4333 }
				]
			},
			"aa34": {
				"translate": [
					{ "time": 0.0667 },
					{ "time": 0.2333, "x": 22.71, "y": 0.4 },
					{ "time": 0.4333 }
				]
			},
			"aa35": {
				"translate": [
					{ "time": 0.0667 },
					{ "time": 0.2333, "x": 37.96, "y": -0.4 },
					{ "time": 0.4333 }
				]
			},
			"aa36": {
				"translate": [
					{ "time": 0.0667 },
					{ "time": 0.2333, "x": 33.62, "y": 0.62 },
					{ "time": 0.4333 }
				]
			},
			"aa37": {
				"translate": [
					{ "time": 0.0667 },
					{ "time": 0.2333, "x": 26.01, "y": -1.5 },
					{ "time": 0.4333 }
				]
			},
			"aa38": {
				"translate": [
					{ "time": 0.0667 },
					{ "time": 0.2333, "x": 40.12, "y": -1.87 },
					{ "time": 0.4333 }
				]
			},
			"aa39": {
				"translate": [
					{ "time": 0.0667 },
					{ "time": 0.2333, "x": 35.52, "y": -2 },
					{ "time": 0.4333 }
				]
			},
			"aa40": {
				"translate": [
					{ "time": 0.0667 },
					{ "time": 0.2333, "x": 31.06, "y": 2.71 },
					{ "time": 0.4333 }
				]
			},
			"aa41": {
				"translate": [
					{ "time": 0.0667 },
					{ "time": 0.2333, "x": 26.01, "y": -1.5 },
					{ "time": 0.4333 }
				]
			},
			"aa42": {
				"translate": [
					{ "time": 0.0667 },
					{ "time": 0.2333, "x": 40.12, "y": -1.87 },
					{ "time": 0.4333 }
				]
			},
			"aa43": {
				"translate": [
					{ "time": 0.0667 },
					{ "time": 0.2333, "x": 35.52, "y": -2 },
					{ "time": 0.4333 }
				]
			},
			"aa44": {
				"translate": [
					{ "time": 0.0667 },
					{ "time": 0.2333, "x": 31.06, "y": 2.71 },
					{ "time": 0.4333 }
				]
			},
			"bone8": {
				"rotate": [
					{},
					{ "time": 0.0667, "angle": 59.03, "curve": "stepped" },
					{ "time": 0.4333, "angle": 59.03 },
					{ "time": 0.5333 }
				]
			},
			"bone6": {
				"rotate": [
					{},
					{ "time": 0.0667, "angle": -57.12, "curve": "stepped" },
					{ "time": 0.4333, "angle": -57.12 },
					{ "time": 0.5333 }
				]
			},
			"bone7": {
				"rotate": [
					{},
					{ "time": 0.0667, "angle": -43.92, "curve": "stepped" },
					{ "time": 0.4333, "angle": -43.92 },
					{ "time": 0.5333 }
				],
				"translate": [
					{},
					{ "time": 0.0667, "x": -45.49, "y": -18.17, "curve": "stepped" },
					{ "time": 0.4333, "x": -45.49, "y": -18.17 },
					{ "time": 0.5333 }
				]
			},
			"bone11": {
				"rotate": [
					{},
					{ "time": 0.0667, "angle": -117.78, "curve": "stepped" },
					{ "time": 0.4333, "angle": -117.78 },
					{ "time": 0.5333 }
				]
			}
		}
	},
	"attackHand3": {
		"slots": {
			"gg1": {
				"attachment": [
					{ "time": 0.1, "name": "gg1" }
				]
			},
			"gg2": {
				"attachment": [
					{ "time": 0.1, "name": "gg2" }
				]
			},
			"gg3": {
				"attachment": [
					{ "time": 0.1, "name": "gg1" }
				]
			},
			"gg4": {
				"attachment": [
					{ "time": 0.1, "name": "gg2" }
				]
			},
			"gg5": {
				"attachment": [
					{ "time": 0.1, "name": "gg1" }
				]
			},
			"gg6": {
				"attachment": [
					{ "time": 0.1, "name": "gg2" }
				]
			},
			"gg7": {
				"attachment": [
					{ "time": 0.1, "name": "gg1" }
				]
			},
			"gg8": {
				"attachment": [
					{ "time": 0.1, "name": "gg2" }
				]
			},
			"gg9": {
				"attachment": [
					{ "time": 0.1, "name": "gg1" }
				]
			},
			"gg10": {
				"attachment": [
					{ "time": 0.1, "name": "gg2" }
				]
			},
			"gg11": {
				"attachment": [
					{ "time": 0.1, "name": "gg1" }
				]
			},
			"gg12": {
				"attachment": [
					{ "time": 0.1, "name": "gg2" }
				]
			},
			"gg13": {
				"attachment": [
					{ "time": 0.1, "name": "gg1" }
				]
			},
			"gg14": {
				"attachment": [
					{ "time": 0.1, "name": "gg2" }
				]
			},
			"gg15": {
				"attachment": [
					{ "time": 0.1, "name": "gg1" }
				]
			},
			"gg16": {
				"attachment": [
					{ "time": 0.1, "name": "gg2" }
				]
			},
			"gg17": {
				"attachment": [
					{ "time": 0.1, "name": "gg1" }
				]
			},
			"gg18": {
				"attachment": [
					{ "time": 0.1, "name": "gg2" }
				]
			},
			"gg19": {
				"attachment": [
					{ "time": 0.1, "name": "gg1" }
				]
			},
			"gg20": {
				"attachment": [
					{ "time": 0.1, "name": "gg2" }
				]
			},
			"gg21": {
				"attachment": [
					{ "time": 0.1, "name": "gg1" }
				]
			},
			"gg22": {
				"attachment": [
					{ "time": 0.1, "name": "gg2" }
				]
			},
			"gg23": {
				"attachment": [
					{ "time": 0.1, "name": "gg1" }
				]
			},
			"gg24": {
				"attachment": [
					{ "time": 0.1, "name": "gg2" }
				]
			},
			"gg25": {
				"attachment": [
					{ "time": 0.1, "name": "gg1" }
				]
			},
			"gg26": {
				"attachment": [
					{ "time": 0.1, "name": "gg2" }
				]
			},
			"gg27": {
				"attachment": [
					{ "time": 0.1, "name": "gg1" }
				]
			},
			"gg28": {
				"attachment": [
					{ "time": 0.1, "name": "gg2" }
				]
			},
			"gg29": {
				"attachment": [
					{ "time": 0.1, "name": "gg1" }
				]
			},
			"gg30": {
				"attachment": [
					{ "time": 0.1667, "name": "gg2" },
					{ "time": 0.4667, "name": null }
				]
			},
			"gg31": {
				"attachment": [
					{ "time": 0.1, "name": "gg1" }
				]
			},
			"gg32": {
				"attachment": [
					{ "time": 0.1, "name": "gg2" }
				]
			},
			"gg33": {
				"attachment": [
					{ "time": 0.1, "name": "gg1" }
				]
			},
			"gg34": {
				"attachment": [
					{ "time": 0.1, "name": "gg2" }
				]
			},
			"gg35": {
				"attachment": [
					{ "time": 0.1, "name": "gg1" }
				]
			},
			"gg36": {
				"attachment": [
					{ "time": 0.1, "name": "gg2" }
				]
			},
			"gg37": {
				"attachment": [
					{ "time": 0.1, "name": "gg1" }
				]
			},
			"gg38": {
				"attachment": [
					{ "time": 0.1, "name": "gg2" }
				]
			},
			"gg39": {
				"attachment": [
					{ "time": 0.1, "name": "gg1" }
				]
			},
			"gg40": {
				"attachment": [
					{ "time": 0.1, "name": "gg2" }
				]
			},
			"gg41": {
				"attachment": [
					{ "time": 0.1, "name": "gg1" }
				]
			},
			"gg42": {
				"attachment": [
					{ "time": 0.1, "name": "gg2" }
				]
			},
			"gg43": {
				"attachment": [
					{ "time": 0.1, "name": "gg1" }
				]
			},
			"gg44": {
				"attachment": [
					{ "time": 0.1, "name": "gg2" }
				]
			}
		},
		"bones": {
			"bone12": {
				"rotate": [
					{},
					{ "time": 0.0667, "angle": 38.57, "curve": "stepped" },
					{ "time": 0.4333, "angle": 38.57 },
					{ "time": 0.5333 }
				]
			},
			"bone13": {
				"translate": [
					{ "time": 0.0667 },
					{ "time": 0.2333, "x": 939.59 },
					{ "time": 0.4333 }
				]
			},
			"aa1": {
				"translate": [
					{ "time": 0.0667 },
					{ "time": 0.2333, "x": 10.14 },
					{ "time": 0.4333 }
				]
			},
			"aa2": {
				"translate": [
					{ "time": 0.0667 },
					{ "time": 0.2333, "x": 19.12, "y": -0.4 },
					{ "time": 0.4333 }
				]
			},
			"aa3": {
				"translate": [
					{ "time": 0.0667 },
					{ "time": 0.2333, "x": 37.17, "y": -1.56 },
					{ "time": 0.4333 }
				]
			},
			"aa4": {
				"translate": [
					{ "time": 0.0667 },
					{ "time": 0.2333, "x": 22.71, "y": 0.4 },
					{ "time": 0.4333 }
				]
			},
			"aa5": {
				"translate": [
					{ "time": 0.0667 },
					{ "time": 0.2333, "x": 37.96, "y": -0.4 },
					{ "time": 0.4333 }
				]
			},
			"aa6": {
				"translate": [
					{ "time": 0.0667 },
					{ "time": 0.2333, "x": 33.62, "y": 0.62 },
					{ "time": 0.4333 }
				]
			},
			"aa7": {
				"translate": [
					{ "time": 0.0667 },
					{ "time": 0.2333, "x": 26.01, "y": -1.5 },
					{ "time": 0.4333 }
				]
			},
			"aa8": {
				"translate": [
					{ "time": 0.0667 },
					{ "time": 0.2333, "x": 40.12, "y": -1.87 },
					{ "time": 0.4333 }
				]
			},
			"aa9": {
				"translate": [
					{ "time": 0.0667 },
					{ "time": 0.2333, "x": 35.52, "y": -2 },
					{ "time": 0.4333 }
				]
			},
			"aa10": {
				"translate": [
					{ "time": 0.0667 },
					{ "time": 0.2333, "x": 31.06, "y": 2.71 },
					{ "time": 0.4333 }
				]
			},
			"aa11": {
				"translate": [
					{ "time": 0.0667 },
					{ "time": 0.2333, "x": 37.17, "y": 2.04 },
					{ "time": 0.4333 }
				]
			},
			"aa12": {
				"translate": [
					{ "time": 0.0667 },
					{ "time": 0.2333, "x": 22.71, "y": 0.4 },
					{ "time": 0.4333 }
				]
			},
			"aa13": {
				"translate": [
					{ "time": 0.0667 },
					{ "time": 0.2333, "x": 37.96, "y": -0.4 },
					{ "time": 0.4333 }
				]
			},
			"aa14": {
				"translate": [
					{ "time": 0.0667 },
					{ "time": 0.2333, "x": 33.62, "y": 0.62 },
					{ "time": 0.4333 }
				]
			},
			"aa15": {
				"translate": [
					{ "time": 0.0667 },
					{ "time": 0.2333, "x": 26.01, "y": -1.5 },
					{ "time": 0.4333 }
				]
			},
			"aa16": {
				"translate": [
					{ "time": 0.0667 },
					{ "time": 0.2333, "x": 40.12, "y": -1.87 },
					{ "time": 0.4333 }
				]
			},
			"aa17": {
				"translate": [
					{ "time": 0.0667 },
					{ "time": 0.2333, "x": 35.52, "y": -2 },
					{ "time": 0.4333 }
				]
			},
			"aa18": {
				"translate": [
					{ "time": 0.0667 },
					{ "time": 0.2333, "x": 31.06, "y": 2.71 },
					{ "time": 0.4333 }
				]
			},
			"aa19": {
				"translate": [
					{ "time": 0.0667 },
					{ "time": 0.2333, "x": 26.01, "y": -1.5 },
					{ "time": 0.4333 }
				]
			},
			"aa20": {
				"translate": [
					{ "time": 0.0667 },
					{ "time": 0.2333, "x": 40.12, "y": -1.87 },
					{ "time": 0.4333 }
				]
			},
			"aa21": {
				"translate": [
					{ "time": 0.0667 },
					{ "time": 0.2333, "x": 35.52, "y": -2 },
					{ "time": 0.4333 }
				]
			},
			"aa22": {
				"translate": [
					{ "time": 0.0667 },
					{ "time": 0.2333, "x": 31.06, "y": 2.71 },
					{ "time": 0.4333 }
				]
			},
			"bone9": {
				"translate": [
					{ "time": 0.0667 },
					{ "time": 0.2333, "x": 991.53, "y": -38.2 },
					{ "time": 0.4333 }
				]
			},
			"aa23": {
				"translate": [
					{ "time": 0.0667 },
					{ "time": 0.2333, "x": 10.14 },
					{ "time": 0.4333, "x": -45.31, "y": 6.81 },
					{ "time": 0.5333 }
				]
			},
			"aa24": {
				"translate": [
					{ "time": 0.0667 },
					{ "time": 0.2333, "x": 19.12, "y": -0.4 },
					{ "time": 0.4333 }
				]
			},
			"aa25": {
				"translate": [
					{ "time": 0.0667 },
					{ "time": 0.2333, "x": 37.17, "y": -1.56 },
					{ "time": 0.4333 }
				]
			},
			"aa26": {
				"translate": [
					{ "time": 0.0667 },
					{ "time": 0.2333, "x": 22.71, "y": 0.4 },
					{ "time": 0.4333 }
				]
			},
			"aa27": {
				"translate": [
					{ "time": 0.0667 },
					{ "time": 0.2333, "x": 37.96, "y": -0.4 },
					{ "time": 0.4333 }
				]
			},
			"aa28": {
				"translate": [
					{ "time": 0.0667 },
					{ "time": 0.2333, "x": 33.62, "y": 0.62 },
					{ "time": 0.4333 }
				]
			},
			"aa29": {
				"translate": [
					{ "time": 0.0667 },
					{ "time": 0.2333, "x": 26.01, "y": -1.5 },
					{ "time": 0.4333 }
				]
			},
			"aa30": {
				"translate": [
					{ "time": 0.0667 },
					{ "time": 0.2333, "x": 40.12, "y": -1.87 },
					{ "time": 0.4333 }
				]
			},
			"aa31": {
				"translate": [
					{ "time": 0.0667 },
					{ "time": 0.2333, "x": 35.52, "y": -2 },
					{ "time": 0.4333 }
				]
			},
			"aa32": {
				"translate": [
					{ "time": 0.0667 },
					{ "time": 0.2333, "x": 31.06, "y": 2.71 },
					{ "time": 0.4333 }
				]
			},
			"aa33": {
				"translate": [
					{ "time": 0.0667 },
					{ "time": 0.2333, "x": 37.17, "y": 2.04 },
					{ "time": 0.4333 }
				]
			},
			"aa34": {
				"translate": [
					{ "time": 0.0667 },
					{ "time": 0.2333, "x": 22.71, "y": 0.4 },
					{ "time": 0.4333 }
				]
			},
			"aa35": {
				"translate": [
					{ "time": 0.0667 },
					{ "time": 0.2333, "x": 37.96, "y": -0.4 },
					{ "time": 0.4333 }
				]
			},
			"aa36": {
				"translate": [
					{ "time": 0.0667 },
					{ "time": 0.2333, "x": 33.62, "y": 0.62 },
					{ "time": 0.4333 }
				]
			},
			"aa37": {
				"translate": [
					{ "time": 0.0667 },
					{ "time": 0.2333, "x": 26.01, "y": -1.5 },
					{ "time": 0.4333 }
				]
			},
			"aa38": {
				"translate": [
					{ "time": 0.0667 },
					{ "time": 0.2333, "x": 40.12, "y": -1.87 },
					{ "time": 0.4333 }
				]
			},
			"aa39": {
				"translate": [
					{ "time": 0.0667 },
					{ "time": 0.2333, "x": 35.52, "y": -2 },
					{ "time": 0.4333 }
				]
			},
			"aa40": {
				"translate": [
					{ "time": 0.0667 },
					{ "time": 0.2333, "x": 31.06, "y": 2.71 },
					{ "time": 0.4333 }
				]
			},
			"aa41": {
				"translate": [
					{ "time": 0.0667 },
					{ "time": 0.2333, "x": 26.01, "y": -1.5 },
					{ "time": 0.4333 }
				]
			},
			"aa42": {
				"translate": [
					{ "time": 0.0667 },
					{ "time": 0.2333, "x": 40.12, "y": -1.87 },
					{ "time": 0.4333 }
				]
			},
			"aa43": {
				"translate": [
					{ "time": 0.0667 },
					{ "time": 0.2333, "x": 35.52, "y": -2 },
					{ "time": 0.4333 }
				]
			},
			"aa44": {
				"translate": [
					{ "time": 0.0667 },
					{ "time": 0.2333, "x": 31.06, "y": 2.71 },
					{ "time": 0.4333 }
				]
			},
			"bone8": {
				"rotate": [
					{},
					{ "time": 0.0667, "angle": 56.09, "curve": "stepped" },
					{ "time": 0.4333, "angle": 56.09 },
					{ "time": 0.5333 }
				]
			},
			"bone6": {
				"rotate": [
					{},
					{ "time": 0.0667, "angle": 0.54, "curve": "stepped" },
					{ "time": 0.4333, "angle": 0.54 },
					{ "time": 0.5333 }
				]
			},
			"bone7": {
				"rotate": [
					{},
					{ "time": 0.0667, "angle": -15.21, "curve": "stepped" },
					{ "time": 0.4333, "angle": -15.21 },
					{ "time": 0.5333 }
				]
			},
			"bone11": {
				"rotate": [
					{},
					{ "time": 0.0667, "angle": -7.69, "curve": "stepped" },
					{ "time": 0.4333, "angle": -7.69 },
					{ "time": 0.5333 }
				]
			}
		}
	},
	"die": {
		"slots": {
			"aaa0": {
				"color": [
					{ "time": 0.3333, "color": "ffffffff" },
					{ "time": 0.6333, "color": "00000000" }
				]
			},
			"aaa1": {
				"color": [
					{ "time": 0.3333, "color": "ffffffff" },
					{ "time": 0.6333, "color": "00000000" }
				]
			},
			"aaa2": {
				"color": [
					{ "time": 0.3333, "color": "ffffffff" },
					{ "time": 0.6333, "color": "00000000" }
				]
			},
			"aaa3": {
				"color": [
					{ "time": 0.3333, "color": "ffffffff" },
					{ "time": 0.6333, "color": "00000000" }
				]
			},
			"body": {
				"color": [
					{ "time": 0.3333, "color": "ffffffff" },
					{ "time": 0.6333, "color": "00000000" }
				]
			},
			"gg1": {
				"color": [
					{ "time": 0.3333, "color": "ffffffff" },
					{ "time": 0.6333, "color": "00000000" }
				]
			},
			"gg2": {
				"color": [
					{ "time": 0.3333, "color": "ffffffff" },
					{ "time": 0.6333, "color": "00000000" }
				]
			},
			"gg3": {
				"color": [
					{ "time": 0.3333, "color": "ffffffff" },
					{ "time": 0.6333, "color": "00000000" }
				]
			},
			"gg4": {
				"color": [
					{ "time": 0.3333, "color": "ffffffff" },
					{ "time": 0.6333, "color": "00000000" }
				]
			},
			"gg5": {
				"color": [
					{ "time": 0.3333, "color": "ffffffff" },
					{ "time": 0.6333, "color": "00000000" }
				]
			},
			"gg6": {
				"color": [
					{ "time": 0.3333, "color": "ffffffff" },
					{ "time": 0.6333, "color": "00000000" }
				]
			},
			"gg7": {
				"color": [
					{ "time": 0.3333, "color": "ffffffff" },
					{ "time": 0.6333, "color": "00000000" }
				]
			},
			"gg8": {
				"color": [
					{ "time": 0.3333, "color": "ffffffff" },
					{ "time": 0.6333, "color": "00000000" }
				]
			},
			"gg9": {
				"color": [
					{ "time": 0.3333, "color": "ffffffff" },
					{ "time": 0.6333, "color": "00000000" }
				]
			},
			"gg10": {
				"color": [
					{ "time": 0.3333, "color": "ffffffff" },
					{ "time": 0.6333, "color": "00000000" }
				]
			},
			"gg11": {
				"color": [
					{ "time": 0.3333, "color": "ffffffff" },
					{ "time": 0.6333, "color": "00000000" }
				]
			},
			"gg12": {
				"color": [
					{ "time": 0.3333, "color": "ffffffff" },
					{ "time": 0.6333, "color": "00000000" }
				]
			},
			"gg13": {
				"color": [
					{ "time": 0.3333, "color": "ffffffff" },
					{ "time": 0.6333, "color": "00000000" }
				]
			},
			"gg14": {
				"color": [
					{ "time": 0.3333, "color": "ffffffff" },
					{ "time": 0.6333, "color": "00000000" }
				]
			},
			"gg15": {
				"color": [
					{ "time": 0.3333, "color": "ffffffff" },
					{ "time": 0.6333, "color": "00000000" }
				]
			},
			"gg16": {
				"color": [
					{ "time": 0.3333, "color": "ffffffff" },
					{ "time": 0.6333, "color": "00000000" }
				]
			},
			"gg17": {
				"color": [
					{ "time": 0.3333, "color": "ffffffff" },
					{ "time": 0.6333, "color": "00000000" }
				]
			},
			"gg18": {
				"color": [
					{ "time": 0.3333, "color": "ffffffff" },
					{ "time": 0.6333, "color": "00000000" }
				]
			},
			"gg19": {
				"color": [
					{ "time": 0.3333, "color": "ffffffff" },
					{ "time": 0.6333, "color": "00000000" }
				]
			},
			"gg20": {
				"color": [
					{ "time": 0.3333, "color": "ffffffff" },
					{ "time": 0.6333, "color": "00000000" }
				]
			},
			"gg21": {
				"color": [
					{ "time": 0.3333, "color": "ffffffff" },
					{ "time": 0.6333, "color": "00000000" }
				]
			},
			"gg22": {
				"color": [
					{ "time": 0.3333, "color": "ffffffff" },
					{ "time": 0.6333, "color": "00000000" }
				]
			},
			"gg23": {
				"color": [
					{ "time": 0.3333, "color": "ffffffff" },
					{ "time": 0.6333, "color": "00000000" }
				]
			},
			"gg24": {
				"color": [
					{ "time": 0.3333, "color": "ffffffff" },
					{ "time": 0.6333, "color": "00000000" }
				]
			},
			"gg25": {
				"color": [
					{ "time": 0.3333, "color": "ffffffff" },
					{ "time": 0.6333, "color": "00000000" }
				]
			},
			"gg26": {
				"color": [
					{ "time": 0.3333, "color": "ffffffff" },
					{ "time": 0.6333, "color": "00000000" }
				]
			},
			"gg27": {
				"color": [
					{ "time": 0.3333, "color": "ffffffff" },
					{ "time": 0.6333, "color": "00000000" }
				]
			},
			"gg28": {
				"color": [
					{ "time": 0.3333, "color": "ffffffff" },
					{ "time": 0.6333, "color": "00000000" }
				]
			},
			"gg29": {
				"color": [
					{ "time": 0.3333, "color": "ffffffff" },
					{ "time": 0.6333, "color": "00000000" }
				]
			},
			"gg30": {
				"color": [
					{ "time": 0.3333, "color": "ffffffff" },
					{ "time": 0.6333, "color": "00000000" }
				]
			},
			"gg31": {
				"color": [
					{ "time": 0.3333, "color": "ffffffff" },
					{ "time": 0.6333, "color": "00000000" }
				]
			},
			"gg32": {
				"color": [
					{ "time": 0.3333, "color": "ffffffff" },
					{ "time": 0.6333, "color": "00000000" }
				]
			},
			"gg33": {
				"color": [
					{ "time": 0.3333, "color": "ffffffff" },
					{ "time": 0.6333, "color": "00000000" }
				]
			},
			"gg34": {
				"color": [
					{ "time": 0.3333, "color": "ffffffff" },
					{ "time": 0.6333, "color": "00000000" }
				]
			},
			"gg35": {
				"color": [
					{ "time": 0.3333, "color": "ffffffff" },
					{ "time": 0.6333, "color": "00000000" }
				]
			},
			"gg36": {
				"color": [
					{ "time": 0.3333, "color": "ffffffff" },
					{ "time": 0.6333, "color": "00000000" }
				]
			},
			"gg37": {
				"color": [
					{ "time": 0.3333, "color": "ffffffff" },
					{ "time": 0.6333, "color": "00000000" }
				]
			},
			"gg38": {
				"color": [
					{ "time": 0.3333, "color": "ffffffff" },
					{ "time": 0.6333, "color": "00000000" }
				]
			},
			"gg39": {
				"color": [
					{ "time": 0.3333, "color": "ffffffff" },
					{ "time": 0.6333, "color": "00000000" }
				]
			},
			"gg40": {
				"color": [
					{ "time": 0.3333, "color": "ffffffff" },
					{ "time": 0.6333, "color": "00000000" }
				]
			},
			"gg41": {
				"color": [
					{ "time": 0.3333, "color": "ffffffff" },
					{ "time": 0.6333, "color": "00000000" }
				]
			},
			"gg42": {
				"color": [
					{ "time": 0.3333, "color": "ffffffff" },
					{ "time": 0.6333, "color": "00000000" }
				]
			},
			"gg43": {
				"color": [
					{ "time": 0.3333, "color": "ffffffff" },
					{ "time": 0.6333, "color": "00000000" }
				]
			},
			"gg44": {
				"color": [
					{ "time": 0.3333, "color": "ffffffff" },
					{ "time": 0.6333, "color": "00000000" }
				]
			},
			"head": {
				"color": [
					{ "time": 0.3333, "color": "ffffffff" },
					{ "time": 0.6333, "color": "00000000" }
				]
			},
			"jj1": {
				"color": [
					{ "time": 0.3333, "color": "ffffffff" },
					{ "time": 0.6333, "color": "00000000" }
				]
			},
			"jj2": {
				"color": [
					{ "time": 0.3333, "color": "ffffffff" },
					{ "time": 0.6333, "color": "00000000" }
				]
			},
			"p1": {
				"color": [
					{ "time": 0.3333, "color": "ffffffff" },
					{ "time": 0.6333, "color": "00000000" }
				]
			},
			"p2": {
				"color": [
					{ "time": 0.3333, "color": "ffffffff" },
					{ "time": 0.6333, "color": "00000000" }
				]
			},
			"p3": {
				"color": [
					{ "time": 0.3333, "color": "ffffffff" },
					{ "time": 0.6333, "color": "00000000" }
				]
			},
			"p4": {
				"color": [
					{ "time": 0.3333, "color": "ffffffff" },
					{ "time": 0.6333, "color": "00000000" }
				]
			},
			"pt": {
				"color": [
					{ "time": 0.3333, "color": "ffffffff" },
					{ "time": 0.6333, "color": "00000000" }
				]
			},
			"tj": {
				"color": [
					{ "time": 0.3333, "color": "ffffffff" },
					{ "time": 0.6333, "color": "00000000" }
				]
			},
			"w/SSD1": {
				"color": [
					{ "time": 0.3333, "color": "ffffffff" },
					{ "time": 0.6333, "color": "00000000" }
				]
			},
			"xb2": {
				"color": [
					{ "time": 0.3333, "color": "ffffffff" },
					{ "time": 0.6333, "color": "00000000" }
				]
			},
			"yj": {
				"color": [
					{ "time": 0.3333, "color": "ffffffff" },
					{ "time": 0.6333, "color": "00000000" }
				]
			},
			"yq": {
				"color": [
					{ "time": 0.3333, "color": "ffffffff" },
					{ "time": 0.6333, "color": "00000000" }
				]
			},
			"ys1": {
				"color": [
					{ "time": 0.3333, "color": "ffffffff" },
					{ "time": 0.6333, "color": "00000000" }
				]
			},
			"ys2": {
				"color": [
					{ "time": 0.3333, "color": "ffffffff" },
					{ "time": 0.6333, "color": "00000000" }
				]
			},
			"zb": {
				"color": [
					{ "time": 0.3333, "color": "ffffffff" },
					{ "time": 0.6333, "color": "00000000" }
				]
			},
			"zj": {
				"color": [
					{ "time": 0.3333, "color": "ffffffff" },
					{ "time": 0.6333, "color": "00000000" }
				]
			},
			"zs": {
				"color": [
					{ "time": 0.3333, "color": "ffffffff" },
					{ "time": 0.6333, "color": "00000000" }
				]
			},
			"zs1": {
				"color": [
					{ "time": 0.3333, "color": "ffffffff" },
					{ "time": 0.6333, "color": "00000000" }
				]
			},
			"炮弹": {
				"color": [
					{ "time": 0.3333, "color": "ffffffff" },
					{ "time": 0.6333, "color": "00000000" }
				]
			}
		},
		"bones": {
			"bone": {
				"rotate": [
					{},
					{ "time": 0.3333, "angle": 28.27 }
				],
				"translate": [
					{},
					{ "time": 0.3333, "x": 80.2, "y": -2.9 }
				]
			},
			"bone2": {
				"rotate": [
					{},
					{ "time": 0.3333, "angle": 49.26 }
				]
			},
			"bone3": {
				"rotate": [
					{},
					{ "time": 0.3333, "angle": -52.16 }
				]
			},
			"bone6": {
				"rotate": [
					{},
					{ "time": 0.3333, "angle": -137.06 }
				],
				"translate": [
					{},
					{ "time": 0.3333, "y": 82.16 },
					{ "time": 0.4333, "x": 4.36, "y": 66.21 },
					{ "time": 0.6333, "y": 82.16 }
				]
			},
			"bone7": {
				"rotate": [
					{},
					{ "time": 0.3333, "angle": 118.44 }
				],
				"translate": [
					{},
					{ "time": 0.3333, "x": -29.45, "y": 19.92 },
					{ "time": 0.4333, "x": -8.59, "y": 24.1 },
					{ "time": 0.6333, "x": -29.45, "y": 19.92 }
				]
			},
			"bone8": {
				"rotate": [
					{},
					{ "time": 0.3333, "angle": 118.58 }
				],
				"translate": [
					{ "time": 0.3333 },
					{ "time": 0.4333, "x": -12.82, "y": 20.68 },
					{ "time": 0.6333 }
				]
			},
			"bone10": {
				"rotate": [
					{},
					{ "time": 0.3333, "angle": -71.15 }
				]
			},
			"bone11": {
				"rotate": [
					{},
					{ "time": 0.3333, "angle": -91.85 }
				],
				"translate": [
					{},
					{ "time": 0.3333, "x": -44.18, "y": -8.29 },
					{ "time": 0.4333, "x": -56, "y": -1.59 },
					{ "time": 0.6333, "x": -44.18, "y": -8.29 }
				]
			},
			"bone12": {
				"rotate": [
					{},
					{ "time": 0.3333, "angle": 90.87 }
				],
				"translate": [
					{},
					{ "time": 0.3333, "x": -114.7, "y": -29.5 },
					{ "time": 0.4333, "x": -129.96, "y": -49.61 },
					{ "time": 0.6333, "x": -114.7, "y": -29.5 }
				]
			},
			"bone14": {
				"rotate": [
					{ "angle": 31.44 }
				]
			},
			"bone15": {
				"rotate": [
					{ "angle": -24.67 }
				]
			},
			"bone16": {
				"rotate": [
					{ "angle": -10.94 }
				]
			},
			"bone17": {
				"rotate": [
					{ "angle": 2.85 }
				]
			},
			"bone18": {
				"rotate": [
					{ "angle": -5.49 }
				]
			},
			"bone19": {
				"rotate": [
					{ "angle": 3.67 }
				]
			},
			"bone20": {
				"rotate": [
					{},
					{ "time": 0.3333, "angle": -103.22 },
					{ "time": 0.4333, "angle": -94.32 },
					{ "time": 0.6333, "angle": -103.22 }
				],
				"translate": [
					{},
					{ "time": 0.3333, "x": -236.56, "y": 23.25 },
					{ "time": 0.4333, "x": -230.75, "y": 3.1 },
					{ "time": 0.6333, "x": -236.56, "y": 23.25 }
				]
			},
			"1": {
				"translate": [
					{},
					{ "time": 0.3333, "x": 151.72, "y": 88.28 }
				]
			},
			"2": {
				"translate": [
					{},
					{ "time": 0.3333, "x": 177.68, "y": 71.93 }
				]
			},
			"3": {
				"translate": [
					{},
					{ "time": 0.3333, "x": 196.66, "y": 39.17 }
				]
			},
			"4": {
				"translate": [
					{},
					{ "time": 0.3333, "x": 229.29, "y": 23.59 }
				]
			}
		}
	},
	"walk": {
		"bones": {
			"bone": {
				"rotate": [
					{},
					{ "time": 0.5333, "angle": 2.71 },
					{ "time": 1 }
				],
				"translate": [
					{},
					{ "time": 0.2667, "y": 6.97 },
					{ "time": 0.5333, "y": -5.2 },
					{ "time": 0.8, "x": -2.54, "y": 8.8 },
					{ "time": 1 }
				]
			},
			"bone3": {
				"rotate": [
					{},
					{ "time": 0.3333, "angle": -4.19 },
					{ "time": 0.5, "angle": 0.54 },
					{ "time": 0.6667, "angle": -2.09 },
					{ "time": 1 }
				]
			},
			"bone5": {
				"rotate": [
					{},
					{ "time": 0.3333, "angle": -2.11, "curve": "stepped" },
					{ "time": 0.7333, "angle": -2.11 },
					{ "time": 1 }
				],
				"translate": [
					{},
					{ "time": 0.3333, "x": -7.71, "y": 6.93 },
					{ "time": 0.5667, "x": -1.16, "y": -0.88 },
					{ "time": 0.7333, "x": -7.71, "y": 6.93 },
					{ "time": 1 }
				]
			},
			"1": {
				"translate": [
					{},
					{ "time": 0.2667, "x": -9.12, "y": 41.23 },
					{ "time": 0.3333, "x": -59.53, "y": 19.56 },
					{ "time": 0.4333, "x": -83.82, "y": 9.21 },
					{ "time": 0.6667, "x": -66.54, "y": 3.09 },
					{ "time": 0.9, "x": -17, "y": 6.14 },
					{ "time": 1 }
				]
			},
			"2": {
				"translate": [
					{},
					{ "time": 0.1667, "x": 11.81, "y": 13.88 },
					{ "time": 0.3333, "x": -48.08, "y": 17.49 },
					{ "time": 0.4333, "x": -73.13, "y": 13.45 },
					{ "time": 0.6667, "x": -50.72, "y": 2.47 },
					{ "time": 0.9, "x": -15.22, "y": -0.31 },
					{ "time": 1 }
				]
			},
			"3": {
				"translate": [
					{},
					{ "time": 0.2667, "x": 47.41, "y": 1.27 },
					{ "time": 0.4, "x": 67.66, "y": 6.01 },
					{ "time": 0.5333, "x": 86.99, "y": 13.57 },
					{ "time": 0.8, "x": 58.36, "y": 49.23 },
					{ "time": 0.9, "x": 16.37, "y": 34.98 },
					{ "time": 1 }
				]
			},
			"4": {
				"translate": [
					{},
					{ "time": 0.2667, "x": 47.41, "y": 1.27 },
					{ "time": 0.4, "x": 78.57, "y": 4.34 },
					{ "time": 0.5333, "x": 119.26, "y": 6.54 },
					{ "time": 0.8, "x": 98.6, "y": 29.35 },
					{ "time": 0.9, "x": 36.49, "y": 25.04 },
					{ "time": 1 }
				]
			},
			"bone15": {
				"rotate": [
					{ "angle": -22 }
				]
			},
			"bone14": {
				"rotate": [
					{ "angle": 20.76 }
				]
			},
			"bone16": {
				"rotate": [
					{ "angle": -0.76 }
				]
			}
		}
	}
}
}