{
"skeleton": {
	"hash": "xGnIB3vmBcM",
	"spine": "3.8-from-4.0-from-4.1.17",
	"x": -51.53,
	"y": -33.19,
	"width": 90.62,
	"height": 84.79,
	"images": "./images/",
	"audio": "E:/游戏项目/蛋壳特工队/动作/盾兵"
},
"bones": [
	{ "name": "root", "x": 7.76, "y": -31.03, "scaleX": 0.23, "scaleY": 0.23 },
	{ "name": "bone", "parent": "root", "length": 112.59, "rotation": 88.73, "x": 3.25, "y": 46.44 },
	{ "name": "bone2", "parent": "bone", "length": 172.26, "rotation": 1.06, "x": 118.18, "y": 0.12 },
	{ "name": "bone3", "parent": "bone", "x": 50.78, "y": -46.15 },
	{ "name": "bone5", "parent": "root", "length": 45.05, "rotation": -76.03, "x": 34.97, "y": 52.66 },
	{ "name": "bone6", "parent": "root", "length": 51.01, "rotation": -106.81, "x": -30.95, "y": 57.64 },
	{ "name": "bone4", "parent": "bone", "length": 37.98, "rotation": 94.08, "x": 80.14, "y": 88.86 },
	{ "name": "bone7", "parent": "bone4", "length": 56.59, "rotation": -3.45, "x": 37.36, "y": 0.03 },
	{ "name": "bone8", "parent": "bone2", "x": 123.6, "y": 43.98 },
	{ "name": "bone9", "parent": "root", "x": -55.55, "y": 3.23, "scaleX": 0.8, "scaleY": 0.7 },
	{ "name": "bone10", "parent": "root", "scaleX": 0.8, "scaleY": 0.8 },
	{ "name": "bone11", "parent": "root", "scaleY": 0.8 },
	{ "name": "bone12", "parent": "root", "x": -0.4, "y": -31.24 },
	{ "name": "bone13", "parent": "root", "y": -542.12, "scaleX": 3, "scaleY": 3 },
	{ "name": "bone14", "parent": "bone", "x": -42.53, "y": 39.82 },
	{ "name": "bone15", "parent": "root", "scaleX": 3, "scaleY": 3 }
],
"slots": [
	{ "name": "图层 7", "bone": "bone13" },
	{ "name": "a00", "bone": "bone14" },
	{ "name": "sf", "bone": "bone9", "attachment": "sf" },
	{ "name": "zj", "bone": "bone6", "attachment": "zj" },
	{ "name": "yj", "bone": "bone5", "attachment": "yj" },
	{ "name": "bd", "bone": "bone2", "attachment": "body" },
	{ "name": "td", "bone": "bone8", "attachment": "td" },
	{ "name": "shou", "bone": "bone3", "attachment": "shou11" },
	{ "name": "shou2", "bone": "bone4", "attachment": "shou22" },
	{ "name": "dun", "bone": "bone7", "attachment": "dun" },
	{ "name": "q1", "bone": "bone10" },
	{ "name": "q2", "bone": "bone11" },
	{ "name": "a1", "bone": "bone15" }
],
"skins": [
	{
		"name": "default",
		"attachments": {
			"a00": {
				"地扩+地裂_01": { "x": 0.17, "rotation": -88.73, "width": 418, "height": 175 },
				"地扩+地裂_03": { "x": 0.17, "rotation": -88.73, "width": 418, "height": 175 },
				"地扩+地裂_05": { "x": 0.17, "rotation": -88.73, "width": 418, "height": 175 },
				"地扩+地裂_07": { "x": 0.17, "rotation": -88.73, "width": 418, "height": 175 },
				"地扩+地裂_09": { "x": 0.17, "rotation": -88.73, "width": 418, "height": 175 },
				"地扩+地裂_21": { "x": 0.17, "rotation": -88.73, "width": 418, "height": 175 }
			},
			"a1": {
				"a1": { "width": 112, "height": 106 },
				"a2": { "width": 112, "height": 106 },
				"a3": { "width": 112, "height": 106 },
				"a4": { "width": 112, "height": 106 },
				"a5": { "width": 112, "height": 106 }
			},
			"dun": {
				"dun": { "x": 69.44, "y": -25.42, "rotation": -179.37, "width": 135, "height": 312 }
			},
			"q1": {
				"q1": { "path": "q22", "x": 0.5, "width": 356, "height": 356 }
			},
			"q2": {
				"q2": { "width": 356, "height": 356 }
			},
			"sf": {
				"sf": { "x": 0.5, "y": 0.5, "width": 329, "height": 37 }
			},
			"td": {
				"td": { "x": -2.01, "y": -1.02, "rotation": -89.79, "width": 70, "height": 71 }
			},
			"yj": {
				"yj": { "x": 29.99, "y": -0.06, "rotation": 83.66, "width": 38, "height": 52 }
			},
			"zj": {
				"zj": { "x": 34.76, "y": -1.68, "rotation": 88.6, "width": 38, "height": 52 }
			}
		}
	},
	{
		"name": "skin1",
		"attachments": {
			"bd": {
				"body": {
					"name": "bd",
					"type": "mesh",
					"uvs": [ 0.55087, 0.00468, 0.66454, 0.00819, 0.75519, 0.02808, 0.82947, 0.06092, 0.90705, 0.10442, 0.9659, 0.15807, 1, 0.2371, 1, 0.38811, 1, 0.52806, 0.93883, 0.58698, 0.93926, 0.74746, 0.92425, 0.91221, 0.88672, 0.96561, 0.7779, 1, 0.27318, 1, 0.14935, 0.96408, 0.12308, 0.89543, 0.1181, 0.71869, 0.11535, 0.39832, 0.01513, 0.39162, 0, 0.35925, 0, 0.32353, 0.08377, 0.25209, 0.13045, 0.16391, 0.2142, 0.07237, 0.37346, 0.01209 ],
					"triangles": [ 18, 20, 21, 4, 5, 6, 18, 19, 20, 18, 22, 23, 22, 18, 21, 6, 7, 4, 7, 3, 4, 8, 9, 7, 9, 17, 18, 25, 23, 24, 1, 3, 0, 0, 23, 25, 2, 3, 1, 3, 7, 0, 0, 7, 23, 7, 18, 23, 18, 7, 9, 10, 12, 17, 12, 16, 17, 10, 17, 9, 16, 14, 15, 10, 11, 12, 16, 13, 14, 12, 13, 16 ],
					"vertices": [ 1, 2, 194.69, -6.72, 1, 1, 2, 193.62, -37.87, 1, 1, 2, 187.01, -62.73, 1, 1, 2, 176.02, -83.12, 1, 1, 2, 161.43, -104.43, 1, 1, 2, 143.41, -120.62, 1, 2, 1, 237.38, -127.76, 1.8E-4, 2, 116.81, -130.06, 0.99982, 2, 1, 186.5, -128.88, 0.02983, 2, 65.92, -130.24, 0.97017, 2, 1, 139.35, -129.92, 0.1429, 2, 18.76, -130.41, 0.8571, 2, 1, 119.13, -113.6, 0.28549, 2, -1.16, -113.73, 0.71451, 2, 1, 65.06, -114.92, 0.72657, 2, -55.24, -114.04, 0.27343, 2, 1, 9.46, -112.03, 0.93862, 2, -110.77, -110.13, 0.06138, 2, 1, -8.75, -102.15, 0.96272, 2, -128.81, -99.91, 0.03728, 2, 1, -21, -72.6, 0.98676, 2, -140.5, -70.13, 0.01324, 1, 1, -24.06, 65.66, 1, 2, 1, -12.7, 99.85, 0.99742, 2, -129.02, 102.13, 0.00258, 2, 1, 10.27, 107.56, 0.98476, 2, -105.91, 109.41, 0.01524, 2, 1, 69.79, 110.24, 0.80251, 2, -46.35, 110.99, 0.19749, 2, 1, 177.71, 113.38, 0.05137, 2, 61.61, 112.14, 0.94863, 2, 1, 179.36, 140.88, 0.01085, 2, 63.76, 139.6, 0.98915, 2, 1, 190.17, 145.27, 0.00812, 2, 74.66, 143.79, 0.99188, 2, 1, 202.21, 145.53, 0.00588, 2, 86.7, 143.83, 0.99412, 2, 1, 226.78, 123.12, 0.00139, 2, 110.85, 120.97, 0.99861, 1, 2, 140.62, 108.28, 1, 1, 2, 171.55, 85.45, 1, 1, 2, 192.02, 41.88, 1 ],
					"hull": 26,
					"edges": [ 0, 2, 2, 4, 4, 6, 6, 8, 8, 10, 10, 12, 12, 14, 14, 16, 16, 18, 18, 20, 20, 22, 22, 24, 24, 26, 26, 28, 28, 30, 30, 32, 32, 34, 34, 36, 36, 38, 38, 40, 40, 42, 42, 44, 44, 46, 46, 48, 48, 50, 0, 50 ],
					"width": 274,
					"height": 337
				}
			},
			"shou": {
				"shou11": { "name": "shou1", "x": -0.3, "y": -2.21, "rotation": -88.73, "width": 67, "height": 68 }
			},
			"shou2": {
				"shou22": {
					"name": "shou2",
					"path": "shou1",
					"x": 38.7,
					"y": 3.79,
					"rotation": 177.18,
					"width": 67,
					"height": 68
				}
			}
		}
	},
	{
		"name": "skin2",
		"attachments": {
			"bd": {
				"body": {
					"name": "bd",
					"type": "linkedmesh",
					"path": "body2",
					"skin": "skin1",
					"parent": "body",
					"width": 272,
					"height": 335
				}
			},
			"shou": {
				"shou11": {
					"name": "shou1",
					"path": "shou11",
					"x": -0.3,
					"y": -2.21,
					"rotation": -88.73,
					"width": 65,
					"height": 66
				}
			},
			"shou2": {
				"shou22": {
					"name": "shou2",
					"path": "shou11",
					"x": 38.7,
					"y": 3.79,
					"rotation": 177.18,
					"width": 65,
					"height": 66
				}
			}
		}
	}
],
"animations": {
	"attack1": {
		"slots": {
			"a00": {
				"color": [
					{ "color": "ffffff00", "curve": "stepped" },
					{ "time": 1.3, "color": "ffffff00" },
					{ "time": 1.5667, "color": "ffffffff", "curve": "stepped" },
					{ "time": 1.9, "color": "ffffffff" },
					{ "time": 2.0333, "color": "ffffff00" }
				],
				"attachment": [
					{ "time": 1.5667, "name": "地扩+地裂_01" },
					{ "time": 1.6333, "name": "地扩+地裂_03" },
					{ "time": 1.7, "name": "地扩+地裂_05" },
					{ "time": 1.7667, "name": "地扩+地裂_07" },
					{ "time": 1.8333, "name": "地扩+地裂_09" },
					{ "time": 1.9, "name": "地扩+地裂_21" }
				]
			},
			"bd": {
				"color": [
					{ "color": "ffffff00", "curve": "stepped" },
					{ "time": 1.3, "color": "ffffff00" },
					{ "time": 1.3333, "color": "ffffffff" }
				]
			},
			"dun": {
				"color": [
					{ "color": "ffffff00", "curve": "stepped" },
					{ "time": 1.3, "color": "ffffff00" },
					{ "time": 1.3333, "color": "ffffffff" }
				]
			},
			"q1": {
				"color": [
					{ "color": "ffffffff" },
					{ "time": 0.5, "color": "ffffffba" },
					{ "time": 0.7, "color": "ffffff68" },
					{ "time": 0.9, "color": "ffffff8f" },
					{ "time": 1.1667, "color": "ffffff4d" },
					{ "time": 1.4, "color": "ffffff00" }
				],
				"attachment": [
					{ "name": "q1" }
				]
			},
			"q2": {
				"color": [
					{ "color": "ffffff00" }
				],
				"attachment": [
					{ "name": "q2" }
				]
			},
			"sf": {
				"color": [
					{ "color": "ffffff00", "curve": "stepped" },
					{ "time": 1.3, "color": "ffffff00" },
					{ "time": 1.6333, "color": "fffffffe" },
					{ "time": 1.6667, "color": "ffffff00", "curve": "stepped" },
					{ "time": 1.8667, "color": "ffffff00" },
					{ "time": 1.9, "color": "ffffffbf" },
					{ "time": 1.9667, "color": "ffffffff" }
				]
			},
			"shou": {
				"color": [
					{ "color": "ffffff00", "curve": "stepped" },
					{ "time": 1.3, "color": "ffffff00" },
					{ "time": 1.3333, "color": "ffffffff" }
				]
			},
			"shou2": {
				"color": [
					{ "color": "ffffff00", "curve": "stepped" },
					{ "time": 1.3, "color": "ffffff00" },
					{ "time": 1.3333, "color": "ffffffff" }
				]
			},
			"td": {
				"color": [
					{ "color": "ffffff00", "curve": "stepped" },
					{ "time": 1.3, "color": "ffffff00" },
					{ "time": 1.3333, "color": "ffffffff" }
				]
			},
			"yj": {
				"color": [
					{ "color": "ffffff00", "curve": "stepped" },
					{ "time": 1.3, "color": "ffffff00" },
					{ "time": 1.3333, "color": "ffffffff" }
				]
			},
			"zj": {
				"color": [
					{ "color": "ffffff00", "curve": "stepped" },
					{ "time": 1.3, "color": "ffffff00" },
					{ "time": 1.3333, "color": "ffffffff" }
				]
			}
		},
		"bones": {
			"bone": {
				"rotate": [
					{},
					{ "time": 1.3333, "angle": -21.96 },
					{ "time": 1.5667 }
				],
				"translate": [
					{},
					{ "time": 1.3333, "y": 574.14 },
					{ "time": 1.5667 }
				]
			},
			"bone6": {
				"translate": [
					{},
					{ "time": 1.3333, "y": 574.14 },
					{ "time": 1.5667 }
				]
			},
			"bone5": {
				"translate": [
					{},
					{ "time": 1.3333, "y": 574.14 },
					{ "time": 1.5667 }
				]
			},
			"bone4": {
				"rotate": [
					{},
					{ "time": 1.5333, "angle": -55.21 },
					{ "time": 1.6333, "angle": 48.39 },
					{ "time": 1.8 }
				]
			},
			"bone9": {
				"translate": [
					{ "x": 55.55 }
				],
				"scale": [
					{},
					{ "time": 1.3, "x": 0.375, "y": 0.429 },
					{ "time": 1.6333, "x": 1.25, "y": 1.429 }
				]
			},
			"bone14": {
				"translate": [
					{ "time": 1.5667, "x": 102.58, "y": 18.63 }
				],
				"scale": [
					{ "time": 1.5667, "x": 4, "y": 3 }
				]
			},
			"bone10": {
				"scale": [
					{ "x": 0, "y": 0 },
					{ "time": 0.5, "x": 3.75, "y": 3.75 }
				]
			},
			"bone11": {
				"scale": [
					{ "x": 0, "y": 0 }
				]
			}
		}
	},
	"die": {
		"slots": {
			"a00": {
				"color": [
					{ "color": "ffffffff" },
					{ "time": 0.3, "color": "474545ff" },
					{ "time": 0.5, "color": "00000000" }
				]
			},
			"bd": {
				"color": [
					{ "color": "ffffffff" },
					{ "time": 0.3, "color": "474545ff" },
					{ "time": 0.5, "color": "00000000" }
				]
			},
			"dun": {
				"color": [
					{ "color": "ffffffff" },
					{ "time": 0.3, "color": "474545ff" },
					{ "time": 0.5, "color": "00000000" }
				]
			},
			"sf": {
				"color": [
					{ "color": "ffffffff" },
					{ "time": 0.3, "color": "474545ff" },
					{ "time": 0.5, "color": "00000000" }
				]
			},
			"shou": {
				"color": [
					{ "color": "ffffffff" },
					{ "time": 0.3, "color": "474545ff" },
					{ "time": 0.5, "color": "00000000" }
				]
			},
			"shou2": {
				"color": [
					{ "color": "ffffffff" },
					{ "time": 0.3, "color": "474545ff" },
					{ "time": 0.5, "color": "00000000" }
				]
			},
			"td": {
				"color": [
					{ "color": "ffffffff" },
					{ "time": 0.3, "color": "474545ff" },
					{ "time": 0.5, "color": "00000000" }
				]
			},
			"yj": {
				"color": [
					{ "color": "ffffffff" },
					{ "time": 0.3, "color": "474545ff" },
					{ "time": 0.5, "color": "00000000" }
				]
			},
			"zj": {
				"color": [
					{ "color": "ffffffff" },
					{ "time": 0.3, "color": "474545ff" },
					{ "time": 0.5, "color": "00000000" }
				]
			},
			"图层 7": {
				"color": [
					{ "color": "ffffffff" },
					{ "time": 0.3, "color": "474545ff" },
					{ "time": 0.5, "color": "00000000" }
				]
			}
		},
		"bones": {
			"bone": {
				"rotate": [
					{},
					{ "time": 0.3, "angle": 92.51 }
				],
				"translate": [
					{},
					{ "time": 0.3, "x": 116.39, "y": 67.67 },
					{ "time": 0.4, "x": 116.39, "y": 83.91 },
					{ "time": 0.5, "x": 116.39, "y": 67.67 }
				]
			},
			"bone2": {
				"translate": [
					{},
					{ "time": 0.3, "x": -50.53, "y": 0.19 }
				]
			},
			"bone5": {
				"rotate": [
					{},
					{ "time": 0.3, "angle": 74.48 },
					{ "time": 0.4, "angle": 87.51 },
					{ "time": 0.5, "angle": 74.48 }
				],
				"translate": [
					{},
					{ "time": 0.3, "x": 96.59, "y": 83.01 },
					{ "time": 0.4, "x": 96.59, "y": 113.7 },
					{ "time": 0.5, "x": 96.59, "y": 83.01 }
				]
			},
			"bone6": {
				"rotate": [
					{},
					{ "time": 0.3, "angle": 87.72 },
					{ "time": 0.4, "angle": 102.05 },
					{ "time": 0.5, "angle": 87.72 }
				],
				"translate": [
					{},
					{ "time": 0.3, "x": 158.47, "y": 11.73 },
					{ "time": 0.4, "x": 158.47, "y": 42.43 },
					{ "time": 0.5, "x": 158.47, "y": 11.73 }
				]
			},
			"bone4": {
				"translate": [
					{},
					{ "time": 0.3, "x": -21.47, "y": -32.93 }
				]
			},
			"bone7": {
				"rotate": [
					{},
					{ "time": 0.3, "angle": -14.98 }
				],
				"translate": [
					{},
					{ "time": 0.3, "x": -121.26, "y": -187.79 },
					{ "time": 0.4, "x": -129.2, "y": -203.68 },
					{ "time": 0.5, "x": -121.26, "y": -187.79 }
				]
			},
			"bone8": {
				"translate": [
					{ "time": 0.3 },
					{ "time": 0.4, "x": 7.03, "y": -49.95 },
					{ "time": 0.5 }
				]
			},
			"bone14": {
				"translate": [
					{},
					{ "time": 0.3, "x": -48.67 },
					{ "time": 0.5 }
				]
			}
		}
	},
	"walk": {
		"bones": {
			"bone": {
				"translate": [
					{},
					{ "time": 0.3333, "y": -2.43 },
					{ "time": 0.6667 }
				]
			},
			"bone2": {
				"rotate": [
					{},
					{ "time": 0.3333, "angle": -2.84 },
					{ "time": 0.6667 }
				]
			},
			"bone3": {
				"translate": [
					{},
					{ "time": 0.3333, "y": 3.57 },
					{ "time": 0.6667 }
				]
			},
			"bone5": {
				"rotate": [
					{},
					{ "time": 0.3333, "angle": -41.66 },
					{ "time": 0.6667 }
				],
				"translate": [
					{},
					{ "time": 0.3333, "y": -2.8 },
					{ "time": 0.6667 }
				]
			},
			"bone6": {
				"rotate": [
					{},
					{ "time": 0.3333, "angle": 41.48 },
					{ "time": 0.6667 }
				],
				"translate": [
					{},
					{ "time": 0.3333, "y": -2.8 },
					{ "time": 0.6667 }
				]
			},
			"bone4": {
				"rotate": [
					{},
					{ "time": 0.3333, "angle": -1.56 },
					{ "time": 0.6667 }
				],
				"translate": [
					{},
					{ "time": 0.3333, "y": -11.04 },
					{ "time": 0.6667 }
				]
			},
			"bone7": {
				"translate": [
					{},
					{ "time": 0.3333, "x": -6.2 },
					{ "time": 0.6667 }
				]
			}
		}
	}
}
}