{"skeleton":{"hash":"odUlmTdMUL0","spine":"3.8-from-4.0-from-4.1.17","x":-231.64,"y":-101.68,"width":512,"height":287,"images":"./images/","audio":"E:/游戏项目/蛋壳特工队/spine/塔"},"bones":[{"name":"root"},{"name":"bone10","parent":"root","x":-8.22,"y":38.72},{"name":"bone5","parent":"bone10","x":-8.82,"y":-23.17},{"name":"bone","parent":"bone5","length":44.49,"rotation":-179.57,"x":64.72,"y":-0.23},{"name":"bone2","parent":"bone","x":35.63,"y":32.08},{"name":"bone3","parent":"bone","x":-3.55,"y":-19.69},{"name":"bone4","parent":"bone3","x":0.45,"y":-8.06},{"name":"bone6","parent":"bone5","x":-47.14,"y":0.25},{"name":"bone7","parent":"bone6","x":25.56,"y":-32.75},{"name":"zzz","parent":"bone10","y":-26.1},{"name":"bone9","parent":"bone5","x":30.81,"y":16.06,"scaleX":2,"scaleY":2},{"name":"bone11","parent":"bone10","length":21.83,"rotation":-91.64,"x":-3.56,"y":35.82},{"name":"bone8","parent":"root","x":54.91,"y":56.27},{"name":"bone12","parent":"root","x":-6.75,"y":-0.01},{"name":"bone13","parent":"root","x":-6.75,"y":-0.01},{"name":"bone14","parent":"root","rotation":-2.35,"x":-6.75,"y":-0.01},{"name":"bone15","parent":"root","rotation":-2.35,"x":-6.75,"y":-0.01},{"name":"bone16","parent":"root","rotation":-2.35,"x":-6.75,"y":-0.01},{"name":"bone17","parent":"root","rotation":-2.35,"x":-6.75,"y":-0.01},{"name":"bone18","parent":"root","rotation":-2.35,"x":-6.75,"y":-0.01},{"name":"bone19","parent":"root","rotation":-2.35,"x":-6.75,"y":-0.01},{"name":"bone20","parent":"root","rotation":-2.35,"x":-6.75,"y":-0.01},{"name":"bone21","parent":"root","rotation":-2.35,"x":-6.75,"y":-0.01},{"name":"bone22","parent":"root","rotation":-2.35,"x":-6.75,"y":-0.01},{"name":"bone23","parent":"root","rotation":-2.35,"x":-6.75,"y":-0.01},{"name":"bone24","parent":"root","rotation":-2.35,"x":-6.75,"y":-0.01},{"name":"bone25","parent":"root","rotation":-2.35,"x":-6.75,"y":-0.01},{"name":"bone26","parent":"root","rotation":-2.35,"x":-6.75,"y":-0.01},{"name":"bone27","parent":"root","rotation":-2.35,"x":-6.75,"y":-0.01},{"name":"bone28","parent":"root","rotation":-2.35,"x":-6.75,"y":-0.01},{"name":"bone29","parent":"bone11","x":56.71,"y":-1.65},{"name":"bone30","parent":"bone10","x":-14.36,"y":-37.11}],"slots":[{"name":"dadsff","bone":"root"},{"name":"ad","bone":"root"},{"name":"sfss","bone":"bone10","attachment":"sfss"},{"name":"asd","bone":"root","attachment":"asd"},{"name":"矩形 1","bone":"bone30","attachment":"矩形 1"},{"name":"frefsf","bone":"zzz","attachment":"frefsf"},{"name":"发光","bone":"bone9"},{"name":"root2","bone":"root","attachment":"root2"},{"name":"z","bone":"bone6","attachment":"z"},{"name":"y","bone":"bone","attachment":"y"},{"name":"5 拷贝","bone":"bone3","attachment":"5 拷贝"},{"name":"1","bone":"bone4"},{"name":"sdsw","bone":"bone7","color":"73a2aeff","attachment":"sdsw"},{"name":"sasas","bone":"bone2","color":"73a2aeff","attachment":"sff"},{"name":"门","bone":"bone5","attachment":"门"},{"name":"2","bone":"bone4"},{"name":"3","bone":"bone4"},{"name":"4","bone":"bone4"},{"name":"5","bone":"bone4"},{"name":"suo","bone":"bone29"},{"name":"efwa","bone":"bone11","attachment":"efwa"},{"name":"sdfs","bone":"bone8"},{"name":"sdfs2","bone":"bone12"},{"name":"sdfs3","bone":"bone13"},{"name":"sdfs4","bone":"bone14"},{"name":"sdfs6","bone":"bone16"},{"name":"sdfs11","bone":"bone21"},{"name":"sdfs7","bone":"bone17"},{"name":"sdfs12","bone":"bone22"},{"name":"sdfs15","bone":"bone25"},{"name":"sdfs18","bone":"bone28"},{"name":"sdfs13","bone":"bone23"},{"name":"sdfs14","bone":"bone24"},{"name":"sdfs10","bone":"bone20"},{"name":"sdfs16","bone":"bone26"},{"name":"sdfs17","bone":"bone27"},{"name":"sdfs8","bone":"bone18"},{"name":"sdfs9","bone":"bone19"},{"name":"sdfs5","bone":"bone15"}],"skins":[{"name":"default","attachments":{"1":{"1":{"x":-0.8,"y":-19.73,"rotation":179.57,"width":16,"height":13}},"2":{"2":{"x":-0.73,"y":-10.73,"rotation":179.57,"width":16,"height":13}},"3":{"3":{"x":-0.66,"y":-0.73,"rotation":179.57,"width":16,"height":13}},"4":{"4":{"x":-0.58,"y":9.27,"rotation":179.57,"width":16,"height":13}},"5":{"5":{"x":-0.51,"y":18.27,"rotation":179.57,"width":16,"height":13}},"5 拷贝":{"5 拷贝":{"x":-0.21,"y":-8.79,"rotation":179.57,"width":16,"height":51}},"asd":{"asd":{"type":"clipping","end":"frefsf","vertexCount":4,"vertices":[-101.13,98.87,-98.63,-54.49,75.1,-56.15,71.77,98.87],"color":"ce3a3aff"}},"efwa":{"efwa":{"x":69.2,"y":1.49,"rotation":91.64,"width":206,"height":138}},"frefsf":{"frefsf":{"width":216,"height":223}},"root2":{"root2":{"type":"clipping","end":"root2","vertexCount":11,"vertices":[82.81,109.18,82.92,-64.21,56.54,-64.7,-97.23,-64.44,-141.61,-63.83,-141.3,15.47,-132.29,15.73,-132.23,33.48,-128.1,37.66,-109.99,37.73,-109.88,108.77],"color":"ce3a3aff"}},"sasas":{"sff":{"x":-1.86,"y":-0.84,"rotation":179.57,"width":14,"height":25}},"sdfs":{"sdfs":{"x":-0.54,"y":-0.95,"width":11,"height":11}},"sdfs2":{"sdfs":{"x":-0.54,"y":-0.95,"width":11,"height":11}},"sdfs3":{"sdfs":{"x":-0.54,"y":-0.95,"width":11,"height":11}},"sdfs4":{"sdfs":{"x":-0.54,"y":-0.95,"width":11,"height":11}},"sdfs5":{"sdfs":{"x":-0.54,"y":-0.95,"width":11,"height":11}},"sdfs6":{"sdfs":{"x":-0.54,"y":-0.95,"width":11,"height":11}},"sdfs7":{"sdfs":{"x":-0.54,"y":-0.95,"width":11,"height":11}},"sdfs8":{"sdfs":{"x":-0.54,"y":-0.95,"width":11,"height":11}},"sdfs9":{"sdfs":{"x":-0.54,"y":-0.95,"width":11,"height":11}},"sdfs10":{"sdfs":{"x":-0.54,"y":-0.95,"width":11,"height":11}},"sdfs11":{"sdfs":{"x":-0.54,"y":-0.95,"width":11,"height":11}},"sdfs12":{"sdfs":{"x":-0.54,"y":-0.95,"width":11,"height":11}},"sdfs13":{"sdfs":{"x":-0.54,"y":-0.95,"width":11,"height":11}},"sdfs14":{"sdfs":{"x":-0.54,"y":-0.95,"width":11,"height":11}},"sdfs15":{"sdfs":{"x":-0.54,"y":-0.95,"width":11,"height":11}},"sdfs16":{"sdfs":{"x":-0.54,"y":-0.95,"width":11,"height":11}},"sdfs17":{"sdfs":{"x":-0.54,"y":-0.95,"width":11,"height":11}},"sdfs18":{"sdfs":{"x":-0.54,"y":-0.95,"width":11,"height":11}},"sdsw":{"sdsw":{"y":0.5,"width":14,"height":25}},"sfss":{"sfss":{"x":32.59,"y":3.1,"width":512,"height":287}},"suo":{"suo":{"y":1.02,"rotation":91.3,"width":156,"height":69}},"y":{"y":{"x":20.47,"y":1.34,"rotation":179.57,"width":98,"height":135}},"z":{"z":{"x":10.55,"y":-1.97,"width":88,"height":135}},"发光":{"发光":{"x":10.6,"y":9.72,"width":272,"height":159}},"矩形 1":{"矩形 1":{"x":15.24,"y":20.59,"width":166,"height":160}},"门":{"门":{"x":-12.59,"y":6.27,"width":226,"height":175}}}}],"animations":{"a1":{"slots":{"suo":{"attachment":[{"name":"suo"}]}}},"a2":{"slots":{"1":{"attachment":[{"time":0.3,"name":"1"},{"time":0.5333,"name":null}]},"2":{"attachment":[{"time":0.2333,"name":"2"},{"time":0.5333,"name":null}]},"3":{"attachment":[{"time":0.1667,"name":"3"},{"time":0.5333,"name":null}]},"4":{"attachment":[{"time":0.1,"name":"4"},{"time":0.5333,"name":null}]},"5":{"attachment":[{"time":0.0333,"name":"5"},{"time":0.5333,"name":null}]},"efwa":{"color":[{"time":0.2,"color":"ffffffff"},{"time":0.6667,"color":"ffffff00"}]},"sasas":{"color":[{"time":0.3333,"color":"ffbf35ff"}]},"sdfs":{"color":[{"time":2.0333,"color":"ffffffff"},{"time":2.1667,"color":"ffffff00"}],"attachment":[{"time":1.4667,"name":"sdfs"}]},"sdfs2":{"color":[{"time":1.7667,"color":"ffffffff"},{"time":1.9,"color":"ffffff00"}],"attachment":[{"time":1.2333,"name":"sdfs"}]},"sdfs3":{"color":[{"time":1.5,"color":"ffffffff"},{"time":1.7667,"color":"ffffff00"}],"attachment":[{"time":1,"name":"sdfs"}]},"sdfs4":{"color":[{"time":1.8,"color":"ffffffff"},{"time":1.8667,"color":"ffffff00"}],"attachment":[{"time":1.1,"name":"sdfs"}]},"sdfs5":{"color":[{"time":1.5333,"color":"ffffffff"},{"time":1.7,"color":"ffffff00"}],"attachment":[{"time":1.1,"name":"sdfs"}]},"sdfs6":{"color":[{"time":2.2667,"color":"ffffffff"},{"time":2.3333,"color":"ffffff00"}],"attachment":[{"time":1.5667,"name":"sdfs"}]},"sdfs7":{"color":[{"time":2.2667,"color":"ffffffff"},{"time":2.3333,"color":"ffffff00"}],"attachment":[{"time":1.5667,"name":"sdfs"}]},"sdfs8":{"color":[{"time":1.9333,"color":"ffffffff"},{"time":2,"color":"ffffff00"}],"attachment":[{"time":1.2333,"name":"sdfs"}]},"sdfs9":{"color":[{"time":1.6333,"color":"ffffffff"},{"time":1.7,"color":"ffffff00"}],"attachment":[{"time":0.9333,"name":"sdfs"}]},"sdfs10":{"color":[{"time":2.2667,"color":"ffffffff"},{"time":2.3333,"color":"ffffff00"}],"attachment":[{"time":1.5667,"name":"sdfs"}]},"sdfs11":{"color":[{"time":2.2667,"color":"ffffffff"},{"time":2.3333,"color":"ffffff00"}],"attachment":[{"time":1.5667,"name":"sdfs"}]},"sdfs12":{"color":[{"time":2.2667,"color":"ffffffff"},{"time":2.3333,"color":"ffffff00"}],"attachment":[{"time":1.5667,"name":"sdfs"}]},"sdfs13":{"color":[{"time":2.2667,"color":"ffffffff"},{"time":2.3333,"color":"ffffff00"}],"attachment":[{"time":1.5667,"name":"sdfs"}]},"sdfs14":{"color":[{"time":2.2667,"color":"ffffffff"},{"time":2.3333,"color":"ffffff00"}],"attachment":[{"time":1.5667,"name":"sdfs"}]},"sdfs15":{"color":[{"time":2.2667,"color":"ffffffff"},{"time":2.3333,"color":"ffffff00"}],"attachment":[{"time":1.5667,"name":"sdfs"}]},"sdfs16":{"color":[{"time":2.2667,"color":"ffffffff"},{"time":2.3333,"color":"ffffff00"}],"attachment":[{"time":1.5667,"name":"sdfs"}]},"sdfs17":{"color":[{"time":2.2667,"color":"ffffffff"},{"time":2.3333,"color":"ffffff00"}],"attachment":[{"time":1.5667,"name":"sdfs"}]},"sdfs18":{"color":[{"time":2.2667,"color":"ffffffff"},{"time":2.3333,"color":"ffffff00"}],"attachment":[{"time":1.5667,"name":"sdfs"}]},"sdsw":{"color":[{"time":0.3333,"color":"ffbf35ff"}]},"suo":{"color":[{"color":"ffffffff"},{"time":0.3333,"color":"ffffff00"}],"attachment":[{"name":"suo"}]},"发光":{"attachment":[{"name":"发光"}]}},"bones":{"bone":{"translate":[{"time":0.6667},{"time":1.3333,"x":90.46}]},"bone6":{"translate":[{"time":0.6667},{"time":1.3333,"x":-84.24}]},"zzz":{"rotate":[{"time":0.6667},{"time":1,"angle":-72},{"time":1.3333,"angle":-144},{"time":1.6667,"angle":-216},{"time":2,"angle":-288},{"time":2.3333,"angle":-360}]},"bone9":{"translate":[{"x":-9.73,"y":-10.38}]},"bone8":{"translate":[{"time":1.4667,"x":38.3,"y":32.9},{"time":2.1667,"x":-57.26,"y":-39.41}],"scale":[{"time":1.4667,"x":0.8},{"time":2.1667,"x":0.3,"y":0.6}]},"bone12":{"rotate":[{"time":1.9,"angle":-21}],"translate":[{"time":1.2333,"x":102.9,"y":57.86},{"time":1.9,"x":-12.45,"y":17.7}],"scale":[{"time":1.2333,"x":0.8},{"time":1.9,"x":0,"y":0}]},"bone13":{"rotate":[{"time":1,"angle":-86.28},{"time":1.7667,"angle":-99.79}],"translate":[{"time":1,"x":102.9,"y":-99.02},{"time":1.7667,"x":-1.15,"y":12.68}],"scale":[{"time":1,"x":0.8},{"time":1.7667,"x":0.3,"y":0.6}]},"bone14":{"rotate":[{"time":1.8667,"angle":-186.78}],"translate":[{"time":1.1,"x":-108.08,"y":-99.02},{"time":1.8667,"x":-25.42,"y":18.54}],"scale":[{"time":1.1,"x":0.8},{"time":1.8667,"x":0.3,"y":0}]},"bone15":{"rotate":[{"time":1.1,"angle":-278.92}],"translate":[{"time":1.1,"x":-108.08,"y":95.48},{"time":1.7,"x":-24.59,"y":31.51}],"scale":[{"time":1.1,"x":0.8},{"time":1.7,"x":0.3,"y":0.6}]},"bone16":{"rotate":[{"time":2.3333,"angle":-186.78}],"translate":[{"time":1.5667,"x":-24.33,"y":-99.02},{"time":2.3333,"x":-5.43,"y":18.54}],"scale":[{"time":1.5667,"x":1.5,"y":1.5},{"time":2.3333,"x":0,"y":0}]},"bone17":{"rotate":[{"time":2.3333,"angle":-186.78}],"translate":[{"time":1.5667,"x":73.33,"y":-75.87},{"time":2.3333,"x":-5.43,"y":18.54}],"scale":[{"time":1.5667,"x":1.5,"y":1.5},{"time":2.3333,"x":0,"y":0}]},"bone18":{"rotate":[{"time":2,"angle":-186.78}],"translate":[{"time":1.2333,"x":-40.18,"y":115.4},{"time":2,"x":-5.43,"y":18.54}],"scale":[{"time":1.2333,"x":1.5,"y":1.5},{"time":2,"x":0,"y":0}]},"bone19":{"rotate":[{"time":1.7,"angle":-186.78}],"translate":[{"time":0.9333,"x":-119.86,"y":65.8},{"time":1.7,"x":-5.43,"y":18.54}],"scale":[{"time":0.9333,"x":1.5,"y":1.5},{"time":1.7,"x":0,"y":0}]},"bone20":{"rotate":[{"time":2.3333,"angle":-186.78}],"translate":[{"time":1.5667,"x":73.33,"y":-75.87},{"time":2.3333,"x":-5.43,"y":18.54}],"scale":[{"time":1.5667,"x":1.5,"y":1.5},{"time":2.3333,"x":0,"y":0}]},"bone21":{"rotate":[{"time":2.3333,"angle":-186.78}],"translate":[{"time":1.5667,"x":-24.33,"y":-99.02},{"time":2.3333,"x":-5.43,"y":18.54}],"scale":[{"time":1.5667,"x":1.5,"y":1.5},{"time":2.3333,"x":0,"y":0}]},"bone22":{"rotate":[{"time":2.3333,"angle":-186.78}],"translate":[{"time":1.5667,"x":73.33,"y":-75.87},{"time":2.3333,"x":-5.43,"y":18.54}],"scale":[{"time":1.5667,"x":1.5,"y":1.5},{"time":2.3333,"x":0,"y":0}]},"bone23":{"rotate":[{"time":2.3333,"angle":-186.78}],"translate":[{"time":1.5667,"x":73.33,"y":-75.87},{"time":2.3333,"x":-5.43,"y":18.54}],"scale":[{"time":1.5667,"x":1.5,"y":1.5},{"time":2.3333,"x":0,"y":0}]},"bone24":{"rotate":[{"time":2.3333,"angle":-186.78}],"translate":[{"time":1.5667,"x":73.33,"y":-75.87},{"time":2.3333,"x":-5.43,"y":18.54}],"scale":[{"time":1.5667,"x":1.5,"y":1.5},{"time":2.3333,"x":0,"y":0}]},"bone25":{"rotate":[{"time":2.3333,"angle":-186.78}],"translate":[{"time":1.5667,"x":73.33,"y":-75.87},{"time":2.3333,"x":-5.43,"y":18.54}],"scale":[{"time":1.5667,"x":1.5,"y":1.5},{"time":2.3333,"x":0,"y":0}]},"bone26":{"rotate":[{"time":2.3333,"angle":-186.78}],"translate":[{"time":1.5667,"x":73.33,"y":-75.87},{"time":2.3333,"x":-5.43,"y":18.54}],"scale":[{"time":1.5667,"x":1.5,"y":1.5},{"time":2.3333,"x":0,"y":0}]},"bone27":{"rotate":[{"time":2.3333,"angle":-186.78}],"translate":[{"time":1.5667,"x":73.33,"y":-75.87},{"time":2.3333,"x":-5.43,"y":18.54}],"scale":[{"time":1.5667,"x":1.5,"y":1.5},{"time":2.3333,"x":0,"y":0}]},"bone28":{"rotate":[{"time":2.3333,"angle":-186.78}],"translate":[{"time":1.5667,"x":73.33,"y":-75.87},{"time":2.3333,"x":-5.43,"y":18.54}],"scale":[{"time":1.5667,"x":1.5,"y":1.5},{"time":2.3333,"x":0,"y":0}]}}},"a3":{"slots":{"efwa":{"attachment":[{"name":null}]},"sdfs2":{"color":[{"time":0.8333,"color":"ffffffff"},{"time":0.9667,"color":"ffffff00"}],"attachment":[{"time":0.3,"name":"sdfs"}]},"sdfs3":{"color":[{"time":0.5667,"color":"ffffffff"},{"time":0.8333,"color":"ffffff00"}],"attachment":[{"time":0.0667,"name":"sdfs"}]},"sdfs4":{"color":[{"time":0.8667,"color":"ffffffff"},{"time":0.9333,"color":"ffffff00"}],"attachment":[{"time":0.1667,"name":"sdfs"}]},"sdfs5":{"color":[{"time":0.6,"color":"ffffffff"},{"time":0.7667,"color":"ffffff00"}],"attachment":[{"name":"sdfs"}]},"sdfs6":{"color":[{"time":1.3333,"color":"ffffff00"}],"attachment":[{"time":0.6333,"name":"sdfs"}]},"sdfs7":{"color":[{"time":1.3333,"color":"ffffff00"}],"attachment":[{"time":0.6333,"name":"sdfs"}]},"sdfs8":{"color":[{"time":1,"color":"ffffffff"},{"time":1.0667,"color":"ffffff00"}],"attachment":[{"time":0.3,"name":"sdfs"}]},"sdfs9":{"color":[{"time":0.7,"color":"ffffffff"},{"time":0.7667,"color":"ffffff00"}],"attachment":[{"name":"sdfs"}]},"sdfs10":{"color":[{"time":1.3333,"color":"ffffff00"}],"attachment":[{"time":0.6333,"name":"sdfs"}]},"sdfs11":{"color":[{"time":1.0667,"color":"ffffffff"},{"time":1.1333,"color":"ffffff00"}],"attachment":[{"time":0.3667,"name":"sdfs"}]},"sdfs12":{"color":[{"time":0.9667,"color":"ffffffff"},{"time":1.0333,"color":"ffffff00"}],"attachment":[{"time":0.2667,"name":"sdfs"}]},"sdfs13":{"color":[{"time":0.7667,"color":"ffffffff"},{"time":0.8333,"color":"ffffff00"}],"attachment":[{"time":0.1667,"name":"sdfs"}]},"sdfs14":{"color":[{"time":1.3333,"color":"ffffff00"}],"attachment":[{"time":0.9,"name":"sdfs"}]},"sdfs15":{"color":[{"time":1.6,"color":"ffffffff"},{"time":1.6667,"color":"ffffff00"}],"attachment":[{"time":0.9,"name":"sdfs"}]},"sdfs16":{"color":[{"time":1.6667,"color":"ffffff00"}],"attachment":[{"time":0.9667,"name":"sdfs"}]},"sdfs17":{"color":[{"time":1.3667,"color":"ffffff00"}],"attachment":[{"time":0.6667,"name":"sdfs"}]},"sdfs18":{"color":[{"time":1.6,"color":"ffffffff"},{"time":1.6667,"color":"ffffff00"}],"attachment":[{"time":0.9,"name":"sdfs"}]},"发光":{"attachment":[{"name":"发光"}]}},"bones":{"zzz":{"rotate":[{},{"time":0.3333,"angle":-72},{"time":0.6667,"angle":-144},{"time":1,"angle":-216},{"time":1.3333,"angle":-288},{"time":1.6667,"angle":-360}]},"bone":{"translate":[{"x":90.46}]},"bone6":{"translate":[{"x":-84.24}]},"bone9":{"translate":[{"x":-9.73,"y":-10.38}]},"bone19":{"rotate":[{"time":0.7667,"angle":-186.78}],"translate":[{"x":-74.56,"y":23.63},{"time":0.7667,"x":-5.43,"y":18.54}],"scale":[{"x":1.5,"y":1.5},{"time":0.7667,"x":0,"y":0}]},"bone13":{"rotate":[{"time":0.0667,"angle":-86.28},{"time":0.8333,"angle":-99.79}],"translate":[{"time":0.0667,"x":102.9,"y":-99.02},{"time":0.8333,"x":-1.15,"y":12.68}],"scale":[{"time":0.0667,"x":0.8},{"time":0.8333,"x":0.3,"y":0.6}]},"bone14":{"rotate":[{"time":0.9333,"angle":-186.78}],"translate":[{"time":0.1667,"x":-108.08,"y":-99.02},{"time":0.9333,"x":-25.42,"y":18.54}],"scale":[{"time":0.1667},{"time":0.9333,"x":0.3,"y":0}]},"bone15":{"rotate":[{"angle":-278.92}],"translate":[{"x":-108.08,"y":95.48},{"time":0.7667,"x":-24.59,"y":31.51}],"scale":[{"x":0.8},{"time":0.7667,"x":0.3,"y":0.6}]},"bone12":{"rotate":[{"time":0.9667,"angle":-21}],"translate":[{"time":0.3,"x":102.9,"y":57.86},{"time":0.9667,"x":-12.45,"y":17.7}],"scale":[{"time":0.3,"x":0.8},{"time":0.9667,"x":0,"y":0}]},"bone18":{"rotate":[{"time":1.0667,"angle":-186.78}],"translate":[{"time":0.3,"x":-40.18,"y":115.4},{"time":1.0667,"x":-5.43,"y":18.54}],"scale":[{"time":0.3,"x":1.5,"y":1.5},{"time":1.0667,"x":0,"y":0}]},"bone16":{"rotate":[{"time":1.3333,"angle":-186.78}],"translate":[{"time":0.6333,"x":-24.33,"y":-99.02},{"time":1.3333,"x":-5.43,"y":18.54}],"scale":[{"time":0.6333,"x":1.5,"y":1.5},{"time":1.3333,"x":0,"y":0}]},"bone17":{"rotate":[{"time":1.3333,"angle":-186.78}],"translate":[{"time":0.6333,"x":73.33,"y":-75.87},{"time":1.3333,"x":-5.43,"y":18.54}],"scale":[{"time":0.6333,"x":1.5,"y":1.5},{"time":1.3333,"x":0,"y":0}]},"bone20":{"rotate":[{"time":1.3333,"angle":-186.78}],"translate":[{"time":0.6333,"x":21.27,"y":102.19},{"time":1.3333,"x":-5.43,"y":18.54}],"scale":[{"time":0.6333,"x":1.5,"y":1.5},{"time":1.3333,"x":0,"y":0}]},"bone21":{"rotate":[{"time":1.1333,"angle":-186.78}],"translate":[{"time":0.3667,"x":-95.14,"y":-64.66},{"time":1.1333,"x":-5.43,"y":18.54}],"scale":[{"time":0.3667,"x":1.5,"y":1.5},{"time":1.1333,"x":0,"y":0}]},"bone22":{"rotate":[{"time":1.0333,"angle":-186.78}],"translate":[{"time":0.2667,"x":84.27,"y":33.47},{"time":1.0333,"x":-5.43,"y":18.54}],"scale":[{"time":0.2667,"x":1.5,"y":1.5},{"time":1.0333,"x":0,"y":0}]},"bone23":{"rotate":[{"time":0.8333,"angle":-186.78}],"translate":[{"time":0.1667,"x":84.27,"y":118.86},{"time":0.8333,"x":-5.43,"y":18.54}],"scale":[{"time":0.1667,"x":1.5,"y":1.5},{"time":0.8333,"x":0,"y":0}]},"bone24":{"rotate":[{"time":1.3333,"angle":-186.78}],"translate":[{"time":0.9,"x":67.09,"y":86.05},{"time":1.3333,"x":-5.43,"y":18.54}],"scale":[{"time":0.9,"x":1.5,"y":1.5},{"time":1.3333,"x":0,"y":0}]},"bone25":{"rotate":[{"time":1.6667,"angle":-186.78}],"translate":[{"time":0.9,"x":84.27,"y":-26.72},{"time":1.6667,"x":-5.43,"y":18.54}],"scale":[{"time":0.9,"x":1.5,"y":1.5},{"time":1.6667,"x":0,"y":0}]},"bone26":{"rotate":[{"time":1.6667,"angle":-186.78}],"translate":[{"time":0.9667,"x":-54.73,"y":102.19},{"time":1.6667,"x":-5.43,"y":18.54}],"scale":[{"time":0.9667,"x":1.5,"y":1.5},{"time":1.6667,"x":0,"y":0}]},"bone27":{"rotate":[{"time":1.3667,"angle":-186.78}],"translate":[{"time":0.6667,"x":-98.58,"y":16.26},{"time":1.3667,"x":-5.43,"y":18.54}],"scale":[{"time":0.6667,"x":1.5,"y":1.5},{"time":1.3667,"x":0,"y":0}]},"bone28":{"rotate":[{"time":1.6667,"angle":-186.78}],"translate":[{"time":0.9,"x":-101.64,"y":-50.1},{"time":1.6667,"x":-5.43,"y":18.54}],"scale":[{"time":0.9,"x":1.5,"y":1.5},{"time":1.6667,"x":0,"y":0}]}}},"a4":{"slots":{"5 拷贝":{"attachment":[{"name":null}]},"efwa":{"attachment":[{"name":null}]},"frefsf":{"attachment":[{"name":null}]},"sasas":{"attachment":[{"name":null}]},"sdsw":{"attachment":[{"name":null}]},"y":{"attachment":[{"name":null}]},"z":{"attachment":[{"name":null}]},"矩形 1":{"color":[{"color":"0d1e29ff"}]}}}}}