{
"skeleton": {
	"hash": "ulZ9fbUFn+M",
	"spine": "3.8-from-4.0-from-4.1.17",
	"x": -60.25,
	"y": -44.41,
	"width": 121,
	"height": 106.38,
	"images": "./images/",
	"audio": "E:/游戏项目/蛋壳特工队/动作/粘稠怪"
},
"bones": [
	{ "name": "root", "scaleX": 0.25, "scaleY": 0.25 },
	{ "name": "bone", "parent": "root" },
	{ "name": "bone2", "parent": "bone", "length": 158.4, "rotation": 97.07, "x": 2.36, "y": 18.36 },
	{ "name": "bone3", "parent": "bone2", "length": 35.57, "rotation": 83.85, "x": 113.92, "y": 9.57 },
	{ "name": "bone4", "parent": "bone2", "x": 27.23, "y": 23.79 },
	{ "name": "bone5", "parent": "bone2", "length": 49.81, "rotation": -31.57, "x": 146.43, "y": -59.22 },
	{ "name": "bone6", "parent": "bone", "length": 52.98, "rotation": -162.35, "x": -85.99, "y": -98.67 },
	{ "name": "bone13", "parent": "bone", "x": 30.68, "y": -78.66 },
	{ "name": "bone7", "parent": "bone13", "length": 46.03, "rotation": -22.73, "x": -78.23, "y": -22.31 },
	{ "name": "bone8", "parent": "bone13", "length": 58.17, "rotation": 5.09, "x": -12.25, "y": -32.07 },
	{ "name": "bone9", "parent": "bone13", "length": 72.3, "rotation": -7.29, "x": 72.65, "y": -35.51 },
	{ "name": "bone10", "parent": "bone13", "length": 44.9, "rotation": 10.3, "x": 158.71, "y": -42.39 },
	{ "name": "bone11", "parent": "bone2", "length": 86.93, "rotation": -43.35, "x": -59.49, "y": -108.74 },
	{ "name": "bone12", "parent": "bone11", "length": 99.39, "rotation": 103.9, "x": 93.37, "y": 16.34 },
	{ "name": "bone21", "parent": "bone2", "length": 114.16, "rotation": 21.75, "x": -54.76, "y": 52 },
	{ "name": "bone25", "parent": "root", "rotation": -49.41, "x": 139.22, "y": 123.75, "color": "140bf7ff" },
	{ "name": "bone26", "parent": "root", "rotation": -83.71, "x": 139.22, "y": -14.48, "color": "140bf7ff" },
	{ "name": "bone22", "parent": "bone26", "rotation": 83.71, "scaleX": 2, "scaleY": 2 },
	{ "name": "bone23", "parent": "root", "x": -212.5, "y": 73.96, "scaleX": -1.5, "scaleY": 1.5 },
	{ "name": "bone24", "parent": "root", "scaleX": 4, "scaleY": 4, "color": "550808ff" },
	{ "name": "bone27", "parent": "bone25", "rotation": 49.41, "scaleX": 2, "scaleY": 2 },
	{ "name": "bone28", "parent": "root", "rotation": -49.41, "x": 139.22, "y": 123.75, "color": "140bf7ff" },
	{ "name": "bone29", "parent": "bone28", "rotation": 49.41, "scaleX": 2, "scaleY": 2 },
	{
		"name": "bone30",
		"parent": "root",
		"rotation": -49.41,
		"x": -166.35,
		"y": 129.26,
		"scaleX": -1,
		"scaleY": -1,
		"color": "140bf7ff"
	},
	{ "name": "bone31", "parent": "bone30", "rotation": 49.41, "scaleX": 2, "scaleY": 2 },
	{ "name": "bone32", "parent": "root" },
	{
		"name": "bone33",
		"parent": "bone5",
		"length": 36.48,
		"rotation": -99.82,
		"x": 56.27,
		"y": -8.9,
		"color": "ff0000ff"
	},
	{
		"name": "bone34",
		"parent": "bone33",
		"length": 30.61,
		"rotation": -20.98,
		"x": 37.59,
		"y": -0.56,
		"color": "ff0000ff"
	},
	{
		"name": "bone35",
		"parent": "bone34",
		"length": 32.43,
		"rotation": 49.3,
		"x": 33.89,
		"y": -0.47,
		"color": "ff0000ff"
	},
	{
		"name": "bone36",
		"parent": "bone35",
		"length": 32.16,
		"rotation": 21.14,
		"x": 36.99,
		"y": 1.64,
		"color": "ff0000ff"
	},
	{
		"name": "bone37",
		"parent": "bone36",
		"length": 29,
		"rotation": 24.77,
		"x": 35.82,
		"y": 1.96,
		"color": "ff0000ff"
	},
	{ "name": "111", "parent": "root", "x": 23.45, "y": -165.92 }
],
"slots": [
	{ "name": "sf", "bone": "111", "attachment": "sf" },
	{ "name": "sx", "bone": "bone21", "attachment": "sx11" },
	{ "name": "bd 拷贝", "bone": "bone2", "attachment": "bd 拷贝" },
	{ "name": "zz", "bone": "bone4", "attachment": "zz11" },
	{ "name": "yj11", "bone": "bone3", "attachment": "yj" },
	{ "name": "tt", "bone": "bone5", "attachment": "tt" },
	{ "name": "dd11", "bone": "bone13", "attachment": "dd1" },
	{ "name": "yg", "bone": "bone33", "attachment": "yg11" },
	{ "name": "sd", "bone": "bone11", "attachment": "sd11" },
	{ "name": "1", "bone": "bone22" },
	{ "name": "2", "bone": "bone27" },
	{ "name": "3", "bone": "bone29" },
	{ "name": "4", "bone": "bone31" },
	{ "name": "skillEffectSupport_001", "bone": "bone24" },
	{ "name": "ffs", "bone": "bone25" },
	{ "name": "ffs3", "bone": "bone28" },
	{ "name": "ffs4", "bone": "bone30" },
	{ "name": "ffs2", "bone": "bone26" },
	{ "name": "aa1", "bone": "bone32" }
],
"skins": [
	{
		"name": "default",
		"attachments": {
			"1": {
				"ww1": { "width": 172, "height": 132 },
				"ww2": { "width": 172, "height": 132 },
				"ww3": { "width": 172, "height": 132 },
				"ww4": { "width": 172, "height": 132 },
				"ww5": { "width": 172, "height": 132 },
				"ww6": { "width": 172, "height": 132 },
				"ww7": { "width": 172, "height": 132 },
				"ww8": { "width": 172, "height": 132 },
				"ww9": { "width": 172, "height": 132 },
				"ww10": { "width": 172, "height": 132 },
				"ww11": { "width": 172, "height": 132 },
				"ww12": { "width": 172, "height": 132 }
			},
			"2": {
				"ww1": { "width": 172, "height": 132 },
				"ww2": { "width": 172, "height": 132 },
				"ww3": { "width": 172, "height": 132 },
				"ww4": { "width": 172, "height": 132 },
				"ww5": { "width": 172, "height": 132 },
				"ww6": { "width": 172, "height": 132 },
				"ww7": { "width": 172, "height": 132 },
				"ww8": { "width": 172, "height": 132 },
				"ww9": { "width": 172, "height": 132 },
				"ww10": { "width": 172, "height": 132 },
				"ww11": { "width": 172, "height": 132 },
				"ww12": { "width": 172, "height": 132 }
			},
			"3": {
				"ww1": { "width": 172, "height": 132 },
				"ww2": { "width": 172, "height": 132 },
				"ww3": { "width": 172, "height": 132 },
				"ww4": { "width": 172, "height": 132 },
				"ww5": { "width": 172, "height": 132 },
				"ww6": { "width": 172, "height": 132 },
				"ww7": { "width": 172, "height": 132 },
				"ww8": { "width": 172, "height": 132 },
				"ww9": { "width": 172, "height": 132 },
				"ww10": { "width": 172, "height": 132 },
				"ww11": { "width": 172, "height": 132 },
				"ww12": { "width": 172, "height": 132 }
			},
			"4": {
				"ww1": { "width": 172, "height": 132 },
				"ww2": { "width": 172, "height": 132 },
				"ww3": { "width": 172, "height": 132 },
				"ww4": { "width": 172, "height": 132 },
				"ww5": { "width": 172, "height": 132 },
				"ww6": { "width": 172, "height": 132 },
				"ww7": { "width": 172, "height": 132 },
				"ww8": { "width": 172, "height": 132 },
				"ww9": { "width": 172, "height": 132 },
				"ww10": { "width": 172, "height": 132 },
				"ww11": { "width": 172, "height": 132 },
				"ww12": { "width": 172, "height": 132 }
			},
			"aa1": {
				"aa1": { "x": 0.5, "y": 0.5, "width": 441, "height": 451 },
				"aa2": { "x": 0.5, "y": 0.5, "width": 441, "height": 451 },
				"aa3": { "x": 0.5, "y": 0.5, "width": 441, "height": 451 },
				"aa4": { "x": 0.5, "y": 0.5, "width": 441, "height": 451 },
				"aa5": { "x": 0.5, "y": 0.5, "width": 441, "height": 451 }
			},
			"bd 拷贝": {
				"bd 拷贝": {
					"type": "mesh",
					"uvs": [ 0.4329, 0, 0.33227, 0, 0.26888, 0.01491, 0.2043, 0.04278, 0.14211, 0.08513, 0.10742, 0.14087, 0.06437, 0.23561, 0.04284, 0.34708, 0.03686, 0.46747, 0.03208, 0.57782, 0.0237, 0.65808, 0.01294, 0.7361, 0.00816, 0.7963, 9.8E-4, 0.8576, 0, 0.92972, 0.01653, 0.97543, 0.06317, 1, 0.10742, 1, 0.24018, 1, 0.41719, 0.99995, 0.56908, 1, 0.8011, 1, 0.92309, 0.98657, 0.97452, 0.97097, 1, 0.94087, 1, 0.88625, 0.96375, 0.80377, 0.9183, 0.72037, 0.8597, 0.62005, 0.82382, 0.49967, 0.79512, 0.36591, 0.78794, 0.25667, 0.75445, 0.12625, 0.69465, 0.0538, 0.60256, 0.01032, 0.53559, 0.00141 ],
					"triangles": [ 26, 22, 21, 27, 21, 20, 19, 18, 12, 12, 18, 17, 17, 13, 12, 19, 11, 10, 10, 9, 19, 19, 9, 29, 27, 20, 28, 20, 19, 28, 19, 29, 28, 23, 22, 25, 26, 21, 27, 15, 14, 16, 13, 16, 14, 13, 17, 16, 11, 19, 12, 24, 23, 25, 25, 22, 26, 29, 9, 8, 29, 8, 7, 29, 7, 6, 29, 6, 5, 31, 30, 5, 31, 5, 4, 32, 31, 0, 30, 29, 5, 32, 0, 33, 4, 0, 31, 0, 4, 3, 34, 33, 35, 35, 33, 0, 3, 2, 0, 2, 1, 0 ],
					"vertices": [ 1, 2, 193.16, -23.02, 1, 1, 2, 197.23, 9.84, 1, 1, 2, 194.58, 31.18, 1, 2, 2, 187.43, 53.48, 0.9996, 1, -73.79, 197.78, 4.0E-4, 2, 2, 175.11, 75.62, 0.99559, 1, -94.25, 182.83, 0.00441, 2, 2, 157, 89.37, 0.98491, 1, -105.66, 163.16, 0.01509, 2, 2, 125.55, 107.55, 0.94206, 1, -119.83, 129.71, 0.05794, 2, 2, 87.37, 119.42, 0.83656, 1, -126.91, 90.36, 0.16344, 2, 2, 45.44, 126.61, 0.62344, 1, -128.88, 47.87, 0.37656, 2, 2, 6.98, 132.96, 0.36294, 1, -130.45, 8.91, 0.63706, 2, 2, -20.8, 139.19, 0.19534, 1, -133.21, -19.42, 0.80466, 2, 2, -47.7, 146.09, 0.08856, 1, -136.75, -46.96, 0.91144, 2, 2, -68.59, 150.27, 0.0405, 1, -138.32, -68.21, 0.9595, 2, 2, -89.77, 155.28, 0.01419, 1, -140.68, -89.85, 0.98581, 2, 2, -115, 158.73, 0.00227, 1, -141.01, -115.31, 0.99773, 2, 2, -131.68, 155.32, 2.8E-4, 1, -135.57, -131.44, 0.99972, 1, 1, -120.22, -140.12, 1, 1, 1, -105.66, -140.12, 1, 1, 1, -61.99, -140.12, 1, 1, 1, -3.75, -140.1, 1, 1, 1, 46.22, -140.12, 1, 2, 2, -172.07, -99.77, 0.01415, 1, 122.56, -140.12, 0.98585, 2, 2, -172.31, -140.18, 0.02177, 1, 162.69, -135.38, 0.97823, 2, 2, -168.93, -157.65, 0.0244, 1, 179.61, -129.87, 0.9756, 2, 2, -159.42, -167.28, 0.02723, 1, 187.99, -119.24, 0.97277, 2, 2, -140.28, -169.65, 0.03622, 1, 187.99, -99.96, 0.96378, 2, 2, -109.92, -161.4, 0.07505, 1, 176.07, -70.85, 0.92495, 2, 2, -78.86, -150.19, 0.16268, 1, 161.12, -41.41, 0.83732, 2, 2, -41.35, -135.42, 0.3674, 1, 141.84, -5.99, 0.6326, 2, 2, 2.28, -128.93, 0.68013, 1, 130.03, 36.5, 0.31987, 2, 2, 50.3, -125.38, 0.92205, 1, 120.59, 83.72, 0.07795, 2, 2, 88.86, -127.78, 0.98884, 1, 118.23, 122.28, 0.01116, 1, 2, 135.9, -122.52, 1, 1, 2, 163.71, -106.14, 1, 1, 2, 182.67, -77.97, 1, 1, 2, 188.5, -56.49, 1 ],
					"hull": 36,
					"edges": [ 0, 2, 2, 4, 4, 6, 6, 8, 8, 10, 10, 12, 12, 14, 14, 16, 16, 18, 18, 20, 20, 22, 22, 24, 24, 26, 26, 28, 28, 30, 30, 32, 32, 34, 34, 36, 36, 38, 38, 40, 40, 42, 42, 44, 44, 46, 46, 48, 48, 50, 50, 52, 52, 54, 54, 56, 56, 58, 58, 60, 60, 62, 62, 64, 64, 66, 66, 68, 68, 70, 0, 70 ],
					"width": 329,
					"height": 353
				}
			},
			"ffs": {
				"ffs": { "width": 98, "height": 128 }
			},
			"ffs2": {
				"ffs": { "width": 98, "height": 128 }
			},
			"ffs3": {
				"ffs": { "rotation": -83.12, "width": 98, "height": 128 }
			},
			"ffs4": {
				"ffs": { "rotation": -83.12, "width": 98, "height": 128 }
			},
			"sf": {
				"sf": {
					"type": "mesh",
					"uvs": [ 1, 1, 0, 1, 0, 0, 1, 0 ],
					"triangles": [ 1, 2, 3, 1, 3, 0 ],
					"vertices": [ 169.57, -11.71, -159.43, -11.71, -159.43, 25.29, 169.57, 25.29 ],
					"hull": 4,
					"edges": [ 0, 2, 2, 4, 4, 6, 0, 6 ],
					"width": 329,
					"height": 37
				}
			},
			"skillEffectSupport_001": {
				"skillEffectSupport_001": { "x": 0.5, "width": 155, "height": 140 },
				"skillEffectSupport_003": { "x": 0.5, "width": 155, "height": 140 },
				"skillEffectSupport_005": { "x": 0.5, "width": 155, "height": 140 },
				"skillEffectSupport_007": { "x": 0.5, "width": 155, "height": 140 },
				"skillEffectSupport_009": { "x": 0.5, "width": 155, "height": 140 },
				"skillEffectSupport_011": { "x": 0.5, "width": 155, "height": 140 }
			},
			"tt": {
				"tt": { "x": 32.54, "y": -6.49, "rotation": -65.5, "width": 87, "height": 100 }
			}
		}
	},
	{
		"name": "skin1",
		"attachments": {
			"dd11": {
				"dd1": {
					"name": "dd",
					"type": "mesh",
					"uvs": [ 0.22953, 0.42261, 0.21455, 0.43718, 0.20137, 0.29353, 0.19178, 0.21233, 0.15943, 0.14987, 0.13067, 0.1811, 0.1103, 0.24148, 0.10012, 0.3081, 0.07615, 0.32568, 0.03541, 0.37565, 0.01564, 0.43603, 0.00186, 0.5318, 0, 0.68587, 0.01684, 0.80454, 0.05159, 0.89823, 0.08514, 0.90864, 0.13367, 0.91488, 0.21335, 0.83993, 0.2475, 0.81911, 0.28165, 0.91905, 0.32179, 0.97318, 0.35654, 1, 0.40356, 0.9815, 0.46947, 0.89406, 0.49943, 0.83577, 0.52998, 0.83369, 0.56584, 0.87741, 0.61797, 0.93362, 0.65931, 0.98567, 0.71862, 0.99816, 0.78213, 1, 0.82124, 0.99334, 0.85402, 0.97687, 0.90021, 0.95041, 0.93691, 0.92017, 0.97037, 0.85784, 0.98772, 0.77673, 1, 0.69003, 0.99848, 0.58389, 0.98763, 0.45947, 0.96918, 0.3866, 0.94259, 0.3318, 0.91404, 0.30146, 0.88762, 0.28147, 0.84269, 0.2913, 0.80101, 0.34436, 0.76625, 0.38301, 0.74844, 0.36847, 0.72327, 0.26795, 0.69069, 0.1732, 0.65088, 0.15047, 0.62669, 0.20701, 0.61291, 0.29862, 0.60992, 0.36941, 0.58381, 0.30354, 0.5586, 0.17312, 0.52629, 0.11488, 0.49464, 0.10299, 0.47871, 0.13206, 0.46621, 0.19862, 0.45621, 0.30748, 0.44303, 0.39843, 0.4232, 0.40594, 0.41063, 0.35497, 0.40775, 0.26061, 0.40439, 0.12373, 0.3996, 0.0467, 0.37503, 0, 0.33849, 0, 0.31512, 0.02588, 0.28636, 0.105, 0.27258, 0.19868, 0.25761, 0.28613, 0.24802, 0.3465, 0.05431, 0.62263, 0.12053, 0.47097, 0.15589, 0.31147, 0.1273, 0.71938, 0.24468, 0.63048, 0.23942, 0.5468, 0.30187, 0.31932, 0.35605, 0.12582, 0.35379, 0.8292, 0.50729, 0.65662, 0.43506, 0.54419, 0.48848, 0.33762, 0.50428, 0.23826, 0.56147, 0.40299, 0.61113, 0.50758, 0.42001, 0.75076, 0.61545, 0.76383, 0.70574, 0.82659, 0.82388, 0.80828, 0.91643, 0.73245, 0.92922, 0.46836, 0.87881, 0.42391, 0.80808, 0.45267, 0.77196, 0.49712, 0.72079, 0.45267, 0.66661, 0.27486, 0.6478, 0.41606, 0.30309, 0.72623, 0.40251, 0.80083, 0.56973, 0.68304, 0.46917, 0.69482, 0.77196, 0.84794, 0.88833, 0.79297, 0.18107, 0.67912, 0.0805, 0.48947, 0.13282, 0.33974, 0.18303, 0.40925, 0.08492, 0.70939 ],
					"triangles": [ 32, 106, 33, 33, 106, 34, 106, 93, 34, 34, 93, 35, 35, 93, 36, 106, 95, 93, 36, 93, 37, 93, 38, 37, 38, 93, 94, 38, 94, 39, 94, 40, 39, 93, 95, 94, 95, 42, 94, 94, 41, 40, 94, 42, 41, 95, 43, 42, 95, 44, 43, 29, 105, 30, 30, 105, 31, 28, 91, 29, 29, 91, 105, 31, 92, 32, 31, 105, 92, 91, 28, 90, 32, 92, 106, 91, 97, 105, 91, 98, 97, 28, 27, 90, 105, 97, 92, 97, 47, 46, 97, 98, 47, 90, 100, 91, 91, 100, 98, 97, 96, 92, 106, 92, 95, 92, 96, 95, 97, 46, 96, 46, 45, 96, 96, 44, 95, 96, 45, 44, 100, 99, 98, 98, 48, 47, 98, 99, 48, 100, 52, 99, 99, 52, 51, 51, 50, 99, 99, 49, 48, 99, 50, 49, 26, 90, 27, 23, 104, 24, 26, 103, 90, 26, 25, 103, 24, 83, 25, 24, 104, 83, 25, 83, 103, 103, 88, 90, 90, 88, 100, 104, 84, 83, 83, 87, 103, 88, 87, 53, 53, 87, 54, 87, 88, 103, 83, 84, 85, 84, 61, 85, 83, 85, 87, 87, 86, 55, 55, 86, 56, 85, 86, 87, 61, 60, 85, 84, 62, 61, 88, 53, 100, 53, 52, 100, 87, 55, 54, 60, 59, 85, 85, 59, 86, 59, 58, 86, 58, 57, 86, 86, 57, 56, 15, 77, 16, 16, 107, 17, 16, 77, 107, 14, 111, 15, 15, 111, 77, 14, 13, 111, 18, 17, 78, 17, 107, 78, 13, 74, 111, 13, 12, 74, 107, 77, 75, 74, 108, 111, 77, 111, 75, 111, 108, 75, 12, 11, 74, 107, 75, 110, 110, 75, 109, 107, 79, 78, 107, 1, 79, 107, 110, 1, 110, 109, 76, 11, 10, 74, 74, 10, 108, 108, 10, 9, 1, 0, 79, 79, 0, 73, 9, 8, 108, 108, 7, 75, 108, 8, 7, 75, 7, 109, 1, 110, 2, 110, 76, 2, 7, 6, 109, 76, 109, 5, 109, 6, 5, 76, 3, 2, 76, 4, 3, 76, 5, 4, 22, 21, 82, 21, 20, 82, 82, 102, 22, 23, 102, 89, 23, 22, 102, 82, 20, 101, 20, 19, 101, 19, 18, 101, 89, 104, 23, 102, 82, 84, 18, 78, 101, 89, 102, 84, 64, 63, 80, 82, 101, 84, 89, 84, 104, 84, 63, 62, 101, 63, 84, 64, 80, 81, 81, 65, 64, 101, 78, 80, 80, 79, 73, 80, 63, 101, 80, 78, 79, 73, 72, 80, 81, 70, 69, 69, 68, 81, 72, 71, 80, 71, 70, 80, 81, 80, 70, 81, 66, 65, 81, 67, 66, 81, 68, 67 ],
					"vertices": [ 2, 8, -29.56, -8.98, 0.27214, 6, -7.59, 1.53, 0.72786, 2, 8, -34.65, -13.01, 0.01405, 6, -1.11, 1.3, 0.98595, 2, 8, -46.38, 0.77, 0.00249, 6, -1.1, -16.79, 0.99751, 2, 8, -53.83, 8.21, 0.00267, 6, -0.25, -27.29, 0.99733, 2, 8, -69.17, 9.91, 0.00232, 6, 10.34, -38.52, 0.99768, 2, 8, -78.78, 1.82, 0.00179, 6, 22.9, -38.59, 0.99821, 2, 8, -83.82, -8.14, 0.00114, 6, 33.19, -34.26, 0.99886, 2, 8, -84.65, -17.16, 5.6E-4, 6, 39.66, -27.93, 0.99944, 2, 8, -93.05, -22.97, 1.9E-4, 6, 49.83, -28.95, 0.99981, 2, 8, -106.4, -35.06, 2.0E-5, 6, 67.83, -28.38, 0.99998, 2, 8, -111.21, -44.93, 0, 6, 77.89, -23.98, 1, 1, 6, 86.85, -14.77, 1, 1, 6, 93.19, 2.61, 1, 1, 6, 90.82, 18.31, 1, 1, 6, 80.42, 33.42, 1, 1, 6, 67.47, 38.85, 1, 2, 8, -43.61, -78.91, 0.00524, 6, 48.41, 45.7, 0.99476, 2, 8, -16.44, -57.78, 0.19881, 6, 14.02, 47.21, 0.80119, 2, 8, -4.27, -49.97, 0.48363, 6, -0.31, 49.14, 0.51637, 2, 8, 13.5, -55.53, 0.77279, 6, -10.24, 64.89, 0.22721, 2, 8, 31.45, -55.05, 0.89667, 6, -24.22, 76.15, 0.10333, 3, 8, 46.06, -52.42, 0.94134, 6, -37.06, 83.61, 0.04869, 9, -48.58, -52.29, 0.00997, 3, 8, 63.29, -42.8, 0.89871, 6, -56.42, 87.44, 0.01199, 9, -28.86, -51.82, 0.0893, 3, 8, 84.58, -22.5, 0.50411, 9, -0.55, -43.81, 0.49375, 10, -75.8, -50.27, 0.00214, 3, 8, 93.4, -11.22, 0.22877, 9, 12.51, -37.95, 0.7497, 10, -64.3, -41.74, 0.02153, 3, 8, 105.05, -6.07, 0.06639, 9, 25.23, -38.83, 0.84166, 10, -51.69, -39.88, 0.09195, 3, 8, 120.87, -5.13, 0.00832, 9, 39.66, -45.38, 0.7153, 10, -36.19, -43.18, 0.27638, 2, 9, 60.71, -54.03, 0.35615, 10, -13.78, -47.12, 0.64385, 2, 9, 77.32, -61.78, 0.1351, 10, 4.12, -51.12, 0.8649, 2, 9, 101.83, -65.47, 0.01422, 10, 28.84, -49.47, 0.98578, 2, 10, 55.14, -46.33, 0.97399, 11, -44.89, -38.66, 0.02601, 2, 10, 71.22, -43.46, 0.78983, 11, -28.7, -40.79, 0.21017, 2, 10, 84.52, -39.77, 0.63551, 11, -14.89, -41.29, 0.36449, 2, 10, 103.22, -34.17, 0.31691, 11, 4.62, -41.61, 0.68309, 2, 10, 117.96, -28.67, 0.08392, 11, 20.33, -40.82, 0.91608, 2, 10, 131.36, -20.9, 0.01058, 11, 35.46, -37.47, 0.98942, 2, 10, 139.28, -10.11, 0.00466, 11, 46.27, -29.58, 0.99534, 1, 11, 51.15, -18.32, 1, 1, 11, 52.81, -5.67, 1, 1, 11, 51.03, 9.83, 1, 2, 10, 123.16, 36.59, 0.00661, 11, 45.02, 19.81, 0.99339, 2, 10, 111.33, 41.7, 0.0128, 11, 35.29, 28.26, 0.9872, 2, 10, 99.06, 43.81, 0.12053, 11, 24.23, 33.97, 0.87947, 2, 10, 87.82, 44.79, 0.21758, 11, 13.82, 38.3, 0.78242, 2, 10, 69.39, 41.24, 0.5621, 11, -4.83, 40.49, 0.4379, 3, 9, 143.01, 9.63, 0.00247, 10, 52.96, 32.71, 0.74376, 11, -23.07, 37.34, 0.25377, 3, 9, 128.16, 6.29, 0.00501, 10, 39.17, 26.27, 0.93063, 11, -38.16, 35.37, 0.06435, 3, 9, 120.92, 8.69, 0.03249, 10, 31.58, 27.06, 0.93065, 11, -45.15, 38.41, 0.03686, 3, 9, 111.53, 21.64, 0.06561, 10, 19.64, 37.69, 0.93067, 11, -53.32, 52.16, 0.00372, 2, 9, 99.01, 34.17, 0.24808, 10, 4.72, 47.25, 0.75192, 2, 9, 82.72, 38.36, 0.36872, 10, -12.09, 47.84, 0.63128, 2, 9, 72.07, 32.5, 0.43391, 10, -21.24, 39.83, 0.56608, 2, 9, 65.37, 22.06, 0.58935, 10, -25.54, 28.2, 0.41065, 2, 9, 63.37, 13.71, 0.81733, 10, -25.7, 19.62, 0.18267, 2, 9, 53.23, 22.55, 0.99839, 10, -37.5, 26.07, 0.00161, 1, 9, 44.15, 39.07, 1, 1, 9, 31.35, 47.22, 1, 1, 9, 18.33, 49.82, 1, 1, 9, 11.4, 46.93, 1, 2, 8, 51.08, 53.94, 7.0E-5, 9, 5.5, 39.44, 0.99993, 2, 8, 52.28, 40.28, 0.0499, 9, 0.19, 26.8, 0.9501, 2, 8, 51.43, 28.1, 0.18108, 9, -6.25, 16.41, 0.81892, 2, 8, 44.15, 24.07, 0.51261, 9, -14.57, 16.25, 0.48739, 2, 8, 36.95, 27.69, 0.77272, 9, -19.25, 22.81, 0.22728, 2, 8, 31.47, 37.67, 0.92444, 9, -19.44, 34.19, 0.07556, 2, 8, 23.83, 52.27, 0.9872, 9, -19.38, 50.68, 0.0128, 2, 8, 18.42, 60.03, 0.99596, 9, -20.55, 60.06, 0.00404, 2, 8, 6.8, 61.24, 0.99937, 9, -30.25, 66.55, 6.3E-4, 1, 8, -7.25, 55.35, 1, 1, 8, -15.04, 48.72, 1, 2, 8, -22.43, 35.33, 0.99563, 6, -41.73, -27.6, 0.00437, 2, 8, -23.39, 22.74, 0.96382, 6, -32.85, -18.63, 0.03618, 2, 8, -25.09, 10.65, 0.85227, 6, -23.72, -10.53, 0.14773, 2, 8, -25.98, 2.42, 0.6895, 6, -17.71, -4.84, 0.3105, 2, 8, -87.68, -59.35, 1.0E-5, 6, 69.31, 2.25, 0.99999, 2, 8, -69.25, -31.9, 0.00482, 6, 37.48, -6.72, 0.99518, 2, 8, -63.04, -8.54, 0.00296, 6, 17.62, -20.49, 0.99704, 2, 8, -55.12, -58.3, 0.00501, 6, 43.83, 22.54, 0.99499, 2, 8, -14.1, -29.55, 0.50267, 6, -6.05, 27.22, 0.49733, 2, 8, -20, -21.13, 0.42727, 6, -7, 16.98, 0.57273, 3, 8, -6.53, 14.11, 0.79038, 6, -40.1, -1.14, 0.14324, 9, -64.04, 31.1, 0.06638, 3, 8, 5.34, 44.25, 0.94473, 6, -68.67, -16.41, 0.03427, 9, -39.48, 52.22, 0.02099, 3, 8, 37.08, -33.96, 0.80367, 6, -42.18, 63.73, 0.06845, 9, -47.91, -31.77, 0.12787, 3, 8, 88.12, 9.87, 0.09508, 9, 17.69, -16.83, 0.84669, 10, -63.77, -20.01, 0.05824, 4, 8, 55.12, 10.68, 0.51833, 6, -84.84, 41.42, 0.00187, 9, -11.12, -0.71, 0.47924, 10, -95.36, -10.45, 5.7E-4, 3, 8, 66.09, 42.15, 0.11223, 9, 13.27, 22, 0.88723, 10, -76.41, 16.97, 5.5E-4, 3, 8, 67.56, 55.69, 0.06825, 9, 20.89, 33.29, 0.93142, 10, -71.39, 29.63, 3.3E-4, 3, 8, 97.2, 46.67, 0.02961, 9, 42.89, 11.49, 0.94797, 10, -45.23, 13.05, 0.02242, 3, 8, 121.15, 43.1, 1.2E-4, 9, 62.41, -2.85, 0.70902, 10, -23.09, 3.23, 0.29086, 4, 8, 58.91, -14.61, 0.69811, 6, -71.34, 63.14, 0.00682, 9, -19.57, -24.85, 0.29477, 10, -98.44, -35.83, 3.0E-4, 3, 8, 134.69, 15.43, 5.0E-5, 9, 61.47, -33.64, 0.49588, 10, -17.4, -27.04, 0.50407, 4, 8, 172.33, 23.04, 1.0E-5, 9, 98.31, -44.48, 0.11631, 10, 20.9, -29.73, 0.87129, 11, -72.5, -12.49, 0.01239, 3, 9, 147.57, -46.67, 0.00146, 10, 69.49, -21.3, 0.74442, 11, -23.64, -19.14, 0.25411, 3, 9, 186.82, -41.03, 6.8E-4, 10, 106.61, -7.37, 0.34513, 11, 15.96, -17.09, 0.65419, 3, 9, 194.94, -9.94, 2.6E-4, 10, 107.88, 24.74, 0.14038, 11, 26.87, 13.13, 0.85936, 3, 9, 174.48, -2.76, 2.6E-4, 10, 86.35, 27.36, 0.35371, 11, 7.14, 22.14, 0.64604, 3, 9, 144.79, -3.58, 0.0031, 10, 57.53, 20.2, 0.73605, 11, -22.49, 24.02, 0.26085, 4, 8, 182.52, 70.17, 0, 9, 129.32, -7.56, 0.02678, 10, 43.27, 12.99, 0.83679, 11, -38.26, 21.47, 0.13643, 4, 8, 160.78, 66.85, 1.0E-5, 9, 108.54, -0.35, 0.10205, 10, 21.43, 15.57, 0.89205, 11, -58.3, 30.53, 0.0059, 4, 8, 131.69, 77.8, 0, 9, 87.93, 22.91, 0.3002, 10, -3.69, 33.87, 0.69795, 11, -76.71, 55.57, 0.00185, 4, 8, 131.01, 59.14, 6.0E-5, 9, 78.61, 6.73, 0.46973, 10, -9.32, 16.07, 0.52864, 11, -87.46, 40.3, 0.00157, 3, 8, 12.81, -30.73, 0.67881, 6, -25.78, 45.55, 0.25412, 9, -67.87, -17.59, 0.06707, 4, 8, 54.5, -22.97, 0.75022, 6, -62.57, 66.65, 0.0217, 9, -27.37, -30.18, 0.22789, 10, -104.92, -42.72, 1.9E-4, 3, 8, 113.36, 17.01, 0.0397, 9, 43.34, -22.29, 0.67221, 10, -37.55, -19.84, 0.28809, 4, 8, 75.23, -0.5, 0.35728, 6, -92.92, 62.96, 0.00292, 9, 1.45, -19.98, 0.60702, 10, -78.96, -26.57, 0.03278, 4, 8, 198.78, 31.34, 0, 9, 125.58, -49.49, 0.04476, 10, 48.62, -28.76, 0.8317, 11, -45.79, -19.95, 0.12354, 3, 9, 174.5, -47.23, 6.9E-4, 10, 95.91, -16.06, 0.47024, 11, 3.13, -22.14, 0.52907, 2, 8, -36.31, -45.18, 0.23255, 6, 20.99, 24.73, 0.76745, 2, 8, -83.78, -40.39, 0.0015, 6, 54.06, -9.67, 0.9985, 2, 8, -70.6, -15.39, 0.00259, 6, 27.82, -20.17, 0.99741, 2, 8, -48.07, -15, 0.00953, 6, 10.4, -5.88, 0.99047, 2, 8, -71.89, -64.02, 0.00171, 6, 60.3, 16.04, 0.99829 ],
					"hull": 74,
					"edges": [ 0, 2, 2, 4, 4, 6, 6, 8, 8, 10, 10, 12, 12, 14, 14, 16, 16, 18, 18, 20, 20, 22, 22, 24, 24, 26, 26, 28, 28, 30, 30, 32, 32, 34, 34, 36, 36, 38, 38, 40, 40, 42, 42, 44, 44, 46, 46, 48, 48, 50, 50, 52, 52, 54, 54, 56, 56, 58, 58, 60, 68, 70, 86, 88, 96, 98, 98, 100, 100, 102, 102, 104, 104, 106, 106, 108, 108, 110, 110, 112, 112, 114, 114, 116, 116, 118, 118, 120, 120, 122, 122, 124, 124, 126, 126, 128, 128, 130, 130, 132, 132, 134, 134, 136, 136, 138, 138, 140, 140, 142, 142, 144, 144, 146, 0, 146, 64, 66, 66, 68, 60, 62, 62, 64, 70, 72, 72, 74, 74, 76, 76, 78, 78, 80, 80, 82, 82, 84, 84, 86, 88, 90, 90, 92, 92, 94, 94, 96 ],
					"width": 417,
					"height": 120
				}
			},
			"sd": {
				"sd11": {
					"name": "sd",
					"type": "mesh",
					"uvs": [ 0.6265, 0, 0.51543, 0, 0.42837, 0.04661, 0.35783, 0.09999, 0.30379, 0.16713, 0.20623, 0.19468, 0.12367, 0.24461, 0.07865, 0.28421, 0.03812, 0.34102, 0, 0.4736, 0, 0.5769, 0.03662, 0.60617, 0.09666, 0.57345, 0.14469, 0.53558, 0.20773, 0.50631, 0.1642, 0.62338, 0.1597, 0.76628, 0.18371, 0.89025, 0.20323, 0.95395, 0.24075, 0.97461, 0.27377, 0.95739, 0.29629, 0.89713, 0.33231, 0.81794, 0.36683, 0.76112, 0.39685, 0.71808, 0.42687, 0.67503, 0.43588, 0.73185, 0.44789, 0.77489, 0.41036, 0.87475, 0.42987, 0.91779, 0.45839, 0.92985, 0.50492, 0.91263, 0.54845, 0.94879, 0.63701, 0.98666, 0.70755, 1, 0.79611, 1, 0.90118, 0.94362, 0.95972, 0.85926, 0.99574, 0.75423, 1, 0.61133, 0.99874, 0.46499, 0.95071, 0.28765, 0.85015, 0.12753, 0.75258, 0.03973, 0.66252, 0.00701 ],
					"triangles": [ 19, 18, 20, 20, 18, 21, 18, 17, 21, 21, 17, 22, 17, 16, 22, 22, 16, 23, 16, 15, 23, 23, 15, 24, 42, 44, 43, 25, 44, 42, 25, 24, 14, 0, 44, 25, 0, 25, 2, 2, 1, 0, 24, 15, 14, 14, 4, 25, 4, 3, 25, 25, 3, 2, 11, 10, 12, 10, 9, 12, 12, 9, 13, 14, 13, 8, 13, 9, 8, 8, 7, 14, 7, 6, 14, 6, 5, 14, 14, 5, 4, 36, 35, 37, 37, 35, 34, 38, 37, 34, 27, 38, 34, 32, 27, 33, 31, 30, 28, 30, 29, 28, 28, 27, 31, 27, 32, 31, 27, 34, 33, 38, 27, 39, 39, 27, 26, 39, 26, 25, 39, 25, 40, 40, 25, 41, 41, 25, 42 ],
					"vertices": [ 1, 13, 22.56, -52.85, 1, 1, 13, 44.19, -51.73, 1, 1, 13, 60.74, -42.93, 1, 1, 13, 74, -33.15, 1, 1, 13, 83.93, -21.21, 1, 1, 13, 102.69, -15.54, 1, 1, 13, 118.32, -6.23, 1, 1, 13, 126.74, 0.95, 1, 1, 13, 134.13, 11.01, 1, 1, 13, 140.38, 33.9, 1, 1, 13, 139.47, 51.44, 1, 2, 12, 7.24, 131.09, 1.2E-4, 13, 132.08, 56.03, 0.99988, 2, 12, 15.96, 121.5, 0.00219, 13, 120.68, 49.87, 0.99781, 2, 12, 24.84, 114.41, 0.00999, 13, 111.66, 42.96, 0.99001, 2, 12, 33.17, 104.09, 0.05156, 13, 99.64, 37.35, 0.94844, 2, 12, 11.66, 106.43, 0.11187, 13, 107.09, 57.67, 0.88813, 2, 12, -11.84, 100.22, 0.1225, 13, 106.7, 81.97, 0.8775, 2, 12, -30.65, 89.62, 0.1181, 13, 100.93, 102.77, 0.8819, 2, 12, -39.9, 82.83, 0.11598, 13, 96.57, 113.39, 0.88402, 2, 12, -41.14, 74.81, 0.11601, 13, 89.08, 116.52, 0.88399, 2, 12, -36.47, 69.5, 0.11695, 13, 82.8, 113.26, 0.88305, 2, 12, -25.39, 68.27, 0.12357, 13, 78.95, 102.8, 0.87643, 2, 12, -10.47, 65.46, 0.15029, 13, 72.63, 88.99, 0.84971, 2, 12, 0.73, 61.83, 0.19764, 13, 66.41, 79, 0.80236, 2, 12, 9.43, 58.35, 0.27098, 13, 60.94, 71.38, 0.72902, 2, 12, 18.13, 54.87, 0.44857, 13, 55.48, 63.77, 0.55143, 2, 12, 9.4, 50.39, 0.69624, 13, 53.22, 73.33, 0.30376, 2, 12, 3.08, 46.02, 0.8208, 13, 50.5, 80.51, 0.1792, 2, 12, -15.29, 48.09, 0.92956, 13, 56.93, 97.85, 0.07044, 2, 12, -21.19, 42.33, 0.93756, 13, 52.75, 104.96, 0.06244, 2, 12, -21.53, 36.41, 0.94134, 13, 47.09, 106.71, 0.05866, 2, 12, -16.1, 28.58, 0.95488, 13, 38.18, 103.32, 0.04512, 2, 12, -19.52, 18.67, 0.98115, 13, 29.38, 109.02, 0.01885, 2, 12, -20.66, 0.28, 0.99947, 13, 11.8, 114.55, 5.3E-4, 1, 12, -18.84, -13.54, 1, 1, 12, -13.82, -30.07, 1, 1, 12, 1.3, -46.89, 1, 1, 12, 18.33, -53.65, 1, 1, 12, 37.46, -55.19, 1, 1, 12, 60.95, -48.93, 1, 1, 12, 84.68, -41.47, 1, 2, 12, 110.81, -23.75, 0.85046, 13, -43.11, -7.3, 0.14954, 2, 12, 131.16, 2.92, 0.20354, 13, -22.11, -33.46, 0.79646, 2, 12, 139.92, 25.46, 0.01604, 13, -2.34, -47.38, 0.98396, 1, 13, 15.49, -52.02, 1 ],
					"hull": 45,
					"edges": [ 0, 2, 2, 4, 4, 6, 6, 8, 8, 10, 10, 12, 12, 14, 14, 16, 16, 18, 18, 20, 20, 22, 22, 24, 24, 26, 26, 28, 28, 30, 30, 32, 32, 34, 34, 36, 36, 38, 38, 40, 40, 42, 42, 44, 44, 46, 46, 48, 48, 50, 50, 52, 52, 54, 54, 56, 56, 58, 58, 60, 60, 62, 62, 64, 64, 66, 66, 68, 68, 70, 70, 72, 72, 74, 74, 76, 76, 78, 78, 80, 80, 82, 82, 84, 84, 86, 86, 88, 0, 88 ],
					"width": 195,
					"height": 170
				}
			},
			"sx": {
				"sx11": { "name": "sx", "x": 89.29, "y": 50.75, "rotation": -118.82, "width": 224, "height": 167 }
			},
			"yg": {
				"yg11": {
					"name": "yg",
					"type": "mesh",
					"uvs": [ 0, 0.07577, 0.01852, 0.12573, 0.04062, 0.16044, 0.07866, 0.19951, 0.10961, 0.22023, 0.14496, 0.23392, 0.16895, 0.28823, 0.18872, 0.32309, 0.21988, 0.37007, 0.23908, 0.43262, 0.24995, 0.51069, 0.2736, 0.57203, 0.30237, 0.61013, 0.35863, 0.64917, 0.41488, 0.67612, 0.44173, 0.70307, 0.45299, 0.76935, 0.47025, 0.85857, 0.51052, 0.93757, 0.55975, 0.98125, 0.60706, 0.99334, 0.66587, 0.99334, 0.7087, 0.96266, 0.73747, 0.92549, 0.75345, 0.85857, 0.75345, 0.74704, 0.72788, 0.66432, 0.68445, 0.61452, 0.65121, 0.58478, 0.62372, 0.56898, 0.65185, 0.54946, 0.67806, 0.54388, 0.7113, 0.54388, 0.7503, 0.5476, 0.80007, 0.5492, 0.83907, 0.5427, 0.88382, 0.52225, 0.92984, 0.47671, 0.97076, 0.40421, 0.99633, 0.3215, 1, 0.22019, 0.98418, 0.15792, 0.91194, 0.07799, 0.83459, 0.05847, 0.75852, 0.07334, 0.69139, 0.12911, 0.64327, 0.18878, 0.59998, 0.24993, 0.56482, 0.29176, 0.51415, 0.32679, 0.47758, 0.32446, 0.4493, 0.27868, 0.42713, 0.23979, 0.40223, 0.19708, 0.37266, 0.15047, 0.34465, 0.11546, 0.31626, 0.08658, 0.28678, 0.06458, 0.25133, 0.0474, 0.21851, 0.03339, 0.18165, 0.01766, 0.15196, 0.01053, 0.10904, 0.00261, 0.06767, 0.0081, 0.03014, 0.02602, 0.01288, 0.04554 ],
					"triangles": [ 40, 42, 41, 39, 38, 42, 40, 39, 42, 38, 43, 42, 43, 37, 44, 38, 37, 43, 37, 36, 44, 35, 44, 36, 45, 44, 35, 45, 34, 33, 35, 34, 45, 33, 32, 46, 32, 31, 47, 47, 46, 32, 48, 47, 31, 33, 46, 45, 30, 48, 31, 29, 48, 30, 49, 48, 29, 12, 11, 50, 13, 12, 50, 14, 13, 50, 49, 15, 14, 15, 29, 16, 50, 49, 14, 29, 15, 49, 28, 17, 16, 27, 26, 25, 27, 25, 24, 17, 27, 18, 29, 28, 16, 27, 17, 28, 18, 27, 19, 23, 22, 24, 27, 24, 19, 24, 20, 19, 22, 20, 24, 21, 20, 22, 8, 54, 53, 52, 9, 8, 52, 8, 53, 9, 50, 10, 51, 9, 52, 50, 11, 10, 51, 50, 9, 1, 65, 64, 0, 65, 1, 63, 1, 64, 2, 1, 63, 62, 2, 63, 3, 2, 62, 61, 3, 62, 4, 3, 61, 5, 4, 61, 5, 61, 60, 5, 60, 59, 58, 6, 5, 58, 5, 59, 6, 56, 7, 57, 6, 58, 7, 55, 8, 57, 56, 6, 55, 7, 56, 8, 55, 54 ],
					"vertices": [ 1, 26, -22.98, -10.15, 1, 1, 26, -16.75, -14.1, 1, 1, 26, -10.9, -16, 1, 2, 26, -2.15, -16.92, 0.99942, 27, -31.25, -29.5, 5.8E-4, 2, 26, 4.27, -16.41, 0.99085, 27, -25.44, -26.73, 0.00915, 2, 26, 10.97, -14.7, 0.94292, 27, -19.8, -22.73, 0.05708, 3, 26, 18.38, -18.64, 0.7622, 27, -11.47, -23.76, 0.23732, 28, -46.73, 20.42, 4.8E-4, 3, 26, 23.85, -20.77, 0.57664, 27, -5.6, -23.79, 0.41823, 28, -43.03, 15.85, 0.00513, 3, 26, 31.98, -23.22, 0.25114, 27, 2.87, -23.17, 0.71219, 28, -37.2, 9.69, 0.03667, 3, 26, 39.11, -28.54, 0.04655, 27, 11.44, -25.58, 0.81493, 28, -33.65, 1.52, 0.13852, 3, 26, 45.87, -36.39, 0.00139, 27, 20.55, -30.49, 0.68232, 28, -31.69, -8.65, 0.31628, 2, 27, 29.54, -32.16, 0.52297, 28, -27.3, -16.66, 0.47703, 2, 27, 36.83, -31.14, 0.38968, 28, -21.91, -21.67, 0.61032, 2, 27, 47.53, -26.22, 0.1625, 28, -11.33, -26.84, 0.8375, 2, 27, 57.02, -20.28, 0.02733, 28, -0.73, -30.45, 0.97267, 2, 27, 62.96, -18.63, 0.00271, 28, 4.31, -34, 0.99729, 1, 28, 6.36, -42.64, 1, 1, 28, 9.51, -54.26, 1, 1, 28, 17.03, -64.61, 1, 1, 28, 26.27, -70.37, 1, 1, 28, 35.2, -72.03, 1, 1, 28, 46.32, -72.13, 1, 1, 28, 54.45, -68.22, 1, 1, 28, 59.93, -63.44, 1, 1, 28, 63.03, -54.77, 1, 1, 28, 63.17, -40.27, 1, 2, 28, 58.44, -29.48, 0.99787, 29, 11.27, -36.08, 0.00213, 2, 28, 50.3, -22.92, 0.97922, 29, 5.44, -27.41, 0.02078, 2, 28, 44.05, -19, 0.9302, 29, 0.63, -21.81, 0.0698, 2, 28, 38.87, -16.89, 0.78424, 29, -3.69, -18.27, 0.21576, 2, 28, 44.21, -14.41, 0.37033, 29, 2.15, -17.47, 0.62967, 2, 28, 49.17, -13.73, 0.14882, 29, 7.09, -18.29, 0.85118, 2, 28, 55.46, -13.79, 0.03027, 29, 13.07, -20.21, 0.96973, 3, 28, 62.82, -14.34, 0.0013, 29, 19.94, -22.92, 0.99072, 30, -24.84, -15.94, 0.00798, 2, 29, 28.84, -25.99, 0.9102, 30, -18.05, -22.45, 0.0898, 2, 29, 36.11, -27.44, 0.78284, 30, -12.05, -26.81, 0.21716, 2, 29, 44.98, -27.49, 0.59458, 30, -4.02, -30.57, 0.40542, 2, 29, 55.07, -24.51, 0.36887, 30, 6.39, -32.09, 0.63113, 2, 29, 65.31, -17.89, 0.16081, 30, 18.46, -30.38, 0.83919, 2, 29, 73.2, -9.13, 0.04975, 30, 29.29, -25.72, 0.95025, 2, 29, 77.88, 3.2, 0.00436, 30, 38.71, -16.49, 0.99564, 1, 30, 41.98, -8.5, 1, 1, 30, 38.95, 8.38, 1, 2, 29, 54.52, 32.77, 0.00693, 30, 29.89, 20.14, 0.99307, 2, 29, 40.24, 35.31, 0.09946, 30, 17.99, 28.44, 0.90054, 2, 29, 25.95, 32.28, 0.36127, 30, 3.74, 31.67, 0.63873, 3, 28, 43.04, 32.49, 0.00723, 29, 14.92, 27.67, 0.64755, 30, -8.2, 32.11, 0.34521, 3, 28, 34.78, 24.62, 0.10994, 29, 4.7, 22.6, 0.77078, 30, -19.61, 31.78, 0.11928, 4, 27, 36.74, 33.46, 0.00854, 28, 28.08, 19.25, 0.38802, 29, -3.29, 19.45, 0.57184, 30, -28.18, 32.27, 0.0316, 4, 27, 34.11, 23.18, 0.12804, 28, 18.47, 14.79, 0.73366, 29, -13.8, 18.04, 0.13678, 30, -38.31, 35.39, 0.00151, 3, 27, 29.46, 18.06, 0.46341, 28, 11.56, 15.15, 0.51634, 29, -20.29, 20.44, 0.02025, 4, 26, 64, 8.34, 0.0085, 27, 21.47, 17.76, 0.85354, 28, 6.27, 21.16, 0.13746, 29, -23.56, 27.74, 5.0E-4, 3, 26, 57.87, 10.7, 0.05915, 27, 14.9, 17.78, 0.91553, 28, 2.13, 26.25, 0.02532, 3, 26, 51.05, 13.25, 0.2289, 27, 7.62, 17.71, 0.77053, 28, -2.53, 31.85, 5.7E-4, 2, 26, 43.22, 15.8, 0.59644, 27, -0.61, 17.29, 0.40356, 2, 26, 36.37, 17.19, 0.88833, 27, -7.49, 16.13, 0.11167, 2, 26, 29.86, 17.84, 0.99096, 27, -13.81, 14.41, 0.00904, 1, 26, 23.6, 17.61, 1, 1, 26, 16.66, 16.29, 1, 1, 26, 10.36, 14.84, 1, 1, 26, 3.28, 13.22, 1, 1, 26, -2.07, 11.29, 1, 1, 26, -9.65, 8.22, 1, 1, 26, -16.12, 3.78, 1, 1, 26, -21.17, -1.72, 1, 1, 26, -22.78, -5.53, 1 ],
					"hull": 66,
					"edges": [ 8, 10, 14, 16, 16, 18, 18, 20, 20, 22, 22, 24, 24, 26, 26, 28, 28, 30, 30, 32, 32, 34, 34, 36, 36, 38, 38, 40, 40, 42, 42, 44, 44, 46, 46, 48, 48, 50, 50, 52, 52, 54, 54, 56, 56, 58, 58, 60, 60, 62, 62, 64, 64, 66, 66, 68, 68, 70, 70, 72, 72, 74, 74, 76, 76, 78, 78, 80, 80, 82, 82, 84, 84, 86, 86, 88, 88, 90, 90, 92, 92, 94, 94, 96, 96, 98, 98, 100, 104, 106, 106, 108, 124, 126, 126, 128, 128, 130, 0, 130, 0, 2, 2, 4, 4, 6, 6, 8, 10, 12, 12, 14, 120, 122, 122, 124, 116, 118, 118, 120, 112, 114, 114, 116, 108, 110, 110, 112, 100, 102, 102, 104 ],
					"width": 189,
					"height": 130
				}
			},
			"yj11": {
				"yj": {
					"name": "yj11",
					"path": "yj1",
					"x": 6.97,
					"y": 7.74,
					"rotation": 179.08,
					"width": 158,
					"height": 65
				}
			},
			"zz": {
				"zz11": { "name": "zz", "x": -10.25, "y": -4.87, "rotation": -97.07, "width": 181, "height": 118 }
			}
		}
	},
	{
		"name": "skin2",
		"attachments": {
			"dd11": {
				"dd1": {
					"name": "dd",
					"type": "linkedmesh",
					"path": "dd2",
					"skin": "skin1",
					"parent": "dd1",
					"width": 415,
					"height": 118
				}
			},
			"sd": {
				"sd11": {
					"name": "sd",
					"type": "linkedmesh",
					"path": "sd2",
					"skin": "skin1",
					"parent": "sd11",
					"width": 193,
					"height": 168
				}
			},
			"sx": {
				"sx11": {
					"name": "sx",
					"path": "sx2",
					"x": 89.29,
					"y": 50.75,
					"rotation": -118.82,
					"width": 222,
					"height": 165
				}
			},
			"yg": {
				"yg11": {
					"name": "yg",
					"type": "linkedmesh",
					"path": "yg2",
					"skin": "skin1",
					"parent": "yg11",
					"width": 187,
					"height": 128
				}
			},
			"yj11": {
				"yj": {
					"name": "yj11",
					"path": "yj2",
					"x": 6.97,
					"y": 7.74,
					"rotation": 179.08,
					"width": 156,
					"height": 63
				}
			},
			"zz": {
				"zz11": {
					"name": "zz",
					"path": "zz2",
					"x": -10.25,
					"y": -4.87,
					"rotation": -97.07,
					"width": 179,
					"height": 116
				}
			}
		}
	}
],
"animations": {
	"attack1": {
		"slots": {
			"1": {
				"color": [
					{ "time": 0.4333, "color": "acff8eff" },
					{ "time": 0.6, "color": "ffffffff" }
				]
			},
			"2": {
				"color": [
					{ "time": 0.4333, "color": "acff8eff" },
					{ "time": 0.6, "color": "ffffffff" }
				]
			},
			"3": {
				"color": [
					{ "time": 0.4333, "color": "acff8eff" },
					{ "time": 0.6, "color": "ffffffff" }
				]
			},
			"4": {
				"color": [
					{ "time": 0.4333, "color": "acff8eff" },
					{ "time": 0.6, "color": "ffffffff" }
				]
			},
			"bd 拷贝": {
				"color": [
					{ "time": 0.4333, "color": "acff8eff" },
					{ "time": 0.6, "color": "ffffffff" }
				]
			},
			"dd11": {
				"color": [
					{ "time": 0.4333, "color": "acff8eff" },
					{ "time": 0.6, "color": "ffffffff" }
				]
			},
			"sd": {
				"color": [
					{ "time": 0.4333, "color": "acff8eff" },
					{ "time": 0.6333, "color": "ffffffff" }
				]
			},
			"skillEffectSupport_001": {
				"attachment": [
					{ "time": 0.0333, "name": "skillEffectSupport_001" },
					{ "time": 0.1, "name": "skillEffectSupport_003" },
					{ "time": 0.1667, "name": "skillEffectSupport_005" },
					{ "time": 0.2333, "name": "skillEffectSupport_007" },
					{ "time": 0.3, "name": "skillEffectSupport_009" },
					{ "time": 0.3667, "name": "skillEffectSupport_011" },
					{ "time": 0.4333, "name": null }
				]
			},
			"sx": {
				"color": [
					{ "time": 0.4333, "color": "acff8eff" },
					{ "time": 0.6, "color": "ffffffff" }
				]
			},
			"tt": {
				"color": [
					{ "time": 0.4333, "color": "acff8eff" },
					{ "time": 0.6, "color": "ffffffff" }
				]
			},
			"yg": {
				"color": [
					{ "time": 0.4333, "color": "acff8eff" },
					{ "time": 0.6, "color": "ffffffff" }
				]
			},
			"yj11": {
				"color": [
					{ "time": 0.4333, "color": "acff8eff" },
					{ "time": 0.6, "color": "ffffffff" }
				]
			},
			"zz": {
				"color": [
					{ "time": 0.4333, "color": "acff8eff" },
					{ "time": 0.6, "color": "ffffffff" }
				]
			}
		},
		"bones": {
			"bone11": {
				"rotate": [
					{},
					{ "time": 0.2, "angle": -49.43 },
					{ "time": 0.4333, "angle": -14.05 },
					{ "time": 0.6333, "angle": 27.37 },
					{ "time": 0.7667 }
				]
			},
			"bone12": {
				"translate": [
					{},
					{ "time": 0.2333, "y": 9.69, "curve": "stepped" },
					{ "time": 0.6667, "y": 9.69 },
					{ "time": 0.7667 }
				]
			},
			"bone21": {
				"rotate": [
					{},
					{ "time": 0.4667, "angle": -35.89 },
					{ "time": 0.6, "angle": 21.24 },
					{ "time": 0.6667, "angle": 22.39 },
					{ "time": 0.7667 }
				]
			},
			"bone": {
				"rotate": [
					{},
					{ "time": 0.5333, "angle": -2.12 },
					{ "time": 0.6667 }
				],
				"translate": [
					{},
					{ "time": 0.5333, "y": 7.48 },
					{ "time": 0.6667 }
				]
			},
			"bone2": {
				"rotate": [
					{},
					{ "time": 0.4667, "angle": -18.16 },
					{ "time": 0.6, "angle": 20.22 },
					{ "time": 0.7667 }
				],
				"translate": [
					{},
					{ "time": 0.4667, "x": 14.42 },
					{ "time": 0.6 }
				]
			},
			"bone4": {
				"scale": [
					{},
					{ "time": 0.6, "x": 0.7 },
					{ "time": 0.8 }
				]
			},
			"bone23": {
				"translate": [
					{ "time": 0.6667, "x": 199.52, "y": -20.68 },
					{ "time": 1.4333, "x": -1280.16, "y": -20.68 }
				],
				"scale": [
					{ "time": 0.6667, "x": 1.667, "y": 1.667 }
				]
			},
			"bone24": {
				"translate": [
					{ "y": 48.15 }
				],
				"scale": [
					{ "x": 1.5, "y": 1.5 }
				]
			}
		},
		"deform": {
			"skin1": {
				"dd11": {
					"dd1": [
						{},
						{
							"time": 0.6,
							"vertices": [ 0.06652, 7.38306, -6.59448, -3.32076, -2.51952, 5.28407, -3.54443, -4.65903, 0.802, -2.63788, 1.97807, 1.92064, 0.49301, -1.66432, 1.25398, 1.20024, 2.56896, -2.55342, 1.09403, 3.45292, -0.79473, -2.2313, 2.34757, 0.31494, -8.12317, -1.47354, 5.02862, -6.54731, -12.41257, 1.22618, 4.59217, -11.5968, -10.76111, -3.86211, 8.35986, -7.79912, -1.11826, -1.70605, 2.0287, -0.21317, -0.03316, -3.25835, 2.91202, 1.46218, 0, 0, 0, 0, 0, 0, 0, 0, 0, 0, 2.86829, -0.7814, -0.61839, 2.9078, -3.05025, -13.84394, 13.70419, 3.62587, 1.14682, -14.89105, 12.71364, 7.83673, 1.12934, -5.28751, 4.18372, 3.4247, 1.46939, -2.12581, 1.21719, 2.2796, 8.76537, 4.73409, -8.22166, 5.62569, 9.37623, -3.36595, 9.95265, 8.35052, -11.9804, 5.02565, 12.8614, -1.83573, 7.70503, -1.76894, 3.82657, -6.91772, 6.94002, -3.78602, 14.61378, -8.77437, 3.22273, -16.73814, 11.69769, -12.3983, 13.81939, -11.04616, 1.00101, -17.66327, 10.31885, -14.3707, 8.59815, -11.64485, -2.9303, -14.17546, 5.13014, -13.53568, 1.16609, -10.05078, 6.37509, -7.85733, 4.68187, -6.72311, 7.55748, -3.16304, 0, 0, 0, 0, 0, 0, 0, 0, 0, 0, 0, 0, 6.15128, 5.36093, 8.15886, -0.11092, 0, 0, 0, 0, 3.12811, -0.91276, 1.72107, -2.76694, 0.74649, 1.11265, 1.29839, 0.33067, -2.64105, -0.9234, -2.44171, 1.36603, 2.19887, 2.72879, 1.33986, -0.05878, 1.17828, -1.76804, 0, 0, 0, 0, 6.84631, -1.2179, 4.28711, -5.47504, 2.80653, 2.68336, 3.86935, -0.32365, 6.25198, 4.97008, 8.30495, -0.38206, 4.58472, 10.52166, 10.97079, 4.05009, 9.75572, 5.1325, 5.48082, 9.56441, 10.46397, 3.46738, 10.34257, 2.63805, 7.314, 7.77388, 10.63487, 0.91068, 7.4692, 1.28529, 5.61462, 5.09104, 7.53322, -0.8311, 8.99993, 0.2289, 7.47304, 5.02046, 8.78201, -1.52272, 5.66475, -4.48778, 7.18819, -0.74922, 7.4213, -4.84686, 8.8633, -0.11011, 4.12681, -5.63172, 6.50378, -2.53957, 5.31914, -5.52174, 7.4511, -1.80722, -2.77812, -3.97244, -0.21393, -4.84276, -1.8273, -1.88374, -0.53178, -2.56993, 1.09182, -7.18884, 1.09182, -7.18884, 1.09182, -7.18884, 1.09182, -7.18884, 4.5315, -1.05032, 2.24302, -4.07511, -0.59444, 6.16499, 4.19326, 4.55817, -2.57645, 6.95242, 3.45642, 6.55953, -1.62081, 8.52674, 5.26651, 6.89895, -3.56748, 7.67445, 3.33239, 7.77936, -3.21631, 5.88012, 2.23084, 6.32, -1.5955, -2.64662, -3.03567, -0.57895, -1.5955, -2.64662, -3.03567, -0.57895, -0.95895, -0.48183, -0.99894, 0.39224, -2.11607, 1.17348, -3.41148, 3.47624, -4.98658, 7.71778, -4.57876, -7.96649, -5.34535, 7.2547, -4.00276, -8.07346, -2.92791, 9.33441, -6.95846, -6.87635, -1.67464, 4.79095, -3.4928, -3.68211, -10.61336, 1.20239, 3.7897, -9.98632, -17.96756, -5.05617, 12.72046, -13.65929, -0.72341, -6.55496, 6.15887, 2.35771, 2.2577, -2.87893, 1.52587, 3.32521, 1.96955, -14.92686, 12.36879, 8.58461, 0.71883, 4.4851, -4.31661, -1.41418, -3.10502, 6.70583, -4.54044, -5.83038, 2.91991, 6.78832, -1.5955, -2.64662, 3.0834, -0.20685, -3.03567, -0.57895, -10.66309, -5.79184, 10.03071, -6.82855, -11.43073, 4.07257, 16.93517, -9.91208, 3.92538, -19.22614, 13.62521, -14.12113, -5.26197, 10.28963, -6.7393, -9.38874, 4.14835, 10.78693, -2.28438, 11.32903, -0.33273, 1.77699, 1.1009, 1.43396, 0.1601, 1.80075, 4.91812, -3.04084, 1.01911, -5.69178, 3.91315, -4.25711, 5.71241, -4.24402, 0.65353, -7.08636, 4.3526, -5.6302, -3.07724, -8.65356, -8.49732, -3.48577, -5.30167, -7.49957, 5.65529, 0.12488, -2.70002, 4.97071, 3.86827, -4.1273, 5.47852, -1.40857, 20.04754, -2.99865, 11.15045, -16.92828, 18.4906, -8.30646, 6.1526, -2.10162, 2.54249, -5.98417, 5.35553, -3.68676, 1.52924, -6.31985, 1.78137, -2.02792, 2.59117, -0.75604, 1.42563, -2.29199, 0, 0, 0, 0, 0, 0, 2.64592, 2.84636, 0.70653, 3.82149, 3.33002, 2.0033, 1.89019, 3.84818, -0.46864, 4.26165, 2.8809, 3.17511, 0.23854, -0.45751, 0.44679, -0.25815, 0.46349, -0.76183, 1.50816, -0.87588, 0.35465, -1.70763, 1.21529, -1.251, 0.40872, -2.04196, 1.00115, 2.09872, 2.23091, 0.65556, 1.53127, 1.74992, 2.48967, -0.14795, 6.76117, -1.74149, 3.21692, -6.1966, 6.0388, -3.50436, 1.37714, -6.8447, 6.01694, -1.33768, 3.02069, -5.37302, 5.43166, -2.91441, 1.41635, -5.99889, -5.8394, -14.42832, 15.50066, 1.41373, -14.64083, -5.28432, -9.31084, -9.98664, 13.1411, -3.70597, -13.65123, 0.26542, -11.66377, -7.09792, 21.4038, -4.59138, 10.86998, -19.00135, 19.36581, -10.20655, 8.97614, -7.90693, 2.92045, 11.60007, 0.1051, -11.96165, 6.50447, -10.03909, -0.21826, -2.94669, -2.33967, -1.80473, -1.00659, -2.77798, -2.60338, -1.39784, 0, 0, 0, 0, 0, 0, 5.86079, -7.42902, 3.92152, 8.6116 ]
						},
						{ "time": 0.9 }
					]
				}
			}
		}
	},
	"die": {
		"slots": {
			"aa1": {
				"attachment": [
					{ "time": 0.2667, "name": "aa1" },
					{ "time": 0.3333, "name": "aa2" },
					{ "time": 0.4, "name": "aa3" },
					{ "time": 0.4667, "name": "aa4" },
					{ "time": 0.5333, "name": "aa5" },
					{ "time": 0.6, "name": null }
				]
			},
			"bd 拷贝": {
				"color": [
					{ "color": "ffffffff" },
					{ "time": 0.2667, "color": "5bff2fff" },
					{ "time": 0.6667, "color": "ffffff00" }
				]
			},
			"dd11": {
				"color": [
					{ "color": "ffffffff" },
					{ "time": 0.2333, "color": "5bff2fff" },
					{ "time": 0.6667, "color": "ffffff00" }
				]
			},
			"sd": {
				"color": [
					{ "color": "ffffffff" },
					{ "time": 0.2333, "color": "5bff2fff" },
					{ "time": 0.6667, "color": "ffffff00" }
				]
			},
			"sf": {
				"color": [
					{ "color": "ffffff00" }
				]
			},
			"sx": {
				"color": [
					{ "color": "ffffffff" },
					{ "time": 0.2333, "color": "5bff2fff" },
					{ "time": 0.2667, "color": "ffffffff" },
					{ "time": 0.6667, "color": "ffffff00" }
				]
			},
			"tt": {
				"color": [
					{ "color": "ffffffff" },
					{ "time": 0.2333, "color": "5bff2fff" },
					{ "time": 0.2667, "color": "ffffffff" },
					{ "time": 0.6667, "color": "ffffff00" }
				]
			},
			"yg": {
				"color": [
					{ "color": "ffffffff" },
					{ "time": 0.2667, "color": "5bff2fff" },
					{ "time": 0.6667, "color": "ffffff00" }
				]
			},
			"yj11": {
				"color": [
					{ "color": "ffffffff" },
					{ "time": 0.2333, "color": "5bff2fff" },
					{ "time": 0.2667, "color": "ffffffff" },
					{ "time": 0.6667, "color": "ffffff00" }
				]
			},
			"zz": {
				"color": [
					{ "color": "ffffffff" },
					{ "time": 0.2333, "color": "5bff2fff" },
					{ "time": 0.2667, "color": "ffffffff" },
					{ "time": 0.6667, "color": "ffffff00" }
				]
			}
		},
		"bones": {
			"bone3": {
				"scale": [
					{},
					{ "time": 0.2667, "x": 1.2 },
					{ "time": 0.6667 }
				]
			},
			"bone4": {
				"scale": [
					{},
					{ "time": 0.2667, "x": 1.2, "y": 1.2 }
				]
			},
			"bone11": {
				"rotate": [
					{},
					{ "time": 0.2333, "angle": -20.53 },
					{ "time": 0.6667 }
				]
			},
			"bone21": {
				"rotate": [
					{},
					{ "time": 0.2333, "angle": 6.39 },
					{ "time": 0.6667 }
				]
			},
			"bone27": {
				"translate": [
					{ "time": 0.4667, "x": 15.93, "y": -193.2 }
				],
				"scale": [
					{},
					{ "time": 0.4667, "x": 1.75, "y": 1.75 }
				]
			}
		},
		"deform": {
			"default": {
				"bd 拷贝": {
					"bd 拷贝": [
						{},
						{
							"time": 0.2333,
							"offset": 6,
							"vertices": [ 2.76386, 4.73498, -5.03929, 2.15974, 8.35478, 5.95774, -6.94122, 7.55753, 8.50491, 16.7668, -17.68651, 6.37545, 7.67906, 20.96216, -21.74823, 5.03924, 3.86726, 25.31915, -25.60267, 0.71992, 7.08144, 25.33525, -26.01445, 3.90765, 4.73999, 26.5064, -26.88834, 1.43979, 3.65854, 23.63732, -23.90793, 0.71989, 2.23492, 18.01061, -18.14874, 0, 1.70302, 13.72409, -13.82935, 1.0E-5, 0, 0, 0, 0, 0, 0, 0, 0, 0, 0, 0, 0, 0, 0, 0, 0, 0, 0, 0, 0, 0, 0, 0, 0, 0, 0, 0, 0, 0, 0, 0, 0, 0, 0, 0, 0, 0, 0, 0, 0, 0, 0, 0, 0, 0, 0, 3.9187, -18.09961, 17.47929, 6.11771, 2.8425, -26.77275, 26.21894, 6.11774, 4.26062, -36.63602, 35.83251, 8.73966, 4.69111, -33.16684, 32.33673, 8.73966, 5.22282, -21.7841, 20.97515, 7.86562 ]
						},
						{
							"time": 0.2667,
							"vertices": [ 10.72521, -1.29004, 11.82608, -0.90039, 12.66594, 1.62678, 14.75025, 7.60253, -9.36106, 13.70177, 20.21561, 11.47225, -13.87434, 18.64898, 12.6117, 26.90752, -28.25576, 9.20221, 12.61753, 31.81539, -33.12699, 8.60361, 9.53974, 42.08735, -42.94176, 4.28432, 8.68934, 49.4207, -50.11458, 2.53731, 6.28357, 50.07358, -50.46624, 0.06945, 4.09209, 45.8445, -45.99947, -1.58455, -1.64628, 38.04944, -37.55711, -6.31932, -7.2742, 27.04737, -25.94573, -10.54958, -6.24389, 15.47071, -14.58406, -8.1015, 0, 0, 0, 0, 0, 0, 0, 0, 0, 0, 0, 0, 0, 0, 0, 0, 0, 0, 0, 0, 0, 0, 0, 0, 0, 0, 0, 0, 0, 0, 0, 0, 0, 0, -2.28238, -7.29269, 7.51825, -1.36697, -6.29006, -20.29332, 20.91345, -3.74321, 1.10643, -41.48924, 41.03722, 6.2071, -0.3068, -54.48447, 54.10755, 6.4049, 4.7205, -61.87477, 60.82253, 12.30401, 9.95506, -56.53491, 54.87872, 16.84115, 12.49566, -45.92778, 44.03947, 18.05621, 9.23628, -22.2098, 6.27876, -9.94284, 3.69616, -4.1426, 8.57459, -4.74789 ]
						}
					]
				}
			},
			"skin1": {
				"dd11": {
					"dd1": [
						{},
						{
							"time": 0.2333,
							"vertices": [ -1.74566, 4.16714, -1.36989, -4.30531, -1.74566, 4.16714, -1.36989, -4.30531, -5.0931, -2.1336, 5.26202, -1.67431, -5.0931, -2.1336, 5.26202, -1.67431, -5.0931, -2.1336, 5.26202, -1.67431, -5.0931, -2.1336, 5.26202, -1.67431, -5.0931, -2.1336, 5.26202, -1.67431, -5.0931, -2.1336, 5.26202, -1.67431, -5.0931, -2.1336, 5.26202, -1.67431, -5.55616, -2.32759, 5.74044, -1.82652, -5.55616, -2.32759, 5.74044, -1.82652, 5.74044, -1.82652, 5.74044, -1.82652, 5.74044, -1.82652, 5.74044, -1.82652, 1.82646, 5.74047, 2.32763, -5.55618, 1.82646, 5.74047, 1.64502, -12.538, 6.86964, 10.61678, 4.76223, -14.23833, 5.59661, 13.93152, 3.42828, -8.18356, 2.69019, 8.45499, 0.78135, -1.86513, 0.61313, 1.92699, 0.78135, -1.86513, 0.61312, 1.92699, -0.17948, -2.01417, 2.14869, -5.12908, 1.68609, 5.2992, -0.49358, -5.53896, 5.27405, -12.58955, -1.21151, -13.59563, 1.73313, -13.53911, 5.27405, -12.58955, -1.21151, -13.59563, 1.73313, -13.53911, 5.27405, -12.58955, -1.21151, -13.59563, 1.73313, -13.53911, 5.27405, -12.58955, -1.21151, -13.59563, 1.73313, -13.53911, -0.85254, -9.56728, 1.21962, -9.5275, -0.49358, -5.53896, 0.7061, -5.51593, -0.49358, -5.53896, 0.7061, -5.51593, 5.21911, -4.93825, 3.48167, -6.28523, 5.21911, -4.93825, 3.48167, -6.28523, 5.21911, -4.93825, 3.48167, -6.28523, 5.21911, -4.93825, 3.48167, -6.28523, 5.21911, -4.93825, 3.48167, -6.28523, 5.21911, -4.93825, 3.48167, -6.28523, 5.21911, -4.93825, 3.48167, -6.28523, 3.48167, -6.28523, 3.48167, -6.28523, 5.74258, 6.14955, 3.61447, 7.59804, 5.74258, 6.14955, 3.61447, 7.59804, 5.74258, 6.14955, 3.61447, 7.59804, 5.74258, 6.14955, 3.61447, 7.59804, 5.74258, 6.14955, 3.61447, 7.59804, 5.74258, 6.14955, 5.1601, 6.64592, 3.61447, 7.59804, 5.74258, 6.14955, 8.16024, 6.37863, 6.60215, 7.98046, 8.70602, 5.61075, 8.16024, 6.37863, 6.60215, 7.98046, 8.70602, 5.61075, 6.50027, -0.57912, 6.47326, 0.82858, 6.42073, -1.16742, 6.6785, 1.42099, 6.21833, 2.82035, 3.67836, 1.68828, 3.23065, 2.43793, 3.67836, 1.68828, 3.23065, 2.43793, 3.67836, 1.68828, 3.23065, 2.43793, 3.67836, 1.68828, 3.23065, 2.43793, 0.17823, 2.00011, -0.25493, 1.99177, 0.17823, 2.00011, 0, 0, 0, 0, 0, 0, 0, 0, 0, 0, 0.96985, -2.31505, -0.22278, -2.50004, 0.96985, -2.31505, -0.22278, -2.50004, 0.96985, -2.31505, -0.22278, -2.50004, 0.96985, -2.31505, -0.22278, -2.50004, 0.96985, -2.31505, -0.22278, -2.50004, 2.32763, -5.5562, -0.53468, -6.00023, 2.32763, -5.5562, -0.53468, -6.00023, 2.32763, -5.5562, -0.53468, -6.00023, 2.32763, -5.5562, 2.32763, -5.5562, 2.32763, -5.5562, 1.82647, 5.74049, 2.32763, -5.5562, 1.82647, 5.74049, 0, 0, 0, 0, -1.74566, 4.16714, -1.36989, -4.30531, -5.55616, -2.32759, 5.74044, -1.82652, -5.0931, -2.1336, 5.26202, -1.67431, -5.0931, -2.1336, 5.26202, -1.67431, 1.59449, -6.42295, 2.94649, 5.92577, 1.56935, -12.35721, 6.81013, 10.43002, 0, 0, 0, 0, 0, 0, 0, 0, 0, 0, 2.32763, -5.5562, 1.82647, 5.74049, -0.53468, -6.00023, 0.78135, -1.86513, 0.61312, 1.92699, -0.17948, -2.01417, 5.27405, -12.58955, -1.21151, -13.59563, 1.73313, -13.53911, 0, 0, 0, 0, 0, 0, 0, 0, 0, 0, 0, 0, 0, 0, 0, 0, 0, 0, 0, 0, -0.77585, 1.85207, 0.17823, 2.00011, -0.25493, 1.99177, -0.77585, 1.85207, 0.17823, 2.00011, -0.25493, 1.99177, 5.38117, -7.61175, 0.83208, 9.28458, 1.20649, -9.24323, 3.16125, -8.76935, 3.71137, -8.85931, -0.85254, -9.56728, 1.21962, -9.5275, 2.14869, -5.12908, -0.49358, -5.53896, 0.7061, -5.51593, -0.9948, -5.47131, 4.03833, -5.94273, 5.21911, -4.93825, 3.48167, -6.28523, 4.03833, -5.94273, 5.21911, -4.93825, 3.48167, -6.28523, 5.1601, 6.64592, 3.61447, 7.59804, 5.74258, 6.14955, 5.1601, 6.64592, 3.61447, 7.59804, 5.74258, 6.14955, 5.1601, 6.64592, 3.61447, 7.59804, 5.74258, 6.14955, 1.46187, 8.28596, 5.1601, 6.64592, 3.61447, 7.59804, 5.74258, 6.14955, 2.00227, 3.01585, 3.17837, 1.73282, 2.73275, 2.37419, 3.32263, 1.43681, 5.24338, 4.3736, 6.6785, 1.42099, 6.21833, 2.82035, 6.77992, 0.8082, -0.77585, 1.85207, 0.17823, 2.00011, -0.25493, 1.99177, 0.35919, 1.97562, 0.788, -10.49208, 6.197, 8.50304, -4.20006, -9.64679, 2.14869, -5.12908, 1.68609, 5.2992, -0.49358, -5.53896, 0.7061, -5.51593, 5.27405, -12.58955, -1.21151, -13.59563, 1.73313, -13.53911, 5.27405, -12.58955, 4.13859, 13.00711, -1.21151, -13.59563, 1.73313, -13.53911, 6.3452, -3.37107, 4.03833, -5.94273, 5.21911, -4.93825, 3.48167, -6.28523, 4.03833, -5.94273, 5.21911, -4.93825, 3.48167, -6.28523, 2.53372, -14.65923, 7.56685, 12.8084 ]
						}
					]
				}
			}
		}
	},
	"walk": {
		"bones": {
			"bone6": {
				"rotate": [
					{},
					{ "time": 0.3333, "angle": 10.15 },
					{ "time": 0.6667 }
				]
			},
			"bone7": {
				"rotate": [
					{},
					{ "time": 0.3333, "angle": -12.23 },
					{ "time": 0.6667 }
				]
			},
			"bone8": {
				"rotate": [
					{},
					{ "time": 0.3333, "angle": 8.07 },
					{ "time": 0.6667 }
				]
			},
			"bone9": {
				"rotate": [
					{},
					{ "time": 0.3333, "angle": -11.98 },
					{ "time": 0.6667 }
				],
				"translate": [
					{},
					{ "time": 0.3333, "x": 5, "y": 5.55 },
					{ "time": 0.6667 }
				]
			},
			"bone10": {
				"rotate": [
					{},
					{ "time": 0.3333, "angle": 18.92 },
					{ "time": 0.6667 }
				],
				"translate": [
					{},
					{ "time": 0.3333, "y": 5.55 },
					{ "time": 0.6667 }
				]
			},
			"bone2": {
				"rotate": [
					{},
					{ "time": 0.3333, "angle": -5.92 },
					{ "time": 0.6667 }
				]
			},
			"bone4": {
				"scale": [
					{},
					{ "time": 0.3333, "x": 0.8 },
					{ "time": 0.6667 }
				]
			},
			"bone11": {
				"rotate": [
					{},
					{ "time": 0.3333, "angle": -12.22 },
					{ "time": 0.6667 }
				]
			},
			"bone21": {
				"rotate": [
					{},
					{ "time": 0.3333, "angle": -10.26 },
					{ "time": 0.6667 }
				]
			},
			"bone33": {
				"rotate": [
					{},
					{ "time": 0.5, "angle": 10.73 },
					{ "time": 0.6667 }
				]
			},
			"bone35": {
				"rotate": [
					{},
					{ "time": 0.2, "angle": -9.51 },
					{ "time": 0.5, "angle": 5.03 },
					{ "time": 0.6667 }
				]
			},
			"bone34": {
				"rotate": [
					{},
					{ "time": 0.2, "angle": -9.51 },
					{ "time": 0.5, "angle": 5.03 },
					{ "time": 0.6667 }
				]
			},
			"bone36": {
				"rotate": [
					{},
					{ "time": 0.2, "angle": -9.51 },
					{ "time": 0.5, "angle": 5.03 },
					{ "time": 0.6667 }
				]
			},
			"bone37": {
				"rotate": [
					{},
					{ "time": 0.2, "angle": -9.51 },
					{ "time": 0.5, "angle": 5.03 },
					{ "time": 0.6667 }
				]
			}
		},
		"deform": {
			"skin1": {
				"dd11": {
					"dd1": [
						{},
						{
							"time": 0.3333,
							"vertices": [ 0.06652, 7.38306, -6.59448, -3.32076, -2.51952, 5.28407, -3.54443, -4.65903, 0.43053, 0.95634, -1.04735, -0.05504, -0.71345, 0.06158, 0.27187, -0.66249, 0.31475, 2.32401, -2.2103, -0.78408, -3.93941, 1.02781, 0.88966, -3.97286, -8.99525, -0.63911, 4.68601, -7.70464, -15.30509, -0.05273, 7.05325, -13.58291, -10.30351, -3.79462, 8.09035, -7.42319, -1.11826, -1.70605, 2.0287, -0.21317, -0.03316, -3.25835, 2.91202, 1.46218, 0, 0, 0, 0, -2.3321, -0.87503, -1.15768, -2.19576, 0, 0, 2.86829, -0.7814, -0.61839, 2.9078, -3.05025, -13.84394, 13.70419, 3.62587, 1.14682, -14.89105, 12.71364, 7.83673, 1.12934, -5.28751, 4.18372, 3.4247, 1.46939, -2.12581, 1.21719, 2.2796, 8.76537, 4.73409, -8.22166, 5.62569, 9.37623, -3.36595, 9.95265, 8.35052, -11.9804, 5.02565, 12.8614, -1.83573, 7.70503, -1.76894, 3.82657, -6.91772, 6.94002, -3.78602, 14.61378, -8.77437, 3.22273, -16.73814, 11.69769, -12.3983, 13.81939, -11.04616, 1.00101, -17.66327, 10.31885, -14.3707, 8.59815, -11.64485, -2.9303, -14.17546, 5.13014, -13.53568, 1.16609, -10.05078, 6.37509, -7.85733, 4.68187, -6.72311, 7.55748, -3.16304, 0, 0, 0, 0, 0, 0, 0, 0, 0, 0, 0, 0, 6.15128, 5.36093, 8.15886, -0.11092, 0, 0, 0, 0, 3.12811, -0.91276, 1.72107, -2.76694, 0.74649, 1.11265, 1.29839, 0.33067, -2.64105, -0.9234, -2.44171, 1.36603, 2.19887, 2.72879, 1.33986, -0.05878, 1.17828, -1.76804, 0, 0, 0, 0, 6.84631, -1.2179, 4.28711, -5.47504, 2.80653, 2.68336, 3.86935, -0.32365, 6.25198, 4.97008, 8.30495, -0.38206, 4.58472, 10.52166, 10.97079, 4.05009, 9.75572, 5.1325, 5.48082, 9.56441, 10.46397, 3.46738, 10.34257, 2.63805, 7.314, 7.77388, 10.63487, 0.91068, 7.4692, 1.28529, 5.61462, 5.09104, 7.53322, -0.8311, 8.99993, 0.2289, 7.47304, 5.02046, 8.78201, -1.52272, 6.91313, -2.79229, 7.33241, 1.35135, 7.4213, -4.84686, 8.8633, -0.11011, 4.12681, -5.63172, 6.50378, -2.53957, 5.31914, -5.52174, 7.4511, -1.80722, -2.77812, -3.97244, -0.21393, -4.84276, -1.8273, -1.88374, -0.53178, -2.56993, 1.09182, -7.18884, 1.09182, -7.18884, 1.09182, -7.18884, 1.09182, -7.18884, 4.5315, -1.05032, 2.24302, -4.07511, -0.59444, 6.16499, 4.19326, 4.55817, -2.57645, 6.95242, 3.45642, 6.55953, -1.62081, 8.52674, 5.26651, 6.89895, -3.56748, 7.67445, 3.33239, 7.77936, -3.21631, 5.88012, 2.23084, 6.32, -1.5955, -2.64662, -3.03567, -0.57895, -1.5955, -2.64662, -3.03567, -0.57895, -0.95895, -0.48183, -0.99894, 0.39224, -2.11607, 1.17348, -3.41148, 3.47624, -4.98658, 7.71778, -4.57876, -7.96649, -5.34535, 7.2547, -4.00276, -8.07346, -2.92791, 9.33441, -6.95846, -6.87635, -1.67464, 4.79095, -3.4928, -3.68211, -10.61336, 1.20239, 3.7897, -9.98632, -17.28101, -3.62054, 11.12978, -13.70615, -4.17013, -1.80589, 3.51456, -2.88074, 2.2577, -2.87893, 1.52587, 3.32521, 1.96955, -14.92686, 12.36879, 8.58461, 0.71883, 4.4851, -4.31661, -1.41418, -3.10502, 6.70583, -4.54044, -5.83038, 2.91991, 6.78832, -1.5955, -2.64662, 3.0834, -0.20685, -3.03567, -0.57895, -10.66309, -5.79184, 10.03071, -6.82855, -11.43073, 4.07257, 16.93517, -9.91208, 3.92538, -19.22614, 13.62521, -14.12113, -5.26197, 10.28963, -6.7393, -9.38874, 4.14835, 10.78693, -2.28438, 11.32903, -0.33273, 1.77699, 1.1009, 1.43396, 0.1601, 1.80075, 4.91812, -3.04084, 1.01911, -5.69178, 3.91315, -4.25711, 5.2152, -2.56769, 1.56972, -5.59711, 4.3271, -3.88186, -3.34784, -6.81883, -7.31192, -2.05949, -5.06615, -5.65997, 5.65529, 0.12488, -2.70002, 4.97071, 3.86827, -4.1273, 5.47852, -1.40857, 20.04754, -2.99865, 11.15045, -16.92828, 18.4906, -8.30646, 10.37427, -0.08865, 6.85949, -7.78364, 9.96434, -2.88994, 5.18, -9.24329, 6.5362, -1.95564, 6.56549, 1.85533, 6.01489, -3.53789, 0, 0, 0, 0, 0, 0, 2.64592, 2.84636, 0.70653, 3.82149, 3.33002, 2.0033, 1.89019, 3.84818, -0.46864, 4.26165, 2.8809, 3.17511, 0.23854, -0.45751, 0.44679, -0.25815, 0.46349, -0.76183, 1.50816, -0.87588, 0.35465, -1.70763, 1.21529, -1.251, 0.40872, -2.04196, 0.82076, 3.32189, 3.02119, 1.60641, 1.68828, 2.97632, 3.51215, 0.54718, 6.42236, -0.29175, 4.07014, -4.97655, 6.10455, -2.01701, 2.53458, -5.90828, 2.48384, -1.10888, 0.83243, -2.58976, 2.09206, -1.73903, 0.08341, -2.71886, -5.8394, -14.42832, 15.50066, 1.41373, -14.64083, -5.28432, -9.31084, -9.98664, 13.1411, -3.70597, -13.65123, 0.26542, -11.66377, -7.09792, 21.4038, -4.59138, 10.86998, -19.00135, 19.36581, -10.20655, 8.97614, -7.90693, 2.92045, 11.60007, 0.1051, -11.96165, 6.50447, -10.03909, 2.52276, -1.49967, 0.56751, -2.87959, 2.02362, -2.1258, -0.10697, -3.23497, 0, 0, 0, 0, 0, 0, 5.86079, -7.42902, 3.92152, 8.6116, -11.98439, 0.75632, 4.81344, -11.00102, -8.19185, -1.15556, 4.77735, -6.75397 ]
						},
						{ "time": 0.6667 }
					]
				}
			}
		}
	}
}
}