{"skeleton":{"hash":"+sOtZLz+Jr0","spine":"3.8-from-4.0-from-4.1.17","images":"","audio":"E:/游戏项目/蛋壳特工队/道具动效/如来神掌"},"bones":[{"name":"root"},{"name":"bone","parent":"root"},{"name":"bone3","parent":"root"},{"name":"bone2","parent":"root"},{"name":"bone10","parent":"root","rotation":60.3,"x":-52.26,"y":32.55,"color":"ff0000ff"},{"name":"bone4","parent":"bone10","x":9.19,"y":-73.59,"scaleX":-2,"scaleY":2},{"name":"bone5","parent":"bone10","rotation":54.17,"x":7.77,"y":-72.95,"scaleX":-1},{"name":"bone6","parent":"bone10","rotation":54.17,"x":9.19,"y":-73.59},{"name":"bone11","parent":"bone10","x":5.28,"y":-59.37,"scaleX":2,"scaleY":2,"color":"ff0000ff"}],"slots":[{"name":"图层 7","bone":"bone2"},{"name":"lie","bone":"bone5"},{"name":"b0","bone":"bone11","blend":"additive"},{"name":"2","bone":"bone"},{"name":"ba0","bone":"bone3"},{"name":"cz03","bone":"bone4","blend":"additive"},{"name":"lieg","bone":"bone6"}],"skins":[{"name":"default","attachments":{"b0":{"b0":{"x":0.5,"width":149,"height":148},"b1":{"x":0.25,"y":-0.43,"rotation":-60.3,"width":149,"height":148},"b2":{"x":0.25,"y":-0.43,"rotation":-60.3,"width":149,"height":148},"b3":{"x":0.25,"y":-0.43,"rotation":-60.3,"width":149,"height":148},"b4":{"x":0.25,"y":-0.43,"rotation":-60.3,"width":149,"height":148},"b5":{"x":0.25,"y":-0.43,"rotation":-60.3,"width":149,"height":148},"b6":{"x":0.25,"y":-0.43,"rotation":-60.3,"width":149,"height":148},"b7":{"x":0.25,"y":-0.43,"rotation":-60.3,"width":149,"height":148},"b8":{"x":0.25,"y":-0.43,"rotation":-60.3,"width":149,"height":148},"b9":{"x":0.25,"y":-0.43,"rotation":-60.3,"width":149,"height":148},"b10":{"x":0.25,"y":-0.43,"rotation":-60.3,"width":149,"height":148}},"cz03":{"cz03":{"width":140,"height":171},"cz04":{"width":140,"height":171},"cz05":{"width":140,"height":171},"cz07":{"width":140,"height":171},"cz09":{"width":140,"height":171},"cz12":{"width":140,"height":171},"cz14":{"width":140,"height":171},"cz15":{"width":140,"height":171},"cz17":{"width":140,"height":171},"cz19":{"width":140,"height":171},"cz21":{"width":140,"height":171},"cz23":{"width":140,"height":171}},"lie":{"lie":{"x":0.71,"y":0.92,"width":214,"height":144}},"lieg":{"lieg":{"scaleX":-1,"width":172,"height":153}}}}],"animations":{"2":{"slots":{"b0":{"attachment":[{"time":0.2,"name":"b0"},{"time":0.2667,"name":"b1"},{"time":0.3333,"name":"b2"},{"time":0.4,"name":"b3"},{"time":0.4667,"name":"b4"},{"time":0.5333,"name":"b5"},{"time":0.6,"name":"b6"},{"time":0.6667,"name":"b7"},{"time":0.7333,"name":"b8"},{"time":0.8,"name":"b9"},{"time":0.8667,"name":"b10"},{"time":0.9333,"name":null}]},"cz03":{"attachment":[{"time":0.0333,"name":"cz03"},{"time":0.1,"name":"cz04"},{"time":0.1667,"name":"cz05"},{"time":0.2333,"name":"cz07"},{"time":0.3,"name":"cz09"},{"time":0.3667,"name":"cz12"},{"time":0.4333,"name":"cz14"},{"time":0.5,"name":"cz15"},{"time":0.5667,"name":"cz17"},{"time":0.6333,"name":"cz19"},{"time":0.7,"name":"cz21"},{"time":0.7667,"name":"cz23"},{"time":0.8333,"name":null}]},"lie":{"color":[{"color":"ffffffff"},{"time":1,"color":"ffffffd2"},{"time":1.1667,"color":"ffffff00"}],"attachment":[{"time":0.2,"name":"lie"}]},"lieg":{"color":[{"time":0.5667,"color":"ffffffff"},{"time":0.9,"color":"ffffff00"}],"attachment":[{"time":0.2,"name":"lieg"}]}},"bones":{"bone10":{"translate":[{},{"time":0.2667,"x":-1.22,"y":-1.22}]}}}}}