{"skeleton":{"hash":"i+ZEpD/U7F0","spine":"3.8-from-4.0-from-4.1.17","x":-175,"y":-76,"width":350,"height":180.97,"images":"","audio":""},"bones":[{"name":"root"},{"name":"bone2","parent":"root"},{"name":"bone","parent":"bone2","x":-93.68,"y":68.63,"scaleX":1.5,"scaleY":1.5}],"slots":[{"name":"yidongyindao","bone":"bone2","attachment":"yidongyindao"},{"name":"GuideBattle_Hand","bone":"bone","attachment":"GuideBattle_Hand"},{"name":"bone","bone":"bone2","attachment":"bone"}],"path":[{"name":"ss","bones":["bone"],"target":"bone"}],"skins":[{"name":"default","attachments":{"bone":{"bone":{"type":"path","lengths":[124.2,257.93,362.85,466.81,620.31,724.32,850.97,955.24,976.43],"vertexCount":27,"vertices":[-119.77,68.64,-94.55,70.07,-62.48,71.89,-8.94,15.18,3.35,-2.03,15.64,-19.23,60.96,-82.53,110.27,-71.26,153.02,-61.48,171.54,-25.05,171.71,4.53,171.85,28.67,145.38,68.86,102.89,72.12,55.66,75.74,21.59,25.97,-14.26,-18.41,-40.84,-51.31,-68.53,-71.3,-99.47,-72.89,-119.99,-73.95,-180.85,-51.61,-169.92,14.36,-161.01,68.18,-99.06,72.3,-92.4,71.89,-85.73,71.48]}},"GuideBattle_Hand":{"GuideBattle_Hand":{"x":13.99,"y":-33.4,"rotation":17.78,"width":77,"height":90}},"yidongyindao":{"yidongyindao":{"width":350,"height":152}}}}],"animations":{"animation":{"path":{"ss":{"position":[{},{"time":1,"position":1}],"mix":[{"rotateMix":0}]}}}}}