{"skeleton":{"hash":"JPgNRWSYvJ0","spine":"3.8-from-4.0-from-4.1.17","x":-504,"y":-1162,"width":1008,"height":2324,"images":"","audio":""},"bones":[{"name":"root"},{"name":"bone","parent":"root"},{"name":"bone2","parent":"root","x":421.87,"y":-14.13},{"name":"bone3","parent":"root","x":5.84,"y":89.47},{"name":"bone4","parent":"bone","scaleX":7,"scaleY":7},{"name":"bone5","parent":"root"}],"slots":[{"name":"图层 8","bone":"bone"},{"name":"图层 8 拷贝","bone":"bone4","attachment":"图层 8 拷贝"},{"name":"zhadan","bone":"bone2","attachment":"zhadan"},{"name":"bone","bone":"bone","attachment":"bone"},{"name":"penshe_00000","bone":"bone5"}],"path":[{"name":"bone1","bones":["bone2"],"target":"bone"}],"skins":[{"name":"default","attachments":{"bone":{"bone":{"type":"path","lengths":[319.04,732.53,1276.13],"vertexCount":9,"vertices":[461.89,43.97,455.61,173.8,451.26,263.65,374.02,341.49,215.88,326.09,49.82,309.91,-4.37,98.12,0.22,11.57,7.1,-118.24]}},"penshe_00000":{"penshe_00000":{"width":300,"height":300},"penshe_00001":{"width":300,"height":300},"penshe_00002":{"width":300,"height":300},"penshe_00003":{"width":300,"height":300},"penshe_00004":{"width":300,"height":300},"penshe_00005":{"width":300,"height":300},"penshe_00007":{"width":300,"height":300},"penshe_00009":{"width":300,"height":300},"penshe_00012":{"width":300,"height":300},"penshe_00017":{"width":300,"height":300},"penshe_00020":{"width":300,"height":300}},"zhadan":{"zhadan":{"x":0.5,"width":79,"height":80}},"图层 8 拷贝":{"图层 8 拷贝":{"width":144,"height":332}}}}],"animations":{"1":{"slots":{"penshe_00000":{"color":[{"time":0.6,"color":"ffffffc5"}],"attachment":[{"time":0.6,"name":"penshe_00000"},{"time":0.6667,"name":"penshe_00001"},{"time":0.7333,"name":"penshe_00002"},{"time":0.8,"name":"penshe_00003"},{"time":0.8667,"name":"penshe_00004"},{"time":0.9333,"name":"penshe_00005"},{"time":1,"name":"penshe_00007"},{"time":1.0667,"name":"penshe_00009"},{"time":1.1333,"name":"penshe_00012"},{"time":1.2,"name":"penshe_00017"},{"time":1.2667,"name":"penshe_00020"},{"time":1.3333,"name":null}]},"zhadan":{"color":[{"time":0.6333,"color":"ffffff00"}]},"图层 8 拷贝":{"color":[{"color":"ffffff00","curve":"stepped"},{"time":0.5,"color":"ffffff00"},{"time":0.6667,"color":"ffffffda"},{"time":1.4333,"color":"ffffff00"}]}},"bones":{"bone2":{"scale":[{"x":0.1,"y":0.1},{"time":0.6333,"x":3,"y":3}]},"bone3":{"translate":[{"y":-73.89}],"scale":[{"x":4,"y":4}]},"bone5":{"scale":[{"time":0.6,"x":3,"y":3}]}},"path":{"bone1":{"position":[{},{"time":0.6667,"position":1}],"mix":[{},{"time":0.6667,"rotateMix":0}]}}}}}