{"skeleton":{"hash":"svZvO/4v3j8","spine":"3.8-from-4.0-from-4.1.17","images":"","audio":""},"bones":[{"name":"root"},{"name":"bone2","parent":"root","scaleX":0.5,"scaleY":0.5},{"name":"bone","parent":"bone2"},{"name":"bone3","parent":"bone2","y":-19.8},{"name":"bone4","parent":"bone2"},{"name":"bone5","parent":"bone2"},{"name":"bone6","parent":"root","y":-205.68},{"name":"bone7","parent":"bone2","y":-81.83},{"name":"bone8","parent":"bone2","y":2499.02}],"slots":[{"name":"图层 1","bone":"bone6"},{"name":"Trail_026","bone":"bone7"},{"name":"Trail_027","bone":"bone8"},{"name":"Trail_025","bone":"bone3","blend":"additive"},{"name":"Glow_024","bone":"bone","color":"ffffff51"},{"name":"Glow_023","bone":"bone4","blend":"additive"},{"name":"Lucky_Coin","bone":"bone2"},{"name":"Glow_022","bone":"bone5","blend":"additive"}],"skins":[{"name":"default","attachments":{"Glow_022":{"Glow_022":{"width":192,"height":192}},"Glow_023":{"Glow_023":{"width":192,"height":192}},"Glow_024":{"Glow_024":{"width":192,"height":192}},"Trail_025":{"Trail_025":{"x":4.07,"y":12.33,"width":48,"height":24}},"Trail_026":{"Trail_025":{"path":"Traild","x":4.07,"y":12.33,"width":48,"height":195}},"Trail_027":{"Trail_025":{"path":"fff","x":4.07,"y":12.33,"width":48,"height":228}}}}],"animations":{"1":{"slots":{"Glow_022":{"color":[{"time":0.4667,"color":"ffffffff"},{"time":0.5667,"color":"ffffff00"}],"attachment":[{"time":0.2667,"name":"Glow_022"}]},"Glow_023":{"color":[{"color":"ffffffff"},{"time":0.6333,"color":"ffffffce"},{"time":0.7333,"color":"ffffff00"}],"attachment":[{"name":"Glow_023"}]},"Glow_024":{"attachment":[{"name":"Glow_024"}]},"Trail_025":{"color":[{"color":"ffffff54"}],"attachment":[{"name":"Trail_025"}]},"Trail_026":{"color":[{"color":"ffffff54"}]},"Trail_027":{"color":[{"color":"ffffff54"}]}},"bones":{"bone2":{"translate":[{},{"time":0.2333,"y":140.51},{"time":0.4333}],"scale":[{"x":0,"y":0},{"time":0.4333}]},"bone":{"translate":[{},{"time":0.1667,"y":-55.81},{"time":0.3,"y":-59.2}],"scale":[{},{"time":0.3,"x":1.3,"y":2.3}]},"bone3":{"scale":[{"y":1.2},{"time":0.1333},{"time":0.3,"x":2,"y":150}]},"bone4":{"scale":[{},{"time":0.6333,"x":1.5,"y":1.5},{"time":0.7333}]},"bone5":{"scale":[{"time":0.2667,"x":0,"y":0},{"time":0.5667,"x":3,"y":5}]},"bone7":{"scale":[{"y":1.2}]},"bone8":{"scale":[{"y":1.2}]}}},"2":{"slots":{"Glow_024":{"attachment":[{"name":"Glow_024"}]},"Trail_025":{"color":[{"color":"ffffff54"}],"attachment":[{"name":"Trail_025"}]},"Trail_026":{"color":[{"color":"5affa900"},{"time":0.1667,"color":"31ff933b"},{"time":1.1667,"color":"efff412b"},{"time":1.3333,"color":"ffffff00"}],"attachment":[{"name":"Trail_025"}]},"Trail_027":{"color":[{"color":"ffffff4c"}],"attachment":[{"name":"Trail_025"}]}},"bones":{"bone3":{"scale":[{"x":2,"y":150}]},"bone":{"translate":[{"y":-59.2}],"scale":[{"x":1.3,"y":2.3}]},"bone7":{"translate":[{"y":346.58},{"time":1.3333,"y":2887.72}],"scale":[{"x":2,"y":5},{"time":0.7667,"x":2,"y":16}]},"bone8":{"translate":[{"y":498.51}],"scale":[{"x":2,"y":5}]}}}}}