{"skeleton":{"hash":"nxgurkBOzy8","spine":"3.8-from-4.0-from-4.1.17","x":-360.55,"y":-830,"width":720.62,"height":1659.96,"images":"./images/","audio":"E:/游戏项目/蛋壳特工队/spine/危机"},"bones":[{"name":"root"},{"name":"bone","parent":"root","y":180.63},{"name":"bone2","parent":"root","y":180.63},{"name":"bone6","parent":"root","y":180.63,"color":"0cff36ff"},{"name":"bone3","parent":"bone6","y":56.64},{"name":"bone4","parent":"bone6","y":-58.62},{"name":"bone5","parent":"root","x":-252.44,"y":180.63},{"name":"bone7","parent":"bone6","x":-721.79,"y":56.64},{"name":"bone8","parent":"bone6","x":718.84,"y":-58.62},{"name":"bone9","parent":"root","x":-261.48,"scaleY":2},{"name":"bone10","parent":"root","x":259.84,"scaleX":-1,"scaleY":2}],"slots":[{"name":"root","bone":"root","attachment":"root"},{"name":"bg","bone":"root"},{"name":"图层 752","bone":"bone9","attachment":"lll1"},{"name":"图层 753","bone":"bone10","attachment":"lll1"},{"name":"xx2","bone":"bone3","attachment":"xx2"},{"name":"xx3","bone":"bone7","attachment":"xx2"},{"name":"xx1","bone":"bone4","attachment":"xx1"},{"name":"xx4","bone":"bone8","attachment":"xx1"},{"name":"组 48","bone":"bone6","attachment":"组 48"},{"name":"sd","bone":"bone5","attachment":"sd"},{"name":"前方高能","bone":"bone2"},{"name":"gt1","bone":"bone","attachment":"2"}],"skins":[{"name":"default","attachments":{"gt1":{"1":{"width":319,"height":91},"2":{"x":0.5,"y":0.5,"width":322,"height":91}},"root":{"root":{"type":"clipping","end":"root","vertexCount":4,"vertices":[-359.84,829.83,359.9,829.96,360.3,-830.43,-360.55,-830.31],"color":"ce3a3aff"}},"sd":{"sd":{"x":-4.09,"width":107,"height":90}},"xx1":{"xx1":{"y":-1.61,"width":722,"height":23}},"xx2":{"xx2":{"y":0.75,"width":722,"height":23}},"xx3":{"xx2":{"y":0.75,"width":722,"height":23}},"xx4":{"xx1":{"y":-1.61,"width":722,"height":23}},"前方高能":{"敌群来袭":{"width":382,"height":76},"首领来袭":{"width":379,"height":75}},"图层 752":{"lll1":{"width":200,"height":830}},"图层 753":{"lll1":{"width":200,"height":830}},"组 48":{"组 48":{"width":722,"height":99}}}}],"animations":{"11":{"slots":{"gt1":{"color":[{"time":1.5667,"color":"ffffffff"},{"time":1.6667,"color":"ffffff00"}]},"sd":{"color":[{"time":1.5667,"color":"ffffffff"},{"time":1.6667,"color":"ffffff00"}]},"xx1":{"color":[{"time":1.5667,"color":"ffffffff"},{"time":1.6667,"color":"ffffff00"}]},"xx2":{"color":[{"time":1.5667,"color":"ffffffff"},{"time":1.6667,"color":"ffffff00"}]},"xx3":{"color":[{"color":"ffffff00","curve":"stepped"},{"time":0.4333,"color":"ffffff00"},{"time":0.5,"color":"ffffffff","curve":"stepped"},{"time":1.5667,"color":"ffffffff"},{"time":1.6667,"color":"ffffff00"}]},"xx4":{"color":[{"color":"ffffff00","curve":"stepped"},{"time":0.4667,"color":"ffffff00"},{"time":0.5,"color":"ffffffff","curve":"stepped"},{"time":1.5667,"color":"ffffffff"},{"time":1.6667,"color":"ffffff00"}]},"前方高能":{"color":[{"time":1.5667,"color":"ffffffff"},{"time":1.6667,"color":"ffffff00"}],"attachment":[{"name":"敌群来袭"}]},"图层 752":{"color":[{"color":"ffffff00"},{"time":0.3333,"color":"ffffffff"},{"time":0.6667,"color":"ffffff00"},{"time":1,"color":"ffffffff"},{"time":1.3333,"color":"ffffff00"},{"time":1.5333,"color":"ffffffff"},{"time":1.6667,"color":"ffffff00"}]},"图层 753":{"color":[{"color":"ffffff00"},{"time":0.3333,"color":"ffffffff"},{"time":0.6667,"color":"ffffff00"},{"time":1,"color":"ffffffff"},{"time":1.3333,"color":"ffffff00"},{"time":1.5333,"color":"ffffffff"},{"time":1.6667,"color":"ffffff00"}]},"组 48":{"color":[{"time":1.5667,"color":"ffffffff"},{"time":1.6667,"color":"ffffff00"}]}},"bones":{"bone2":{"translate":[{"x":610.63},{"time":0.4667}],"scale":[{"time":0.4667},{"time":0.6667,"x":1.1,"y":1.1},{"time":0.8333},{"time":1.1,"x":1.1,"y":1.1},{"time":1.2667},{"time":1.5,"x":1.1,"y":1.1},{"time":1.6667}]},"bone":{"translate":[{"x":566.31},{"time":0.3333}],"scale":[{"time":0.3333},{"time":0.6667,"x":1.1,"y":1.1},{"time":0.8333},{"time":1.1,"x":1.1,"y":1.1},{"time":1.2667},{"time":1.5,"x":1.1,"y":1.1},{"time":1.6667}]},"bone5":{"scale":[{"x":0,"y":0,"curve":"stepped"},{"time":0.4,"x":0,"y":0},{"time":0.6667},{"time":0.9333,"x":0.5,"y":0.5},{"time":1.1667,"x":1.1,"y":1.1},{"time":1.4333,"x":0.5,"y":0.5},{"time":1.6667}]},"bone6":{"scale":[{"x":0,"y":0},{"time":0.3}]},"bone3":{"translate":[{"time":0.5},{"time":1.6667,"x":720.2}]},"bone4":{"translate":[{"time":0.5},{"time":1.6667,"x":-720.2}]},"bone7":{"translate":[{"time":0.5},{"time":1.6667,"x":720.2}]},"bone8":{"translate":[{"time":0.5},{"time":1.6667,"x":-720.2}]},"bone9":{"rotate":[{"angle":-0.04}]},"bone10":{"rotate":[{"angle":-0.04}]}}},"22":{"slots":{"gt1":{"color":[{"time":1.5667,"color":"ffffffff"},{"time":1.6667,"color":"ffffff00"}],"attachment":[{"name":"1"}]},"sd":{"color":[{"time":1.5667,"color":"ffffffff"},{"time":1.6667,"color":"ffffff00"}]},"xx1":{"color":[{"time":1.5667,"color":"ffffffff"},{"time":1.6667,"color":"ffffff00"}]},"xx2":{"color":[{"time":1.5667,"color":"ffffffff"},{"time":1.6667,"color":"ffffff00"}]},"xx3":{"color":[{"time":1.5667,"color":"ffffffff"},{"time":1.6667,"color":"ffffff00"}]},"xx4":{"color":[{"time":1.5667,"color":"ffffffff"},{"time":1.6667,"color":"ffffff00"}]},"前方高能":{"color":[{"time":1.5667,"color":"ffffffff"},{"time":1.6667,"color":"ffffff00"}],"attachment":[{"name":"首领来袭"}]},"图层 752":{"color":[{"color":"ffffff00"},{"time":0.3333,"color":"ffffffff"},{"time":0.6667,"color":"ffffff00"},{"time":1,"color":"ffffffff"},{"time":1.3333,"color":"ffffff00"},{"time":1.5333,"color":"ffffffff"},{"time":1.6667,"color":"ffffff00"}]},"图层 753":{"color":[{"color":"ffffff00"},{"time":0.3333,"color":"ffffffff"},{"time":0.6667,"color":"ffffff00"},{"time":1,"color":"ffffffff"},{"time":1.3333,"color":"ffffff00"},{"time":1.5333,"color":"ffffffff"},{"time":1.6667,"color":"ffffff00"}]},"组 48":{"color":[{"time":1.5667,"color":"ffffffff"},{"time":1.6667,"color":"ffffff00"}]}},"bones":{"bone2":{"translate":[{"x":610.63},{"time":0.4667}],"scale":[{"time":0.4667},{"time":0.6667,"x":1.1,"y":1.1},{"time":0.8333},{"time":1.1,"x":1.1,"y":1.1},{"time":1.2667},{"time":1.5,"x":1.1,"y":1.1},{"time":1.6667}]},"bone":{"translate":[{"x":566.31},{"time":0.3333}],"scale":[{"time":0.3333},{"time":0.6667,"x":1.1,"y":1.1},{"time":0.8333},{"time":1.1,"x":1.1,"y":1.1},{"time":1.2667},{"time":1.5,"x":1.1,"y":1.1},{"time":1.6667}]},"bone5":{"scale":[{"x":0,"y":0,"curve":"stepped"},{"time":0.4,"x":0,"y":0},{"time":0.6667},{"time":0.9333,"x":0.5,"y":0.5},{"time":1.1667,"x":1.1,"y":1.1},{"time":1.4333,"x":0.5,"y":0.5},{"time":1.6667}]},"bone6":{"scale":[{"x":0,"y":0},{"time":0.3}]},"bone3":{"translate":[{"time":0.5},{"time":1.6667,"x":720.2}]},"bone4":{"translate":[{"time":0.5},{"time":1.6667,"x":-720.2}]},"bone7":{"translate":[{"time":0.5},{"time":1.6667,"x":720.2}]},"bone8":{"translate":[{"time":0.5},{"time":1.6667,"x":-720.2}]},"bone9":{"rotate":[{"angle":-0.04}]},"bone10":{"rotate":[{"angle":-0.04}]}}}}}