{"skeleton":{"hash":"lBw47K+uOvs","spine":"3.8-from-4.0-from-4.1.17","x":-15.84,"y":-2.37,"width":33,"height":35,"images":"../images/","audio":"C:/Users/Administrator/Desktop"},"bones":[{"name":"root"},{"name":"bone","parent":"root","x":-0.76,"y":3.14},{"name":"bone2","parent":"bone","y":10.28}],"slots":[{"name":"gth","bone":"bone2","attachment":"gth"}],"skins":[{"name":"default","attachments":{"gth":{"gth":{"x":1.42,"y":1.7,"width":33,"height":35}}}}],"animations":{"gth":{"bones":{"bone2":{"translate":[{},{"time":0.1667,"y":-3.32},{"time":0.3333,"y":20.55},{"time":0.6667}],"scale":[{},{"time":0.1667,"x":1.104,"y":0.675},{"time":0.3333,"x":0.799},{"time":0.5,"x":1.288},{"time":0.6667}]}}}}}