{"skeleton":{"hash":"YZjYXO1HDzA","spine":"3.8-from-4.0-from-4.1.17","x":-21,"y":-20.5,"width":42,"height":41,"images":"","audio":""},"bones":[{"name":"root"},{"name":"bone","parent":"root"},{"name":"bone2","parent":"root"}],"slots":[{"name":"图层 2031","bone":"bone"},{"name":"组 486","bone":"bone2","attachment":"组 486"}],"skins":[{"name":"default","attachments":{"组 486":{"组 486":{"width":42,"height":41}}}}],"animations":{"animation":{"bones":{"bone2":{"translate":[{},{"time":0.3333,"y":24.39},{"time":0.5667,"y":-8.22},{"time":0.8333}],"scale":[{},{"time":0.3333,"x":0.8,"y":1.1},{"time":0.5667,"x":1.2,"y":0.7},{"time":0.8333,"x":0.9,"y":1.1},{"time":1,"curve":"stepped"},{"time":1.3333}]}}}}}