{
"skeleton": {
	"hash": "cXa1mj4BVUg",
	"spine": "3.8-from-4.0-from-4.1.17",
	"x": -74.47,
	"y": -31.91,
	"width": 131.66,
	"height": 89.4,
	"images": "./images/",
	"audio": "E:/游戏项目/蛋壳特工队/动作/狙击手"
},
"bones": [
	{ "name": "root", "scaleX": 0.26, "scaleY": 0.26, "color": "ff0606ff" },
	{ "name": "bone14", "parent": "root", "x": 6.76, "y": 4.42 },
	{ "name": "bone16", "parent": "bone14", "length": 54.7, "rotation": -91.81, "x": 7.15, "y": -20.42 },
	{ "name": "bone", "parent": "bone16", "length": 118.21, "rotation": -178.19, "x": -29.15, "y": -6.48 },
	{ "name": "bone2", "parent": "bone", "length": 70.94, "rotation": -69.94, "x": 122.27, "y": -35.93 },
	{ "name": "bone3", "parent": "bone2", "length": 30.36, "rotation": -33.3, "x": 80.94, "y": -3.03 },
	{ "name": "bone4", "parent": "bone", "length": 43.11, "rotation": -110.65, "x": 16.22, "y": -102.57 },
	{ "name": "bone5", "parent": "bone4", "length": 29.12, "rotation": -19.73, "x": 49.84, "y": 0.62 },
	{ "name": "bone8", "parent": "bone", "length": 44.35, "rotation": 173.25, "x": -12.17, "y": -46.94 },
	{ "name": "bone9", "parent": "bone8", "length": 47.18, "rotation": -21.07, "x": 54.61, "y": -2.87 },
	{ "name": "bone10", "parent": "bone8", "length": 48.01, "rotation": 73.28, "x": 44.98, "y": 19.33 },
	{ "name": "bone11", "parent": "bone16", "length": 33.69, "rotation": 5.75, "x": 51.4, "y": -23.65 },
	{ "name": "bone12", "parent": "bone16", "length": 34.94, "rotation": 7.52, "x": 49.98, "y": 39.5 },
	{ "name": "bone13", "parent": "bone", "length": 89.55, "rotation": 85.17, "x": -27.23, "y": 2.32 },
	{ "name": "bone15", "parent": "root", "x": 7.98, "y": -107.54, "scaleY": 0.8, "color": "ff0606ff" },
	{ "name": "bone6", "parent": "bone5", "length": 32.69, "rotation": -12.15, "x": 29.78, "y": -0.01 },
	{ "name": "bone7", "parent": "bone6", "length": 20.66, "rotation": -6.54, "x": 34.17, "y": 0.86 },
	{ "name": "bone17", "parent": "bone13", "x": 297.28, "y": 10.49, "scaleX": 3, "scaleY": 3 },
	{
		"name": "bone18",
		"parent": "root",
		"rotation": 90,
		"x": -336.33,
		"y": 7.33,
		"scaleX": 2,
		"scaleY": 2,
		"color": "ff0606ff"
	},
	{
		"name": "bone19",
		"parent": "root",
		"rotation": 79.27,
		"x": -336.33,
		"y": 63.2,
		"scaleX": 2,
		"scaleY": 2,
		"color": "ff0606ff"
	},
	{
		"name": "bone20",
		"parent": "root",
		"rotation": 95.05,
		"x": -336.33,
		"y": -34.21,
		"scaleX": 2,
		"scaleY": 2,
		"color": "ff0606ff"
	},
	{ "name": "bone21", "parent": "root", "x": -47.84, "y": 70.65, "color": "ff0606ff" },
	{
		"name": "kq",
		"parent": "bone17",
		"rotation": 45.39,
		"x": -8.86,
		"y": -13.56,
		"scaleX": -0.4,
		"scaleY": 0.4
	},
	{ "name": "bone22", "parent": "root", "x": -524.14, "y": 43.07, "color": "ff0606ff" },
	{ "name": "1", "parent": "root", "x": -17.09, "y": -103.6, "color": "ff0606ff" },
	{ "name": "bone23", "parent": "1", "length": 7.54, "rotation": -114.97, "x": 0.35, "y": 3.47 },
	{ "name": "bone24", "parent": "1", "length": 18.99, "rotation": -175.87, "x": -4.31, "y": -3.62 },
	{ "name": "2", "parent": "root", "x": 54.66, "y": -102.84, "color": "ff0606ff" },
	{ "name": "bone25", "parent": "2", "length": 8.78, "rotation": -101.11, "x": -0.04, "y": 1.93 },
	{ "name": "bone26", "parent": "2", "length": 8.7, "rotation": -178.48, "x": -2.27, "y": -6.69 }
],
"slots": [
	{ "name": "椭圆 1", "bone": "bone15", "attachment": "椭圆 1" },
	{ "name": "图层201", "bone": "bone11", "attachment": "图层201" },
	{ "name": "图层201(2)", "bone": "bone12", "attachment": "图层201(2)" },
	{ "name": "pifeng", "bone": "root", "attachment": "pifeng11" },
	{ "name": "body", "bone": "bone", "attachment": "body11" },
	{ "name": "waitao", "bone": "bone13", "attachment": "waitao11" },
	{ "name": "嘴巴", "bone": "bone", "attachment": "嘴巴" },
	{ "name": "qiang", "bone": "bone13", "attachment": "qiang11" },
	{ "name": "图层组50", "bone": "bone13" },
	{ "name": "22/06", "bone": "bone17" },
	{ "name": "die/1", "bone": "bone21" },
	{ "name": "kq/0", "bone": "kq" },
	{ "name": "boom/b0", "bone": "bone22" }
],
"ik": [
	{
		"name": "1",
		"bones": [ "bone11" ],
		"target": "1"
	},
	{
		"name": "2",
		"order": 1,
		"bones": [ "bone12" ],
		"target": "2"
	}
],
"skins": [
	{
		"name": "default",
		"attachments": {
			"22/06": {
				"22/06": { "x": 0.5, "y": 0.5, "width": 145, "height": 145 },
				"22/07": { "x": -0.46, "y": -0.54, "rotation": -175.17, "width": 145, "height": 145 },
				"22/08": { "x": -0.46, "y": -0.54, "rotation": -175.17, "width": 145, "height": 145 },
				"22/09": { "x": -0.46, "y": -0.54, "rotation": -175.17, "width": 145, "height": 145 },
				"22/10": { "x": -0.46, "y": -0.54, "rotation": -175.17, "width": 145, "height": 145 },
				"22/11": { "x": -0.46, "y": -0.54, "rotation": -175.17, "width": 145, "height": 145 },
				"22/12": { "x": -0.46, "y": -0.54, "rotation": -175.17, "width": 145, "height": 145 }
			},
			"boom/b0": {
				"boom/b0": { "x": 387.49, "y": -31.59, "width": 100, "height": 100 },
				"boom/b1": { "x": 387.86, "y": -31.87, "width": 100, "height": 100 },
				"boom/b2": { "x": 387.86, "y": -31.87, "width": 100, "height": 100 },
				"boom/b3": { "x": 387.86, "y": -31.87, "width": 100, "height": 100 },
				"boom/b4": { "x": 387.86, "y": -31.87, "width": 100, "height": 100 },
				"boom/b5": { "x": 387.86, "y": -31.87, "width": 100, "height": 100 },
				"boom/b6": { "x": 387.86, "y": -31.87, "width": 100, "height": 100 },
				"boom/b7": { "x": 387.86, "y": -31.87, "width": 100, "height": 100 },
				"boom/b8": { "x": 387.86, "y": -31.87, "width": 100, "height": 100 },
				"boom/b9": { "x": 387.86, "y": -31.87, "width": 100, "height": 100 },
				"boom/b10": { "x": 387.86, "y": -31.87, "width": 100, "height": 100 }
			},
			"die/1": {
				"die/1": { "width": 500, "height": 500 },
				"die/2": { "width": 500, "height": 500 },
				"die/3": { "width": 500, "height": 500 },
				"die/4": { "width": 500, "height": 500 }
			},
			"kq/0": {
				"kq/0": { "x": -75.99, "y": 1.23, "rotation": -175.17, "width": 231, "height": 278 },
				"kq/1": { "x": -75.99, "y": 1.23, "rotation": -175.17, "width": 231, "height": 278 },
				"kq/2": { "x": -75.99, "y": 1.23, "rotation": -175.17, "width": 231, "height": 278 },
				"kq/3": { "x": -75.99, "y": 1.23, "rotation": -175.17, "width": 231, "height": 278 },
				"kq/4": { "x": -75.81, "y": 1.08, "rotation": -175.17, "width": 190, "height": 197 },
				"kq/5": { "x": -75.99, "y": 1.23, "rotation": -175.17, "width": 151, "height": 172 }
			},
			"嘴巴": {
				"嘴巴": { "x": 42.76, "y": 21.27, "rotation": -90, "width": 119, "height": 82 }
			},
			"图层201": {
				"图层201": { "x": 24.68, "y": -2.27, "rotation": 86.05, "width": 35, "height": 47 }
			},
			"图层201(2)": {
				"图层201(2)": { "x": 24, "y": -3.13, "rotation": 84.29, "width": 35, "height": 47 }
			},
			"椭圆 1": {
				"椭圆 1": { "y": 0.5, "width": 178, "height": 39 }
			}
		}
	},
	{
		"name": "skin1",
		"attachments": {
			"body": {
				"body11": {
					"name": "body1",
					"type": "mesh",
					"uvs": [ 0.43774, 0, 0.32528, 0, 0.18202, 0.06152, 0.06019, 0.14519, 0, 0.22999, 0, 0.58366, 0.06153, 0.63498, 0.06153, 0.81126, 0.07759, 0.91837, 0.1365, 0.98308, 0.21817, 1, 0.65731, 1, 0.74433, 0.98866, 0.81797, 0.92506, 0.84474, 0.84696, 0.8434, 0.63275, 0.8983, 0.59259, 0.89696, 0.29693, 1, 0.22552, 1, 0.18536, 0.83939, 0.0816, 0.6399, 0.01354, 0.51271, 0, 0.29708, 0.32844, 0.13379, 0.40734, 0.58799, 0.40849, 0.12967, 0.64863, 0.13241, 0.51255 ],
					"triangles": [ 12, 11, 26, 26, 11, 10, 14, 13, 12, 7, 10, 8, 10, 7, 26, 14, 26, 15, 26, 14, 12, 10, 9, 8, 25, 20, 17, 18, 17, 19, 17, 20, 19, 25, 21, 20, 25, 22, 21, 15, 25, 16, 25, 17, 16, 23, 0, 22, 23, 27, 24, 27, 23, 25, 25, 15, 27, 15, 26, 27, 7, 6, 26, 26, 6, 27, 6, 5, 27, 27, 5, 24, 22, 25, 23, 23, 1, 0, 24, 5, 4, 24, 4, 23, 4, 3, 23, 3, 2, 23, 23, 2, 1 ],
					"vertices": [ 2, 3, 207.76, -11.05, 0.41259, 4, 5.96, 88.84, 0.58741, 2, 3, 207.76, 18.19, 0.63251, 4, -21.51, 98.87, 0.36749, 2, 3, 188.56, 55.44, 0.87774, 4, -63.08, 93.62, 0.12226, 2, 3, 162.46, 87.12, 0.9872, 4, -101.79, 79.96, 0.0128, 2, 3, 136, 102.77, 0.99998, 4, -125.56, 60.48, 2.0E-5, 2, 3, 25.66, 102.77, 0.94503, 2, -51.55, -110.01, 0.05497, 2, 3, 9.64, 86.77, 0.84977, 2, -36.05, -93.51, 0.15023, 2, 3, -45.36, 86.77, 0.34548, 2, 18.92, -91.78, 0.65452, 2, 3, -78.77, 82.59, 0.15165, 2, 52.19, -86.55, 0.84835, 2, 3, -98.96, 67.28, 0.08181, 2, 71.89, -70.6, 0.91819, 2, 3, -104.24, 46.04, 0.04348, 2, 76.49, -49.21, 0.95652, 3, 4, -47.45, -223.81, 0.0115, 5, 13.92, -255.02, 0.00291, 2, 72.89, 64.91, 0.9856, 4, 3, -100.7, -90.76, 0.00242, 4, -24.99, -228.25, 0.01944, 5, 35.13, -246.39, 0.00496, 2, 68.64, 87.41, 0.97318, 4, 3, -80.86, -109.9, 0.01828, 4, -0.2, -216.18, 0.03391, 5, 49.22, -222.69, 0.00879, 2, 48.2, 105.92, 0.93902, 4, 3, -56.49, -116.87, 0.0531, 4, 14.7, -195.68, 0.05761, 5, 50.42, -197.38, 0.01523, 2, 23.63, 112.11, 0.87406, 4, 3, 10.34, -116.52, 0.23821, 4, 37.3, -132.78, 0.27086, 5, 34.77, -132.4, 0.08494, 2, -43.16, 109.65, 0.40599, 4, 3, 22.87, -130.79, 0.2342, 4, 55.01, -125.91, 0.34726, 5, 45.79, -116.93, 0.12029, 2, -56.14, 123.52, 0.29824, 4, 3, 115.12, -130.44, 0.01845, 4, 86.33, -39.14, 0.25744, 5, 24.33, -27.22, 0.70875, 2, -148.33, 120.26, 0.01537, 1, 5, 45.3, 0.6, 1, 1, 5, 42.43, 12.8, 1, 3, 3, 182.3, -115.47, 5.0E-5, 4, 95.31, 29.1, 0.42921, 5, -5.63, 34.75, 0.57074, 3, 3, 203.53, -63.61, 0.07915, 4, 53.88, 66.84, 0.9128, 5, -60.98, 43.54, 0.00805, 2, 3, 207.76, -30.54, 0.25823, 4, 24.27, 82.15, 0.74177, 1, 3, 105.28, 25.53, 1, 1, 3, 80.67, 67.98, 1, 4, 3, 80.31, -50.11, 0.38863, 4, -1.07, -44.28, 0.549, 5, -45.9, -79.5, 0.03122, 2, -111, 41.07, 0.03115, 2, 3, 5.39, 69.05, 0.80398, 2, -32.35, -75.67, 0.19602, 2, 3, 47.84, 68.34, 0.98219, 2, -74.81, -76.3, 0.01781 ],
					"hull": 23,
					"edges": [ 0, 2, 2, 4, 4, 6, 6, 8, 8, 10, 10, 12, 12, 14, 14, 16, 16, 18, 18, 20, 20, 22, 22, 24, 24, 26, 26, 28, 28, 30, 30, 32, 32, 34, 34, 36, 36, 38, 38, 40, 40, 42, 42, 44, 0, 44 ],
					"width": 260,
					"height": 312
				}
			},
			"pifeng": {
				"pifeng11": {
					"name": "pifeng",
					"type": "mesh",
					"path": "pifeng1",
					"uvs": [ 0, 0.20505, 0.09862, 0.0965, 0.19563, 0, 0.30343, 0.01947, 0.43279, 0.07374, 0.57508, 0.14713, 0.71425, 0.23306, 0.79499, 0.29608, 0.83811, 0.34335, 0.87907, 0.39237, 0.95237, 0.50091, 0.97862, 0.57166, 0.99317, 0.6467, 0.99659, 0.70577, 0.98383, 0.78367, 0.96058, 0.87554, 0.92804, 0.93846, 0.88774, 0.99258, 0.83505, 1, 0.79785, 0.99132, 0.78081, 0.95105, 0.75601, 0.90197, 0.72347, 0.84911, 0.68007, 0.82646, 0.60413, 0.82268, 0.54369, 0.82898, 0.47085, 0.83779, 0.40421, 0.81765, 0.41661, 0.76228, 0.42688, 0.66286, 0.42378, 0.57225, 0.37728, 0.4829, 0.3029, 0.40236, 0.21766, 0.34447, 0.12467, 0.28784, 0.05338, 0.26015, 0.00689, 0.23876 ],
					"triangles": [ 17, 18, 20, 16, 17, 20, 20, 18, 19, 20, 21, 16, 16, 21, 15, 21, 22, 15, 15, 22, 14, 14, 22, 13, 25, 26, 28, 28, 26, 27, 29, 25, 28, 29, 24, 25, 13, 22, 23, 24, 13, 23, 11, 12, 24, 24, 12, 13, 11, 24, 30, 11, 30, 10, 10, 30, 9, 29, 30, 24, 30, 8, 9, 8, 31, 7, 7, 31, 6, 31, 8, 30, 6, 32, 5, 6, 31, 32, 32, 4, 5, 32, 33, 4, 4, 34, 3, 4, 33, 34, 35, 1, 34, 3, 1, 2, 3, 34, 1, 1, 35, 0, 35, 36, 0 ],
					"vertices": [ 1, 6, -13.43, -19.45, 1, 1, 6, -13.38, -1.51, 1, 1, 6, -12.52, 15.04, 1, 1, 6, -1.6, 19.84, 1, 2, 6, 13.93, 22.28, 0.99581, 7, -41.47, 6.2, 0.00419, 2, 6, 32.1, 23.49, 0.83738, 7, -25.17, 14.3, 0.16262, 3, 6, 50.98, 23.17, 0.2513, 7, -7.61, 21.25, 0.7479, 15, -41.62, 10.86, 8.0E-4, 3, 6, 62.97, 21.56, 0.02973, 7, 4.07, 24.37, 0.9339, 15, -31.14, 16.9, 0.03637, 4, 6, 70.44, 19.25, 0.00113, 7, 11.86, 25.11, 0.87768, 15, -23.81, 19.62, 0.12118, 16, -60.26, 9.04, 0, 3, 7, 19.73, 25.52, 0.70164, 15, -16.32, 22.06, 0.29648, 16, -53.27, 12.67, 0.00187, 3, 7, 36.18, 24.82, 0.167, 15, -0.25, 25.65, 0.78849, 16, -38, 18.83, 0.04452, 3, 7, 45.7, 22.38, 0.02186, 15, 9.58, 25.75, 0.85365, 16, -28.32, 20.54, 0.12449, 2, 15, 19.6, 24.48, 0.69978, 16, -18.23, 20.92, 0.30022, 2, 15, 27.25, 22.65, 0.47666, 16, -10.38, 20.37, 0.52334, 2, 15, 36.82, 18.45, 0.12057, 16, -0.25, 17.78, 0.87943, 1, 16, 11.58, 13.85, 1, 1, 16, 19.48, 9.37, 1, 2, 15, 60.62, 0.75, 0, 16, 26.12, 4.2, 1, 2, 15, 59.98, -4.99, 0, 16, 26.43, -1.56, 1, 1, 16, 24.81, -5.42, 1, 2, 15, 52.1, -8.81, 0.00594, 16, 19.27, -6.62, 0.99406, 2, 15, 45.08, -9.57, 0.12233, 16, 12.47, -8.51, 0.87767, 3, 7, 63.02, -20.29, 2.9E-4, 15, 37.35, -10.99, 0.63508, 16, 5.08, -11.17, 0.36463, 3, 7, 58.01, -22.75, 0.00623, 15, 33.16, -14.65, 0.92622, 16, 1.54, -15.47, 0.06755, 4, 6, 87.76, -47.1, 2.0E-5, 7, 53.34, -29.5, 0.03376, 15, 30.39, -22.39, 0.96582, 16, 0.07, -23.55, 3.9E-4, 2, 7, 50.68, -35.52, 0.05754, 15, 29.38, -28.89, 0.94246, 3, 6, 77.34, -57.24, 9.0E-5, 7, 47.61, -42.86, 0.07523, 15, 28.32, -36.77, 0.92468, 3, 6, 69.95, -59.33, 8.9E-4, 7, 41.6, -47.63, 0.08446, 15, 23.74, -42.94, 0.91466, 3, 6, 66.68, -52.6, 0.0067, 7, 35.99, -42.68, 0.11027, 15, 17.04, -39.6, 0.88304, 3, 6, 59.75, -41.28, 0.05603, 7, 25.25, -34.89, 0.27325, 15, 4.65, -34.86, 0.67072, 3, 6, 52.36, -31.76, 0.21606, 7, 14.76, -28.94, 0.46839, 15, -7.02, -31.83, 0.31556, 3, 6, 41.28, -25.15, 0.61867, 7, 1.99, -27.09, 0.31916, 15, -19.83, -33.34, 0.06217, 3, 6, 28.47, -21.26, 0.95195, 7, -11.33, -28.42, 0.04515, 15, -32.36, -38.08, 0.0029, 2, 6, 16.49, -20.5, 0.99984, 7, -22.68, -32.31, 1.6E-4, 1, 6, 3.94, -20.36, 1, 1, 6, -4.45, -21.95, 1, 1, 6, -10.18, -22.62, 1 ],
					"hull": 37,
					"edges": [ 0, 2, 2, 4, 4, 6, 6, 8, 8, 10, 10, 12, 12, 14, 14, 16, 16, 18, 18, 20, 20, 22, 22, 24, 24, 26, 26, 28, 28, 30, 30, 32, 32, 34, 34, 36, 36, 38, 38, 40, 40, 42, 42, 44, 44, 46, 46, 48, 48, 50, 50, 52, 52, 54, 54, 56, 56, 58, 58, 60, 60, 62, 62, 64, 64, 66, 66, 68, 68, 70, 70, 72, 0, 72 ],
					"width": 108,
					"height": 133
				}
			},
			"qiang": {
				"qiang11": { "name": "qiang1", "x": 128.59, "y": -2.18, "rotation": -175.17, "width": 329, "height": 134 }
			},
			"waitao": {
				"waitao11": {
					"name": "waitao",
					"type": "mesh",
					"path": "waitao1",
					"uvs": [ 0.01431, 0.16352, 0, 0.2189, 0.00189, 0.36491, 0.02673, 0.39764, 0.21376, 0.42575, 0.25879, 0.5695, 0.28462, 0.63461, 0.33618, 0.76454, 0.39105, 0.94822, 0.42623, 1, 0.46, 1, 0.62745, 0.95222, 0.80474, 0.88433, 0.93841, 0.80447, 1, 0.75855, 1, 0.67669, 0.97781, 0.52296, 0.96093, 0.34327, 0.95898, 0.18555, 0.95811, 0.11566, 0.93419, 0, 0.6781, 0, 0.58805, 0.1496, 0.07727, 0.14561, 0.57538, 0.52096, 0.38402, 0.62678, 0.76675, 0.44709, 0.7963, 0.5549, 0.64011, 0.62678 ],
					"triangles": [ 27, 26, 17, 16, 27, 17, 28, 26, 27, 15, 27, 16, 15, 13, 27, 14, 13, 15, 12, 27, 13, 28, 27, 12, 12, 11, 28, 25, 6, 24, 7, 6, 25, 8, 25, 10, 25, 28, 10, 7, 25, 8, 10, 9, 8, 10, 28, 11, 23, 2, 1, 0, 23, 1, 3, 2, 23, 4, 23, 22, 3, 23, 4, 22, 21, 18, 19, 21, 20, 18, 21, 19, 18, 17, 6, 18, 5, 22, 22, 5, 4, 6, 5, 18, 24, 17, 26, 6, 17, 24, 28, 24, 26, 28, 25, 24 ],
					"vertices": [ 2, 8, 2.5, -129.3, 0.64222, 9, -3.17, -136.71, 0.35778, 2, 8, 10.99, -131.32, 0.64175, 9, 5.48, -135.54, 0.35825, 2, 8, 32.4, -128.39, 0.63932, 9, 24.41, -125.11, 0.36068, 2, 8, 36.6, -122.64, 0.6386, 9, 26.26, -118.23, 0.3614, 2, 8, 36.11, -83.14, 0.58475, 9, 11.6, -81.56, 0.41525, 2, 8, 56.13, -71.25, 0.42142, 9, 26, -63.26, 0.57858, 2, 8, 65.06, -64.73, 0.32835, 9, 31.99, -53.97, 0.67165, 2, 8, 82.88, -51.72, 0.12631, 9, 43.95, -35.42, 0.87369, 2, 8, 108.52, -37.08, 0.00305, 9, 62.61, -12.54, 0.99695, 1, 9, 65.94, -2.43, 1, 1, 9, 62.63, 3.85, 1, 1, 9, 39.96, 31.64, 1, 1, 10, 40.18, -33.81, 1, 1, 10, 61.22, -11.79, 1, 1, 10, 70.37, -0.41, 1, 2, 8, 53.58, 85.19, 0.00385, 10, 65.55, 10.71, 0.99615, 2, 8, 31.53, 77.89, 0.07917, 10, 52.21, 29.72, 0.92083, 2, 8, 5.54, 71.24, 0.33984, 10, 38.37, 52.7, 0.66016, 2, 8, -17.59, 68.09, 0.57969, 10, 28.7, 73.95, 0.42031, 2, 8, -27.84, 66.69, 0.6456, 10, 24.41, 83.37, 0.3544, 2, 8, -44.25, 59.69, 0.70428, 10, 12.98, 97.07, 0.29572, 2, 8, -37.93, 6.28, 0.93684, 10, -36.34, 75.65, 0.06316, 3, 8, -13.72, -9.9, 0.98123, 9, -61.23, -31.12, 0.01748, 10, -44.87, 47.81, 0.00129, 2, 8, -1.69, -116.48, 0.64259, 9, -11.69, -126.26, 0.35741, 2, 8, 41.18, -6.07, 0.84847, 9, -11.38, -7.82, 0.15153, 2, 8, 61.45, -44.14, 0.26284, 9, 21.23, -36.05, 0.73716, 2, 8, 25.59, 32.55, 0.28391, 10, 7.08, 22.37, 0.71609, 2, 8, 40.71, 40.59, 0.0454, 10, 19.13, 10.2, 0.9546, 3, 8, 55.13, 9.27, 0.18722, 9, -3.88, 11.51, 0.29873, 10, -6.72, -12.62, 0.51405 ],
					"hull": 24,
					"edges": [ 0, 2, 2, 4, 4, 6, 6, 8, 8, 10, 14, 16, 16, 18, 18, 20, 20, 22, 22, 24, 24, 26, 26, 28, 28, 30, 30, 32, 32, 34, 38, 40, 40, 42, 42, 44, 44, 46, 0, 46, 10, 12, 12, 14, 34, 36, 36, 38, 10, 36, 12, 34 ],
					"width": 210,
					"height": 148
				}
			}
		}
	},
	{
		"name": "skin2",
		"attachments": {
			"body": {
				"body11": {
					"name": "body1",
					"type": "linkedmesh",
					"path": "body2",
					"skin": "skin1",
					"parent": "body11",
					"width": 260,
					"height": 312
				}
			},
			"pifeng": {
				"pifeng11": {
					"name": "pifeng",
					"type": "linkedmesh",
					"path": "pifeng2",
					"skin": "skin1",
					"parent": "pifeng11",
					"width": 108,
					"height": 133
				}
			},
			"qiang": {
				"qiang11": {
					"name": "qiang1",
					"path": "qiang2",
					"x": 128.59,
					"y": -2.18,
					"rotation": -175.17,
					"width": 329,
					"height": 134
				}
			},
			"waitao": {
				"waitao11": {
					"name": "waitao",
					"type": "linkedmesh",
					"path": "waitao2",
					"skin": "skin1",
					"parent": "waitao11",
					"width": 210,
					"height": 148
				}
			}
		}
	}
],
"events": {
	"attack": {}
},
"animations": {
	"attack": {
		"slots": {
			"22/06": {
				"color": [
					{ "time": 0.0333, "color": "ff1313ff" }
				],
				"attachment": [
					{ "time": 0.0333, "name": "22/07" },
					{ "time": 0.1, "name": "22/08" },
					{ "time": 0.1667, "name": "22/09" },
					{ "time": 0.2333, "name": "22/10" },
					{ "time": 0.3, "name": "22/11" },
					{ "time": 0.3667, "name": "22/12" },
					{ "time": 0.4333, "name": null }
				]
			},
			"kq/0": {
				"attachment": [
					{ "time": 0.4667, "name": "kq/0" },
					{ "time": 0.5, "name": "kq/1" },
					{ "time": 0.5333, "name": "kq/2" },
					{ "time": 0.5667, "name": "kq/3" },
					{ "time": 0.6, "name": "kq/4" },
					{ "time": 0.6333, "name": "kq/5" },
					{ "time": 0.6667, "name": null }
				]
			}
		},
		"bones": {
			"bone": {
				"rotate": [
					{},
					{ "time": 0.3333, "angle": 5.63 },
					{ "time": 0.5333, "angle": -5.3 },
					{ "time": 0.7667 }
				],
				"translate": [
					{},
					{ "time": 0.3333, "y": -13.14 },
					{ "time": 0.7667 }
				]
			},
			"bone3": {
				"rotate": [
					{},
					{ "time": 0.4, "angle": -5.73 },
					{ "time": 0.8667 }
				]
			},
			"bone4": {
				"rotate": [
					{},
					{ "time": 0.2667, "angle": -13.07 },
					{ "time": 0.6333, "angle": 13.18 },
					{ "time": 0.8667 }
				]
			},
			"bone5": {
				"rotate": [
					{},
					{ "time": 0.2667, "angle": -13.07 },
					{ "time": 0.6333, "angle": 13.18 },
					{ "time": 0.8667 }
				]
			},
			"bone9": {
				"translate": [
					{},
					{ "time": 0.4333, "x": 3.79 },
					{ "time": 0.8667 }
				],
				"scale": [
					{},
					{ "time": 0.4333, "x": 0.833 },
					{ "time": 0.8667 }
				]
			},
			"bone10": {
				"translate": [
					{},
					{ "time": 0.2667, "x": 2.66, "y": 3.6 },
					{ "time": 0.7667 }
				]
			},
			"bone11": {
				"rotate": [
					{},
					{ "time": 0.3333, "angle": -13.26 },
					{ "time": 0.7667 }
				]
			},
			"bone13": {
				"rotate": [
					{ "time": 0.4333 },
					{ "time": 0.5667, "angle": -9.24 },
					{ "time": 0.8667 }
				],
				"translate": [
					{ "time": 0.4333 },
					{ "time": 0.5667, "y": -58.92 },
					{ "time": 0.7, "y": -24.69 },
					{ "time": 0.8667 }
				]
			},
			"bone6": {
				"rotate": [
					{},
					{ "time": 0.2667, "angle": -13.07 },
					{ "time": 0.6333, "angle": 13.18 },
					{ "time": 0.8667 }
				]
			},
			"bone7": {
				"rotate": [
					{},
					{ "time": 0.2667, "angle": -13.07 },
					{ "time": 0.6333, "angle": 13.18 },
					{ "time": 0.8667 }
				]
			}
		},
		"deform": {
			"skin1": {
				"body": {
					"body11": [
						{
							"offset": 67,
							"vertices": [ 0.32907, -0.3091, 0.11285, -0.32034, -0.07535, 0.01039, -0.3289 ]
						},
						{
							"time": 0.3333,
							"offset": 66,
							"vertices": [ 0.68229, 3.56999, -3.11924, 1.86548, -3.60598, -0.45525, -0.21463, -3.62826, 3.17303, 2.00202, -0.79193, 3.66694, -2.88543, 2.39877, -2.8873, -2.39573 ]
						},
						{
							"time": 0.5333,
							"offset": 58,
							"vertices": [ -1.65201, 7.11713, -7.25195, 0.88982, -6.30155, -3.69775, 1.2152, -7.20456, 2.75509, 15.51483, -13.62811, 7.91025, -15.63105, -2.00572, -3.31314, -15.37561, 1.70856, 1.07801, -0.42642, 1.97451, -1.55369, 1.29165, -1.5547, -1.29001 ]
						},
						{
							"time": 0.7667,
							"offset": 67,
							"vertices": [ 0.32907, -0.3091, 0.11285, -0.32034, -0.07535, 0.01039, -0.3289 ]
						}
					]
				}
			}
		}
	},
	"die": {
		"slots": {
			"body": {
				"attachment": [
					{ "name": null }
				]
			},
			"die/1": {
				"color": [
					{ "color": "a80000ff" }
				],
				"attachment": [
					{ "name": "die/1" },
					{ "time": 0.1, "name": "die/2" },
					{ "time": 0.2333, "name": "die/3" },
					{ "time": 0.3667, "name": "die/4" },
					{ "time": 0.5, "name": null }
				]
			},
			"pifeng": {
				"attachment": [
					{ "name": null }
				]
			},
			"qiang": {
				"attachment": [
					{ "name": null }
				]
			},
			"waitao": {
				"attachment": [
					{ "name": null }
				]
			},
			"嘴巴": {
				"attachment": [
					{ "name": null }
				]
			},
			"图层201": {
				"attachment": [
					{ "name": null }
				]
			},
			"图层201(2)": {
				"attachment": [
					{ "name": null }
				]
			},
			"椭圆 1": {
				"attachment": [
					{ "name": null }
				]
			}
		},
		"bones": {
			"bone21": {
				"scale": [
					{},
					{ "time": 0.0667, "y": 1.2 },
					{ "time": 0.1333, "y": 0.8 },
					{ "time": 0.2333, "y": 1.2 },
					{ "time": 0.3333, "y": 0.8 },
					{ "time": 0.4333, "y": 1.1 },
					{ "time": 0.5 }
				]
			}
		}
	},
	"walk": {
		"bones": {
			"bone": {
				"translate": [
					{},
					{ "time": 0.3333, "y": -1.9 },
					{ "time": 0.6667 }
				]
			},
			"bone2": {
				"rotate": [
					{},
					{ "time": 0.3, "angle": 2.36 },
					{ "time": 0.6667 }
				]
			},
			"bone3": {
				"rotate": [
					{},
					{ "time": 0.3333, "angle": 6.43 },
					{ "time": 0.6667 }
				]
			},
			"bone11": {
				"rotate": [
					{ "angle": -34.32 },
					{ "time": 0.3333, "angle": 25.64 },
					{ "time": 0.6667, "angle": -34.32 }
				],
				"translate": [
					{},
					{ "time": 0.3333, "y": -4.98 },
					{ "time": 0.6667 }
				]
			},
			"bone12": {
				"rotate": [
					{ "angle": 21.66 },
					{ "time": 0.3333, "angle": -37.79 },
					{ "time": 0.6667, "angle": 21.66 }
				],
				"translate": [
					{},
					{ "time": 0.3333, "y": 7.41 },
					{ "time": 0.6667 }
				]
			},
			"bone15": {
				"translate": [
					{ "y": -0.74 }
				]
			},
			"bone9": {
				"rotate": [
					{},
					{ "time": 0.4667, "angle": 5.79 },
					{ "time": 0.6667 }
				],
				"scale": [
					{},
					{ "time": 0.4667, "x": 0.824 },
					{ "time": 0.6667 }
				]
			},
			"bone10": {
				"scale": [
					{},
					{ "time": 0.4333, "x": 1.117 },
					{ "time": 0.6667 }
				]
			},
			"bone13": {
				"rotate": [
					{},
					{ "time": 0.3667, "angle": -2.93 },
					{ "time": 0.6667 }
				]
			},
			"1": {
				"translate": [
					{ "x": 13.19 },
					{ "time": 0.3333, "x": -16.35, "y": 0.8 },
					{ "time": 0.6667, "x": 13.19 }
				]
			},
			"2": {
				"translate": [
					{ "x": -9.18 },
					{ "time": 0.3333, "x": 20.74, "y": 1.6 },
					{ "time": 0.6667, "x": -9.18 }
				]
			},
			"bone16": {
				"translate": [
					{},
					{ "time": 0.3333, "y": -5.16 },
					{ "time": 0.6667 }
				]
			},
			"bone4": {
				"rotate": [
					{},
					{ "time": 0.2667, "angle": -12.61 },
					{ "time": 0.6667 }
				]
			},
			"bone5": {
				"rotate": [
					{ "angle": -1.73 },
					{ "time": 0.0667 },
					{ "time": 0.3333, "angle": -18.03 },
					{ "time": 0.6667, "angle": -1.73 }
				]
			},
			"bone6": {
				"rotate": [
					{ "angle": -3.41 },
					{ "time": 0.1333 },
					{ "time": 0.4, "angle": -16.42 },
					{ "time": 0.6667, "angle": -3.41 }
				]
			},
			"bone7": {
				"rotate": [
					{ "angle": -6.86 },
					{ "time": 0.1667 },
					{ "time": 0.4333, "angle": -16.47 },
					{ "time": 0.6667, "angle": -6.86 }
				]
			}
		},
		"deform": {
			"skin1": {
				"body": {
					"body11": [
						{},
						{
							"time": 0.3333,
							"offset": 1,
							"vertices": [ -1.07034, 0.99094, -0.40456, 0, -1.07034, 0.99094, -0.40456, 0, -1.07034, 0.99094, -0.40456, 0, -1.07034, 0.99094, -0.40456, 0, -1.07034, 0.99094, -0.40456, 0, -1.07034, -0.03378, 1.06981, 0, 0, 0, 0, 0, 0, 0, 0, 0, 0, 0, 0, 0, 0, 0, 0, 0, 0, 0, 0, 0, 0, 0, 0, 0, 0, 0, 0, 0, 0, 0, 0, 0, 0, 0, 0, 0, 0, 0, 0, 0, 0, 0, 0, 0, 0, 0, 0, 0, 0, 0, 0, 0, 0, 0, 0, 0, 0, 0, 1.57986, -1.46269, 0.59708, -1.57464, -0.12863, 0.04987, -1.57908, 0, 0, 0, 0, 0, 0, 0, 0, 0, 0, 0, 0, 0, 0, 0, 0, 0, 0, 0, -1.07034, 0.99094, -0.40456, 1.06676, 0.08716, 0, -1.07034, 0.99094, -0.40456, 0, -1.07034, 0, -1.07034, 0, 0, 0, 0, 0, 0, 0, 0, 0, 0, 0, 0, 0, -1.07034, -0.03378, 1.06981 ]
						},
						{ "time": 0.6667 }
					]
				},
				"waitao": {
					"waitao11": [
						{},
						{
							"time": 0.3667,
							"offset": 44,
							"vertices": [ -3.85791, -1.19314, -7.15842, -2.21389, -0.14227, -8.17027, -7.15842, -2.21389, -0.07668, -4.40323, -3.85791, -1.19314, 0, 0, 0, 0, 0, 0, 0, 0, 0, 0, 0, 0, -0.45149, 3.8126, 3.2049, 1.52912, -0.45149, 3.8126, 3.2049, 1.52912, -0.45149, 3.8126, -1.75978, 3.52677, 3.2049, 1.52912 ]
						},
						{ "time": 0.6667 }
					]
				}
			}
		}
	}
}
}