{
"skeleton": {
	"hash": "fnLD09kjf8k",
	"spine": "3.8-from-4.0-from-4.1.17",
	"x": -350.35,
	"y": -328.37,
	"width": 709,
	"height": 727.81,
	"images": "./images/",
	"audio": "E:/游戏项目/蛋壳特工队/spine/合成界面"
},
"bones": [
	{ "name": "root" },
	{ "name": "bone9", "parent": "root" },
	{ "name": "bone", "parent": "bone9", "x": -6.33, "y": -65.32 },
	{ "name": "bone2", "parent": "bone", "x": -106.29, "y": -40.29 },
	{ "name": "bone4", "parent": "bone", "x": 121.35, "y": -40.29 },
	{ "name": "bone5", "parent": "bone4", "y": -3.5, "color": "ff0000ff" },
	{ "name": "bone6", "parent": "bone9", "x": 15.16, "y": 255.16, "color": "ff0000ff" },
	{ "name": "bone7", "parent": "bone9", "x": 21.05, "y": 248.43 },
	{ "name": "bone8", "parent": "bone9", "x": 17.68, "y": 88.42 },
	{ "name": "bone10", "parent": "bone9", "x": 16.06, "y": 235.77 },
	{ "name": "bone11", "parent": "bone10", "x": 4.86, "y": -18.75 },
	{ "name": "bone12", "parent": "bone11", "y": -10.42 },
	{ "name": "bone13", "parent": "bone9", "x": 22.02, "y": 181.52 },
	{ "name": "bone14", "parent": "bone13", "x": -17.37, "y": -191.08 },
	{ "name": "bone15", "parent": "bone9", "x": -1.47, "y": 54.85 },
	{ "name": "bone16", "parent": "bone15", "x": 1.73, "y": -3.06 },
	{ "name": "bone17", "parent": "bone15", "x": 1.21, "y": -20.25 },
	{ "name": "bone18", "parent": "bone15", "x": 0.43, "y": -37.7 },
	{ "name": "bone19", "parent": "bone9", "x": 90.74, "y": 230.72 },
	{ "name": "bone20", "parent": "bone9", "x": 106.45, "y": 228.21 },
	{ "name": "bone21", "parent": "bone9", "x": 156.74, "y": 225.69 },
	{ "name": "bone22", "parent": "bone9", "x": 27.15, "y": -249.61 },
	{ "name": "bone23", "parent": "bone7" },
	{ "name": "bone24", "parent": "bone9", "x": 27.86, "y": 399.68 },
	{ "name": "bone25", "parent": "bone4", "x": -227.02, "y": -3.5, "color": "ff0000ff" },
	{ "name": "sj", "parent": "root", "x": 14.22, "y": 256.85 },
	{ "name": "ZZ", "parent": "root", "x": -114.31, "y": -102.3 },
	{ "name": "ZZ2", "parent": "root", "x": -114.31, "y": -102.3 },
	{ "name": "ZZ3", "parent": "root", "x": 110.98, "y": -102.3 },
	{ "name": "ZZ4", "parent": "root", "x": 110.98, "y": -102.3 }
],
"slots": [
	{ "name": "a2", "bone": "bone9" },
	{ "name": "图层 3077", "bone": "bone21", "attachment": "图层 3077" },
	{ "name": "g2", "bone": "bone13", "attachment": "g2" },
	{ "name": "图层 3079", "bone": "bone8", "attachment": "图层 3079" },
	{ "name": "组 529", "bone": "bone", "attachment": "组 529" },
	{ "name": "圆角矩形 3025", "bone": "bone22", "attachment": "圆角矩形 3025" },
	{ "name": "组 524", "bone": "bone2", "attachment": "灰色 拷贝" },
	{ "name": "组 525", "bone": "bone4", "attachment": "灰色 拷贝" },
	{ "name": "矩形 3032", "bone": "bone20", "attachment": "矩形 3032" },
	{ "name": "矩形 3032 拷贝", "bone": "bone10", "attachment": "矩形 3032 拷贝" },
	{ "name": "矩形 3032 拷贝 5", "bone": "bone19", "attachment": "矩形 3032 拷贝 5" },
	{ "name": "f1", "bone": "bone12", "attachment": "f1" },
	{ "name": "f2", "bone": "bone11" },
	{ "name": "圆角矩形 3071 拷贝", "bone": "bone7", "attachment": "圆角矩形 3071 拷贝" },
	{ "name": "组 528", "bone": "bone6" },
	{ "name": "s3", "bone": "bone16", "attachment": "s3" },
	{ "name": "s2", "bone": "bone17", "attachment": "s2" },
	{ "name": "s1", "bone": "bone18", "attachment": "s1" },
	{ "name": "图层 3078", "bone": "bone24" },
	{ "name": "ADA", "bone": "ZZ", "attachment": "ADA" },
	{ "name": "ADA4", "bone": "ZZ4", "attachment": "ADA" },
	{ "name": "ADA2", "bone": "ZZ2", "attachment": "ADA" },
	{ "name": "ADA3", "bone": "ZZ3", "attachment": "ADA" },
	{ "name": "1-4", "bone": "bone5" },
	{ "name": "1-5", "bone": "bone25" },
	{ "name": "sssss", "bone": "bone23", "attachment": "圆角矩形 3071 拷贝", "blend": "additive" },
	{ "name": "ssj", "bone": "sj", "attachment": "ssj", "blend": "additive" },
	{ "name": "root", "bone": "root", "attachment": "root" },
	{ "name": "g1", "bone": "bone14", "color": "54f8ffff", "attachment": "g1" }
],
"skins": [
	{
		"name": "default",
		"attachments": {
			"ADA": {
				"ADA": { "x": -6.11, "y": -8.15, "width": 273, "height": 273 }
			},
			"ADA2": {
				"ADA": { "x": -6.11, "y": -8.15, "width": 273, "height": 273 }
			},
			"ADA3": {
				"ADA": { "x": -6.11, "y": -8.15, "width": 273, "height": 273 }
			},
			"ADA4": {
				"ADA": { "x": -6.11, "y": -8.15, "width": 273, "height": 273 }
			},
			"f1": {
				"f1": { "x": -16.27, "y": 16.53, "width": 658, "height": 301 }
			},
			"f2": {
				"f2": { "x": -16.27, "y": 6.11, "width": 692, "height": 335 }
			},
			"g1": {
				"g1": {
					"type": "mesh",
					"uvs": [ 0.00101, 0.83424, 0.99998, 0.84256, 1, 0, 0, 0 ],
					"triangles": [ 0, 3, 2, 1, 0, 2 ],
					"vertices": [ -254.55, 2.12, 244.94, 1.02, 245.01, 61.69, -254.99, 62.19 ],
					"hull": 4,
					"edges": [ 0, 2, 2, 4, 4, 6, 0, 6 ],
					"width": 500,
					"height": 72
				}
			},
			"g2": {
				"g2": { "x": -22.36, "y": -164.89, "width": 500, "height": 72 }
			},
			"root": {
				"root": {
					"type": "clipping",
					"end": "root",
					"vertexCount": 4,
					"vertices": [ -366.04, -22.58, 315.87, -23.94, 315.87, 66.98, -361.97, 60.88 ],
					"color": "ce3a3aff"
				}
			},
			"s1": {
				"s1": { "x": 0.2, "y": -5.51, "width": 37, "height": 30 }
			},
			"s2": {
				"s2": { "x": -0.59, "y": -4.97, "width": 37, "height": 30 }
			},
			"s3": {
				"s3": { "x": -1.11, "y": -3.16, "width": 37, "height": 30 }
			},
			"ssj": {
				"ssj": { "y": 25.59, "width": 271, "height": 234 }
			},
			"sssss": {
				"sssss": { "x": -7.69, "y": 2.31, "width": 151, "height": 152 },
				"圆角矩形 3071 拷贝": { "path": "acz", "x": -7.59, "y": 2.09, "width": 151, "height": 152 }
			},
			"图层 3077": {
				"图层 3077": { "x": -153.58, "y": -34.06, "width": 707, "height": 400 }
			},
			"图层 3079": {
				"图层 3079": { "x": -11.03, "y": -16.79, "width": 670, "height": 186 }
			},
			"圆角矩形 3025": {
				"圆角矩形 3025": { "x": -22.5, "y": -18.75, "width": 708, "height": 120 }
			},
			"圆角矩形 3071 拷贝": {
				"圆角矩形 3071 拷贝": { "x": -7.9, "y": 2.2, "width": 153, "height": 154 }
			},
			"矩形 3032": {
				"矩形 3032": { "x": -101.8, "y": -5.57, "width": 660, "height": 300 }
			},
			"矩形 3032 拷贝": {
				"矩形 3032 拷贝": { "path": "VVV", "x": -10.9, "y": -8.64, "width": 633, "height": 265 }
			},
			"矩形 3032 拷贝 5": {
				"矩形 3032 拷贝 5": { "x": -85.58, "y": -3.59, "width": 635, "height": 267 }
			},
			"组 524": {
				"灰色 拷贝": { "x": -0.72, "y": -2.76, "width": 146, "height": 147 }
			},
			"组 525": {
				"灰色 拷贝": { "x": -0.72, "y": -2.76, "width": 146, "height": 147 }
			},
			"组 529": {
				"组 529": { "x": 6.98, "y": -98.05, "width": 698, "height": 316 }
			}
		}
	}
],
"animations": {
	"animation": {
		"slots": {
			"1-4": {
				"color": [
					{ "color": "ffffffff" },
					{ "time": 1.1333, "color": "fbfbfbff" },
					{ "time": 1.1667, "color": "ffffff00" }
				]
			},
			"1-5": {
				"color": [
					{ "time": 1.1333, "color": "ffffffff" },
					{ "time": 1.1667, "color": "ffffff00" }
				]
			},
			"ADA": {
				"color": [
					{ "color": "ffffff00" },
					{ "time": 0.1, "color": "ffffffff" },
					{ "time": 0.5, "color": "ffffff00" }
				]
			},
			"ADA2": {
				"color": [
					{ "color": "ffffff00", "curve": "stepped" },
					{ "time": 0.2, "color": "ffffff00" },
					{ "time": 0.2667, "color": "ffffffff" },
					{ "time": 0.6667, "color": "ffffff00" }
				]
			},
			"ADA3": {
				"color": [
					{ "color": "ffffff00", "curve": "stepped" },
					{ "time": 0.2, "color": "ffffff00" },
					{ "time": 0.2667, "color": "ffffffff" },
					{ "time": 0.6667, "color": "ffffff00" }
				]
			},
			"ADA4": {
				"color": [
					{ "color": "ffffff00" },
					{ "time": 0.1, "color": "ffffffff" },
					{ "time": 0.5, "color": "ffffff00" }
				]
			},
			"f2": {
				"color": [
					{ "time": 0.7667, "color": "ffffff00" },
					{ "time": 1.1333, "color": "ffffffff" },
					{ "time": 1.8, "color": "ffffff00" }
				],
				"attachment": [
					{ "time": 0.7667, "name": "f2" }
				]
			},
			"g1": {
				"color": [
					{ "time": 0.8, "color": "53ffffff" },
					{ "time": 0.9333, "color": "53ffff00" }
				]
			},
			"s1": {
				"color": [
					{ "color": "ffffffff" },
					{ "time": 0.1, "color": "ffffff4f" },
					{ "time": 0.2, "color": "ffffff8e" },
					{ "time": 0.3, "color": "ffffffff" },
					{ "time": 0.4, "color": "ffffff4f" },
					{ "time": 0.5, "color": "ffffff8e" },
					{ "time": 0.6, "color": "ffffffff" },
					{ "time": 0.7, "color": "ffffff4f" },
					{ "time": 0.8, "color": "ffffff57" }
				]
			},
			"s2": {
				"color": [
					{ "color": "ffffff8f" },
					{ "time": 0.1, "color": "ffffffff" },
					{ "time": 0.2, "color": "ffffff65" },
					{ "time": 0.3, "color": "ffffff93" },
					{ "time": 0.4, "color": "ffffffff" },
					{ "time": 0.5, "color": "ffffff65" },
					{ "time": 0.6, "color": "ffffff9d" },
					{ "time": 0.7, "color": "ffffffff" },
					{ "time": 0.8, "color": "ffffff54" }
				]
			},
			"s3": {
				"color": [
					{ "color": "ffffff48" },
					{ "time": 0.1, "color": "ffffff9d" },
					{ "time": 0.2, "color": "ffffffff" },
					{ "time": 0.3, "color": "ffffff3a" },
					{ "time": 0.4, "color": "ffffff9d" },
					{ "time": 0.5, "color": "ffffffff" },
					{ "time": 0.6, "color": "ffffff4d" },
					{ "time": 0.7, "color": "ffffff9d" },
					{ "time": 0.8, "color": "ffffff42" }
				]
			},
			"ssj": {
				"color": [
					{ "time": 1.1667, "color": "60d7ffff" },
					{ "time": 1.5, "color": "60d7ffa8" },
					{ "time": 1.7333, "color": "60d7ff00" }
				]
			},
			"sssss": {
				"color": [
					{ "time": 1.1333, "color": "ffffffff" },
					{ "time": 1.3333, "color": "ffffffd7" },
					{ "time": 1.6, "color": "ffffff00" }
				],
				"attachment": [
					{ "name": null },
					{ "time": 1.1333, "name": "sssss" },
					{ "time": 1.1667, "name": null },
					{ "time": 1.4, "name": "圆角矩形 3071 拷贝" }
				]
			},
			"矩形 3032 拷贝": {
				"color": [
					{ "color": "415680ff", "curve": "stepped" },
					{ "time": 0.8667, "color": "415680ff" },
					{ "time": 0.9667, "color": "1fc9ffff" },
					{ "time": 1.2333, "color": "101825ff" },
					{ "time": 1.5333, "color": "415680ff" }
				]
			},
			"矩形 3032 拷贝 5": {
				"color": [
					{ "time": 0.8333, "color": "71dfffff" },
					{ "time": 0.9667, "color": "ffffffff" }
				]
			}
		},
		"bones": {
			"bone5": {
				"rotate": [
					{},
					{ "time": 0.1, "angle": -3.22 },
					{ "time": 0.2333, "angle": 4.85 },
					{ "time": 0.3667, "angle": -6.28 },
					{ "time": 0.5, "angle": 3.33 },
					{ "time": 0.6667, "angle": -9.85 },
					{ "time": 0.8, "angle": 2.9 },
					{ "time": 0.8667 }
				],
				"translate": [
					{ "time": 0.8667 },
					{ "time": 1.1333, "x": -100, "y": 360.83 }
				]
			},
			"bone6": {
				"scale": [
					{ "time": 1.1667 },
					{ "time": 1.3, "x": 0, "y": 0 },
					{ "time": 1.5 }
				]
			},
			"bone23": {
				"scale": [
					{ "time": 1.1333 },
					{ "time": 1.6, "x": 3, "y": 3 },
					{ "time": 2.2 }
				]
			},
			"bone25": {
				"rotate": [
					{},
					{ "time": 0.0667, "angle": -3.22 },
					{ "time": 0.2, "angle": 4.85 },
					{ "time": 0.3333, "angle": -6.28 },
					{ "time": 0.4667, "angle": 3.33 },
					{ "time": 0.6333, "angle": -9.85 },
					{ "time": 0.7667, "angle": 2.9 },
					{ "time": 0.8667 }
				],
				"translate": [
					{ "time": 0.8667 },
					{ "time": 1.1333, "x": 135.16, "y": 360.83 }
				]
			},
			"sj": {
				"rotate": [
					{ "time": 1.1667 },
					{ "time": 1.7333, "angle": -120 }
				],
				"translate": [
					{ "x": 11.56, "y": 39.31 },
					{ "time": 1.1667, "x": -5.5, "y": -7.13 }
				],
				"scale": [
					{ "x": 0, "y": 0, "curve": "stepped" },
					{ "time": 1.1667, "x": 0, "y": 0 },
					{ "time": 1.7333, "x": 2.3, "y": 2.3 }
				]
			},
			"ZZ": {
				"scale": [
					{ "time": 0.0667 },
					{ "time": 0.4333, "x": 0, "y": 0 }
				]
			},
			"ZZ2": {
				"scale": [
					{ "time": 0.2, "x": 1.2, "y": 1.2 },
					{ "time": 0.6, "x": 0, "y": 0 }
				]
			},
			"ZZ3": {
				"scale": [
					{ "time": 0.2, "x": 1.2, "y": 1.2 },
					{ "time": 0.6, "x": 0, "y": 0 }
				]
			},
			"ZZ4": {
				"scale": [
					{ "time": 0.0667 },
					{ "time": 0.4333, "x": 0, "y": 0 }
				]
			}
		},
		"deform": {
			"default": {
				"root": {
					"root": [
						{
							"offset": 1,
							"vertices": [ -76.33481, 0, -76.33481, 0, -76.33481, 0, -76.33481 ]
						},
						{
							"time": 0.8667,
							"offset": 1,
							"vertices": [ -14.67973, 0, -14.67973, 0, -14.67973, 0, -14.67973 ]
						}
					]
				}
			}
		}
	}
}
}