{"skeleton":{"hash":"L1y3xX1Q05k","spine":"3.8-from-4.0-from-4.1.17","images":"../images/","audio":"E:/游戏项目/蛋壳特工队/spine"},"bones":[{"name":"root"},{"name":"bone7","parent":"root","color":"fb1212ff"},{"name":"bone","parent":"bone7","x":40.98},{"name":"bone2","parent":"bone7","x":32.06,"y":-31.14,"scaleX":0.8,"scaleY":0.8},{"name":"bone3","parent":"bone7"},{"name":"bone4","parent":"bone7","rotation":-48.86,"x":-33.33,"y":-31.14,"scaleX":0.8,"scaleY":0.8},{"name":"bone5","parent":"bone7","rotation":-48.86,"x":4.5,"y":14.18,"scaleX":0.8,"scaleY":0.8},{"name":"bone8","parent":"bone7","color":"ffffffff"},{"name":"bone26","parent":"root","color":"1aff00ff"},{"name":"bone25","parent":"bone26"},{"name":"bone27","parent":"bone26"},{"name":"bone28","parent":"bone26"},{"name":"bone29","parent":"bone26"},{"name":"bone30","parent":"bone26","color":"1aff00ff"},{"name":"bone9","parent":"bone7","rotation":-91.38,"x":74.26,"y":47.7,"scaleX":0.8,"scaleY":0.8},{"name":"bone10","parent":"bone7","rotation":-48.86,"x":45.27,"y":14.18,"scaleX":0.6,"scaleY":0.6},{"name":"bone11","parent":"bone7","rotation":-105.36,"x":-48.56,"y":39.09},{"name":"bone12","parent":"bone7","rotation":-48.86,"x":45.27,"y":-19.84,"scaleX":0.2,"scaleY":0.2}],"slots":[{"name":"幸运列车 拷贝","bone":"root"},{"name":"w2","bone":"bone8"},{"name":"qq","bone":"bone3"},{"name":"aa2","bone":"bone"},{"name":"aa1","bone":"bone2"},{"name":"aa3","bone":"bone4"},{"name":"aa4","bone":"bone5"},{"name":"aa7","bone":"bone10"},{"name":"aa9","bone":"bone12"},{"name":"aa8","bone":"bone11"},{"name":"aa6","bone":"bone9"},{"name":"xz","bone":"bone29"},{"name":"10 leidian","bone":"bone28"},{"name":"Soft","bone":"bone25","color":"ffffff86"},{"name":"Star_005","bone":"bone27","blend":"additive"},{"name":"ddf","bone":"bone30"}],"skins":[{"name":"default","attachments":{"aa1":{"aa1":{"width":39,"height":40}},"aa2":{"aa2":{"width":23,"height":23}},"aa3":{"aa1":{"width":39,"height":40}},"aa4":{"aa1":{"width":39,"height":40}},"aa6":{"aa1":{"width":39,"height":40}},"aa7":{"aa1":{"width":39,"height":40}},"aa8":{"aa1":{"width":39,"height":40}},"aa9":{"aa1":{"width":39,"height":40}},"ddf":{"ddf":{"width":230,"height":230}},"qq":{"qq":{"width":110,"height":110}},"Soft":{"Soft":{"width":132,"height":132}},"Star_005":{"Star_005":{"x":0.5,"y":0.5,"width":177,"height":177}},"w2":{"w2":{"width":94,"height":94}},"xz":{"xz":{"width":92,"height":92}}}}],"animations":{"1":{"slots":{"aa1":{"attachment":[{"time":0.1333,"name":"aa1"}]},"aa3":{"attachment":[{"time":0.2333,"name":"aa1"}]},"aa4":{"attachment":[{"time":0.3,"name":"aa1"}]},"aa6":{"attachment":[{"time":0.3,"name":"aa1"}]},"aa7":{"attachment":[{"time":0.3,"name":"aa1"}]},"aa8":{"attachment":[{"time":0.3,"name":"aa1"}]},"aa9":{"attachment":[{"time":0.3,"name":"aa1"}]},"qq":{"color":[{"color":"ffffff00"},{"time":0.1,"color":"ffffffff"},{"time":0.7,"color":"ffffffd7"},{"time":0.7667,"color":"ffffff00"}],"attachment":[{"name":"qq"}]},"w2":{"color":[{"time":0.0667,"color":"ffffffff"},{"time":0.8667,"color":"ffffffc8"},{"time":0.9667,"color":"ffffff00"}],"attachment":[{"time":0.0667,"name":"w2"}]}},"bones":{"bone":{"rotate":[{},{"time":0.3333,"angle":90}],"scale":[{"x":0,"y":0},{"time":0.3333,"x":1.8,"y":1.8},{"time":0.6667,"x":0,"y":0}]},"bone2":{"rotate":[{"time":0.1333},{"time":0.4667,"angle":90}],"scale":[{"time":0.1333,"x":0,"y":0},{"time":0.4667,"x":1.8,"y":1.8},{"time":0.8,"x":0,"y":0}]},"bone4":{"rotate":[{"time":0.2333},{"time":0.5667,"angle":90}],"scale":[{"time":0.2333,"x":0,"y":0},{"time":0.5667,"x":1.25,"y":1.25},{"time":0.9,"x":0,"y":0}]},"bone5":{"rotate":[{"time":0.3},{"time":0.6333,"angle":-29.06}],"translate":[{"time":0.3,"x":-26.65}],"scale":[{"time":0.3,"x":0,"y":0},{"time":0.6333,"x":1.8,"y":1.8},{"time":0.9667,"x":0,"y":0}]},"bone9":{"rotate":[{"time":0.3},{"time":0.6333,"angle":-29.06}],"translate":[{"time":0.3,"x":-26.65}],"scale":[{"time":0.3,"x":0,"y":0},{"time":0.6333,"x":1.8,"y":1.8},{"time":0.9667,"x":0,"y":0}]},"bone10":{"rotate":[{"time":0.3},{"time":0.6333,"angle":-29.06}],"translate":[{"time":0.3,"x":-26.65}],"scale":[{"time":0.3,"x":0,"y":0},{"time":0.6333,"x":1.8,"y":1.8},{"time":0.9667,"x":0,"y":0}]},"bone11":{"rotate":[{"time":0.3},{"time":0.6333,"angle":-29.06}],"translate":[{"time":0.3,"x":-26.65}],"scale":[{"time":0.3,"x":0,"y":0},{"time":0.6333,"x":1.8,"y":1.8},{"time":0.9667,"x":0,"y":0}]},"bone12":{"rotate":[{"time":0.3},{"time":0.6333,"angle":-29.06}],"translate":[{"time":0.3,"x":-26.65}],"scale":[{"time":0.3,"x":0,"y":0},{"time":0.6333,"x":1.8,"y":1.8},{"time":0.9667,"x":0,"y":0}]}}},"2":{"slots":{"ddf":{"color":[{"color":"ffffff00","curve":"stepped"},{"time":0.0667,"color":"ffffff00"},{"time":0.1667,"color":"ffffffff","curve":"stepped"},{"time":0.4,"color":"ffffffff"},{"time":0.5,"color":"ffffff82"}],"attachment":[{"name":"ddf"},{"time":0.4,"name":null}]},"Soft":{"color":[{"color":"ffffff00"},{"time":0.1333,"color":"ffffff62"},{"time":0.5,"color":"ffffff00"}],"attachment":[{"name":"Soft"}]},"Star_005":{"color":[{"color":"ffffff00"},{"time":0.1333,"color":"ffffffff"}],"attachment":[{"name":"Star_005"}]},"xz":{"color":[{"color":"ffffff00"},{"time":0.1333,"color":"ffffffff"}]}},"bones":{"bone":{"scale":[{"x":0,"y":0}]},"bone27":{"scale":[{},{"time":0.1,"x":1.6,"y":1.6},{"time":0.2333,"x":0.8,"y":0.8},{"time":0.3333,"x":0,"y":0}]},"bone29":{"scale":[{},{"time":0.1667,"x":1.3,"y":1.3},{"time":0.3333}]},"bone28":{"scale":[{},{"time":0.1667,"x":1.3,"y":1.3},{"time":0.3333}]},"bone30":{"scale":[{},{"time":0.2,"x":1.2,"y":1.2,"curve":"stepped"},{"time":0.2667,"x":1.2,"y":1.2},{"time":0.5,"x":0,"y":0}]}}},"3":{"slots":{"aa1":{"attachment":[{"name":"aa1"}]},"aa6":{"attachment":[{"time":0.1333,"name":"aa1"}]},"aa9":{"attachment":[{"time":0.1667,"name":"aa1"}]},"qq":{"color":[{"color":"ffffff00"}]}},"bones":{"bone":{"rotate":[{},{"time":0.3333,"angle":90}],"scale":[{"x":0,"y":0},{"time":0.3333,"x":1.8,"y":1.8}]},"bone2":{"rotate":[{},{"time":0.2333,"angle":90}],"scale":[{"x":0.375,"y":0.375},{"time":0.2333,"x":1.25,"y":1.25},{"time":0.4667,"x":0,"y":0}]},"bone9":{"rotate":[{"time":0.1333},{"time":0.3667,"angle":-29.06}],"translate":[{"time":0.1333,"x":-56.54,"y":-34.71}],"scale":[{"time":0.1333,"x":0.375,"y":0.375},{"time":0.3667,"x":1.25,"y":1.25},{"time":0.5333,"x":0,"y":0}]},"bone12":{"rotate":[{"time":0.1667},{"time":0.3333,"angle":-29.06}],"translate":[{"time":0.1667,"x":-77.82,"y":42.61}],"scale":[{"time":0.1667,"x":0,"y":0},{"time":0.3333,"x":2.5,"y":2.5},{"time":0.5333,"x":0,"y":0}]}}}}}