{
"skeleton": {
	"hash": "R7tDQfQ+mUE",
	"spine": "3.8-from-4.0-from-4.1.17",
	"x": -88.3,
	"y": -50.75,
	"width": 174.11,
	"height": 106.6,
	"images": "./images/",
	"audio": "E:/游戏项目/象棋/spine/红包"
},
"bones": [
	{ "name": "root" },
	{ "name": "bone", "parent": "root", "y": 4.11 },
	{ "name": "bone2", "parent": "bone", "x": -0.21, "y": -8.67 },
	{ "name": "bone3", "parent": "bone", "length": 32.89, "rotation": 32.76, "x": 14.81, "y": -14.73 },
	{ "name": "bone4", "parent": "bone", "length": 29.06, "rotation": 126.73, "x": -21.19, "y": -14.47 },
	{ "name": "bone5", "parent": "root", "x": 15.34, "y": -66.76 }
],
"slots": [
	{ "name": "g1", "bone": "bone4", "attachment": "g1" },
	{ "name": "g3", "bone": "bone3", "attachment": "g3" },
	{ "name": "g2", "bone": "bone2", "attachment": "g2" },
	{ "name": "cz", "bone": "bone4", "attachment": "cz" },
	{ "name": "cy", "bone": "bone3", "attachment": "cy" },
	{ "name": "hb", "bone": "bone", "attachment": "hb" }
],
"skins": [
	{
		"name": "default",
		"attachments": {
			"cy": {
				"cy": { "x": 24.4, "y": -1.33, "rotation": -15.54, "width": 50, "height": 46 }
			},
			"cz": {
				"cz": { "x": 18.68, "y": 3.06, "rotation": -154.24, "width": 50, "height": 46 }
			},
			"g1": {
				"g1": { "x": 18.23, "y": 2.84, "rotation": -154.24, "width": 81, "height": 78 }
			},
			"g2": {
				"g2": { "x": -2.13, "y": 4.45, "width": 99, "height": 91 }
			},
			"g3": {
				"g3": { "x": 23.92, "y": -1.19, "rotation": -15.54, "width": 81, "height": 78 }
			},
			"hb": {
				"hb": { "x": -2.34, "y": -4.91, "width": 83, "height": 74 }
			}
		}
	}
],
"animations": {
	"animation": {
		"bones": {
			"bone3": {
				"rotate": [
					{},
					{ "time": 0.3333, "angle": -43.08 },
					{ "time": 0.6667 }
				]
			},
			"bone": {
				"translate": [
					{},
					{ "time": 0.3333, "y": 8.25 },
					{ "time": 0.6667 }
				]
			},
			"bone4": {
				"rotate": [
					{},
					{ "time": 0.3333, "angle": 45.24 },
					{ "time": 0.6667 }
				]
			}
		}
	}
}
}