{"skeleton":{"hash":"yQ8fLDe9Zwo","spine":"3.8-from-4.0-from-4.1.17","x":-135,"y":-131,"width":270,"height":264,"images":"","audio":""},"bones":[{"name":"root"},{"name":"bone","parent":"root"},{"name":"bone2","parent":"bone"},{"name":"bone3","parent":"bone","scaleX":2,"scaleY":2},{"name":"bone4","parent":"bone","scaleX":2,"scaleY":2},{"name":"bone5","parent":"bone"},{"name":"bone6","parent":"bone"},{"name":"bone7","parent":"bone"}],"slots":[{"name":"图层 21","bone":"bone"},{"name":"qq","bone":"bone3","attachment":"qq"},{"name":"qq2","bone":"bone4","attachment":"qq"},{"name":"dddd","bone":"bone6","attachment":"dddd"},{"name":"dddd2","bone":"bone7","attachment":"dddd"},{"name":"boss","bone":"bone2","attachment":"boss"},{"name":"ddd","bone":"bone5","color":"ffffffaf","attachment":"ddd"}],"skins":[{"name":"default","attachments":{"boss":{"boss":{"width":270,"height":195}},"ddd":{"ddd":{"width":186,"height":186}},"dddd":{"dddd":{"width":192,"height":192}},"dddd2":{"dddd":{"width":192,"height":192}},"qq":{"qq":{"x":0.5,"y":0.5,"width":132,"height":132}},"qq2":{"qq":{"x":0.5,"y":0.5,"width":132,"height":132}}}}],"animations":{"aa":{"slots":{"boss":{"color":[{"color":"ffffff00"},{"time":0.3,"color":"ffffffff"},{"time":0.4333,"color":"ffffffd0"},{"time":0.6333,"color":"ffffffff","curve":"stepped"},{"time":0.8667,"color":"ffffffff"},{"time":1.1333,"color":"ffffff00"}]},"ddd":{"color":[{"color":"ffffff00"},{"time":0.3333,"color":"ffffffaf"},{"time":0.5,"color":"ffffff00"},{"time":0.7667,"color":"ffffffc8"},{"time":1,"color":"ffffffcc"},{"time":1.1333,"color":"ffffff00"}]},"dddd":{"color":[{"color":"ffffff00","curve":"stepped"},{"time":0.5667,"color":"ffffff00"},{"time":0.8333,"color":"ffffff44"},{"time":0.9,"color":"ffffffff"},{"time":1.0333,"color":"ffffffa5"},{"time":1.1333,"color":"ffffff00"}]},"dddd2":{"color":[{"color":"ffffff00","curve":"stepped"},{"time":0.5667,"color":"ffffff00"},{"time":0.8667,"color":"ffffffff"},{"time":1.0333,"color":"ffffffd8"},{"time":1.1333,"color":"ffffff00"}]},"qq":{"color":[{"color":"ffffffff"},{"time":0.5667,"color":"ffffffe1"},{"time":0.6667,"color":"ffffff00"}]},"qq2":{"color":[{"time":0.2,"color":"ffffffff"},{"time":0.7667,"color":"ffffffe1"},{"time":0.8667,"color":"ffffff00"}]}},"bones":{"bone3":{"scale":[{"x":0,"y":0},{"time":0.6667,"x":1.2,"y":1.2}]},"bone2":{"scale":[{"x":0,"y":0},{"time":0.3,"x":0.8,"y":0.8},{"time":0.6333,"x":0.6,"y":0.6},{"time":0.8667,"x":0.8,"y":0.8}]},"bone4":{"scale":[{"x":0,"y":0,"curve":"stepped"},{"time":0.2,"x":0,"y":0},{"time":0.8667,"x":1.2,"y":1.2}]},"bone5":{"scale":[{"time":1},{"time":1.1333,"x":2,"y":2}]},"bone6":{"scale":[{},{"time":0.9,"x":2.1,"y":2.1},{"time":1.1333,"x":2.2,"y":2.2}]},"bone7":{"scale":[{"time":0.8667},{"time":1.1333,"x":2.2,"y":2.2}]}}}}}