{"skeleton":{"hash":"FZunVvdStQ8","spine":"3.8-from-4.0-from-4.1.17","x":-361,"y":-653.8,"width":722,"height":942,"images":"./images/","audio":"E:/游戏项目/蛋壳特工队/spine/失败界面"},"bones":[{"name":"root"},{"name":"bone","parent":"root","x":7.6,"y":14.7},{"name":"bone2","parent":"root","x":5.35,"y":7.67},{"name":"bone3","parent":"root","x":-77.97,"y":-38.8},{"name":"bone4","parent":"root","x":75.72,"y":-36.06},{"name":"bone5","parent":"bone4","x":1.83,"y":64.04},{"name":"bone6","parent":"root","x":8.78,"y":4.34},{"name":"bone7","parent":"root","x":13.81,"y":-160.71},{"name":"bone9","parent":"root","x":12.16,"y":78.94},{"name":"bone8","parent":"bone9","x":-323.11,"y":-74.37},{"name":"bone10","parent":"bone9","x":-182.63,"y":-67.76},{"name":"bone11","parent":"bone9","x":172.71,"y":-65.28},{"name":"bone12","parent":"bone9","x":299.14,"y":-71.89},{"name":"bone13","parent":"root","scaleX":2,"scaleY":2},{"name":"bone14","parent":"root","x":163.38,"y":31.01},{"name":"bone15","parent":"root","x":20.42,"y":-307.8},{"name":"bone16","parent":"root","rotation":70.24,"x":105.77,"y":31.01},{"name":"bone17","parent":"root","rotation":-57.66,"x":260.6,"y":-26.6},{"name":"bone18","parent":"root","x":234.5,"y":-5.9},{"name":"bone19","parent":"root","x":234.5,"y":30.85},{"name":"bone20","parent":"root","x":234.5,"y":17.7},{"name":"bone21","parent":"root","x":234.5,"y":-14.15},{"name":"bone22","parent":"root","rotation":-78.95,"x":234.5,"y":38.85},{"name":"bone23","parent":"root","rotation":-78.95,"x":-79.74,"y":-12.81},{"name":"bone24","parent":"root","x":-82.97,"y":13.46},{"name":"bone25","parent":"root","rotation":-35.18,"x":-86.19,"y":53.25},{"name":"bone26","parent":"root","x":-120.63,"y":9.33}],"slots":[{"name":"bg","bone":"bone7"},{"name":"g","bone":"bone13","attachment":"g","blend":"additive"},{"name":"wk","bone":"bone2","attachment":"wk"},{"name":"zz","bone":"bone","attachment":"zz"},{"name":"2l","bone":"bone6","attachment":"2l","blend":"additive"},{"name":"L","bone":"bone8","attachment":"L"},{"name":"o","bone":"bone10","attachment":"o"},{"name":"s","bone":"bone11","attachment":"s"},{"name":"e","bone":"bone12","attachment":"e"},{"name":"组 93","bone":"bone3","attachment":"组 93"},{"name":"组 94","bone":"bone4","attachment":"组 94"},{"name":"组 95","bone":"bone5","attachment":"组 95"},{"name":"sj","bone":"bone14"},{"name":"sj2","bone":"bone16"},{"name":"sj3","bone":"bone17"},{"name":"sj4","bone":"bone18"},{"name":"sj7","bone":"bone21"},{"name":"sj10","bone":"bone24"},{"name":"sj8","bone":"bone22"},{"name":"sj9","bone":"bone23"},{"name":"sj6","bone":"bone20"},{"name":"sj11","bone":"bone25"},{"name":"sj5","bone":"bone19"},{"name":"sj12","bone":"bone26"},{"name":"组 79","bone":"bone15"}],"skins":[{"name":"default","attachments":{"2l":{"2l":{"x":-8.78,"y":3.26,"width":722,"height":133}},"e":{"e":{"x":-2.07,"y":3.05,"width":102,"height":100}},"g":{"g":{"y":-91.4,"width":360,"height":471}},"L":{"L":{"x":8.17,"y":5.53,"width":100,"height":100}},"o":{"o":{"x":-5.81,"y":-1.08,"width":117,"height":100}},"s":{"s":{"x":-4.14,"y":-3.56,"width":113,"height":100}},"sj":{"sj":{"x":-2.02,"y":1.09,"width":25,"height":24}},"sj2":{"sj":{"x":-2.02,"y":1.09,"width":25,"height":24}},"sj3":{"sj":{"x":-2.02,"y":1.09,"width":25,"height":24}},"sj4":{"sj":{"x":-2.02,"y":1.09,"width":25,"height":24}},"sj5":{"sj":{"x":-2.02,"y":1.09,"width":25,"height":24}},"sj6":{"sj":{"x":-2.02,"y":1.09,"width":25,"height":24}},"sj7":{"sj":{"x":-2.02,"y":1.09,"width":25,"height":24}},"sj8":{"sj":{"x":-2.02,"y":1.09,"width":25,"height":24}},"sj9":{"sj":{"x":-2.02,"y":1.09,"width":25,"height":24}},"sj10":{"sj":{"x":-2.02,"y":1.09,"width":25,"height":24}},"sj11":{"sj":{"x":-2.02,"y":1.09,"width":25,"height":24}},"sj12":{"sj":{"x":-2.02,"y":1.09,"width":25,"height":24}},"wk":{"wk":{"x":-5.35,"y":6.43,"width":722,"height":250}},"zz":{"zz":{"rotation":148.95,"width":260,"height":260}},"组 93":{"组 93":{"x":10.31,"y":43.4,"width":142,"height":119}},"组 94":{"组 94":{"x":-2.87,"y":21.65,"width":147,"height":79}},"组 95":{"组 95":{"x":3.8,"y":7.62,"width":146,"height":51}}}}],"animations":{"a":{"slots":{"g":{"color":[{"color":"ffffff00"},{"time":0.3333,"color":"ffffffff"}]},"sj":{"attachment":[{"name":"sj"}]},"sj2":{"attachment":[{"name":"sj"}]},"sj3":{"attachment":[{"name":"sj"}]},"sj4":{"attachment":[{"name":"sj"}]},"sj5":{"attachment":[{"name":"sj"}]},"sj6":{"attachment":[{"name":"sj"}]},"sj7":{"attachment":[{"name":"sj"}]},"sj8":{"attachment":[{"name":"sj"}]},"sj9":{"attachment":[{"name":"sj"}]},"sj10":{"attachment":[{"name":"sj"}]},"sj11":{"attachment":[{"name":"sj"}]},"sj12":{"attachment":[{"name":"sj"}]},"wk":{"color":[{"color":"ffffff00"},{"time":0.3333,"color":"ffffffff"}]},"zz":{"color":[{"color":"ffffff00"},{"time":0.3333,"color":"ffffffff"}]},"组 93":{"color":[{"color":"ffffff00"},{"time":0.2667,"color":"ffffffff"}]},"组 94":{"color":[{"color":"ffffff00","curve":"stepped"},{"time":0.2667,"color":"ffffff00"},{"time":0.4,"color":"ffffffff"}]},"组 95":{"color":[{"color":"ffffff00","curve":"stepped"},{"time":0.2667,"color":"ffffff00"},{"time":0.4,"color":"ffffffff"}]}},"bones":{"bone3":{"rotate":[{"time":0.8667},{"time":1.1,"angle":16.38}],"translate":[{"y":262.78},{"time":0.2667},{"time":0.4,"y":25.62},{"time":0.5333}]},"bone4":{"rotate":[{"time":0.8667},{"time":1.1,"angle":-22.26}],"translate":[{"time":0.2667,"y":262.78},{"time":0.5667},{"time":0.7,"y":25.62},{"time":0.8333}]},"bone5":{"translate":[{"time":0.8},{"time":1.1,"x":12,"y":6}]},"bone8":{"translate":[{"x":326.41,"curve":"stepped"},{"time":0.1,"x":326.41},{"time":0.3333,"curve":"stepped"},{"time":1},{"time":1.2667,"y":37.19},{"time":1.5333}],"scale":[{"x":0,"y":0,"curve":"stepped"},{"time":0.1,"x":0,"y":0},{"time":0.3333}]},"bone10":{"translate":[{"time":0.1667,"x":326.41},{"time":0.5,"curve":"stepped"},{"time":1.2333},{"time":1.5,"y":37.19},{"time":1.7667}],"scale":[{"x":0,"y":0,"curve":"stepped"},{"time":0.1667,"x":0,"y":0},{"time":0.5}]},"bone11":{"translate":[{"x":-185.1,"curve":"stepped"},{"time":0.4667,"x":-185.1},{"time":0.5667,"curve":"stepped"},{"time":1.5667},{"time":1.8333,"y":37.19},{"time":2}],"scale":[{"x":0,"y":0,"curve":"stepped"},{"time":0.4667,"x":0,"y":0},{"time":0.5667}]},"bone12":{"translate":[{"x":-284.27},{"time":0.3333,"x":-280.96},{"time":0.7667,"curve":"stepped"},{"time":1.8333},{"time":2,"y":37.19},{"time":2.2667}],"scale":[{"x":0,"y":0,"curve":"stepped"},{"time":0.3333,"x":0,"y":0},{"time":0.7667}]},"bone6":{"scale":[{"x":0,"y":0},{"time":0.3333}]},"bone14":{"translate":[{"x":-234.97,"curve":"stepped"},{"time":0.2,"x":-234.97},{"time":0.4,"x":-285.43,"y":93.92},{"time":0.5,"x":-291.74,"y":105.66},{"time":0.7,"x":-282.74,"y":92.15},{"time":1.5333,"x":-284.54,"y":90.35}],"scale":[{"x":0,"y":0,"curve":"stepped"},{"time":0.2,"x":0,"y":0},{"time":0.2667,"curve":"stepped"},{"time":0.5},{"time":0.7,"x":0,"y":0}]},"bone16":{"translate":[{"x":-234.97},{"time":0.2,"x":-209.76,"y":27.91},{"time":0.4667,"x":-285.43,"y":93.92},{"time":0.5667,"x":-291.74,"y":105.66},{"time":0.7667,"x":-282.74,"y":92.15},{"time":1.5333,"x":-284.54,"y":90.35}],"scale":[{"x":0,"y":0,"curve":"stepped"},{"time":0.2,"x":0,"y":0},{"time":0.3333,"curve":"stepped"},{"time":0.5667},{"time":0.7667,"x":0,"y":0}]},"bone17":{"translate":[{"x":-234.97},{"time":0.5,"x":-209.76,"y":27.91},{"time":0.7333,"x":-97.87,"y":91.52},{"time":0.8667,"x":-73,"y":105.66},{"time":1.0667,"x":-109.01,"y":105.66}],"scale":[{"x":0,"y":0,"curve":"stepped"},{"time":0.5,"x":0,"y":0},{"time":0.6333,"curve":"stepped"},{"time":0.8667},{"time":1.0667,"x":0,"y":0}]},"bone18":{"translate":[{"x":-234.97},{"time":0.4333,"x":-209.76,"y":27.91},{"time":0.6667,"x":-97.87,"y":91.52},{"time":0.8,"x":-73,"y":105.66},{"time":1,"x":-109.01,"y":105.66}],"scale":[{"x":0,"y":0,"curve":"stepped"},{"time":0.4333,"x":0,"y":0},{"time":0.5667,"curve":"stepped"},{"time":0.8},{"time":1,"x":0,"y":0}]},"bone19":{"translate":[{"x":-234.97}],"scale":[{"x":0,"y":0}]},"bone20":{"translate":[{"x":-234.97}],"scale":[{"x":0,"y":0}]},"bone21":{"translate":[{"x":-234.97}],"scale":[{"x":0,"y":0}]},"bone22":{"translate":[{"x":-234.97}],"scale":[{"x":0,"y":0}]},"bone23":{"translate":[{"x":-234.97}],"scale":[{"x":0,"y":0}]},"bone24":{"translate":[{"x":-234.97}],"scale":[{"x":0,"y":0}]},"bone25":{"translate":[{"x":-234.97}],"scale":[{"x":0,"y":0}]},"bone26":{"translate":[{"x":-234.97}],"scale":[{"x":0,"y":0}]}}},"b":{"slots":{"2l":{"color":[{"color":"ffffffff"},{"time":0.8667,"color":"85f9ffff"},{"time":1.6667,"color":"ffffffff"}]},"sj4":{"color":[{"color":"ffffff00"},{"time":0.0667,"color":"ffffffff"},{"time":1.3667,"color":"ffffff00"}],"attachment":[{"name":"sj"}]},"sj5":{"color":[{"color":"ffffff00"},{"time":0.0667,"color":"ffffffff"},{"time":0.8333,"color":"ffffff00"}],"attachment":[{"name":"sj"}]},"sj6":{"color":[{"color":"ffffff00","curve":"stepped"},{"time":0.2333,"color":"ffffff00"},{"time":0.3,"color":"ffffffff"},{"time":1.6667,"color":"ffffff00"}],"attachment":[{"name":"sj"}]},"sj7":{"color":[{"color":"ffffff00","curve":"stepped"},{"time":0.4667,"color":"ffffff00"},{"time":0.5,"color":"ffffffff"},{"time":1.6333,"color":"ffffff00"}],"attachment":[{"name":"sj"}]},"sj8":{"color":[{"color":"ffffff00","curve":"stepped"},{"time":0.4333,"color":"ffffff00"},{"time":0.5,"color":"ffffffff"},{"time":1.5,"color":"ffffffc5"},{"time":1.6333,"color":"ffffff00"}],"attachment":[{"name":"sj"}]},"sj9":{"color":[{"color":"ffffff00","curve":"stepped"},{"time":0.4333,"color":"ffffff00"},{"time":0.5,"color":"ffffffff"},{"time":1.5,"color":"ffffffc5"},{"time":1.6333,"color":"ffffff00"}],"attachment":[{"name":"sj"}]},"sj10":{"color":[{"color":"ffffff00","curve":"stepped"},{"time":0.4667,"color":"ffffff00"},{"time":0.5,"color":"ffffffff"},{"time":1.6333,"color":"ffffff00"}],"attachment":[{"name":"sj"}]},"sj11":{"color":[{"color":"ffffff00"},{"time":0.0667,"color":"ffffffff"},{"time":1.4667,"color":"ffffff00"}],"attachment":[{"name":"sj"}]},"sj12":{"color":[{"color":"ffffff00"},{"time":0.0667,"color":"ffffffff"},{"time":1.0667,"color":"ffffff00"}],"attachment":[{"name":"sj"}]}},"bones":{"bone":{"rotate":[{},{"time":0.3333,"angle":72},{"time":0.6667,"angle":144},{"time":1,"angle":216},{"time":1.3333,"angle":288},{"time":1.6667,"angle":360}]},"bone8":{"translate":[{"time":0.0667},{"time":0.3333,"y":37.19},{"time":0.6}]},"bone10":{"translate":[{"time":0.3},{"time":0.5667,"y":37.19},{"time":0.8333}]},"bone11":{"translate":[{"time":0.6333},{"time":0.9,"y":37.19},{"time":1.0667}]},"bone12":{"translate":[{"time":0.9},{"time":1.0667,"y":37.19},{"time":1.3333}]},"bone3":{"rotate":[{"angle":16.38}],"translate":[{},{"time":0.8,"y":16.14},{"time":1.6667}]},"bone4":{"rotate":[{"angle":-22.26}],"translate":[{},{"time":1.1333,"y":15.65},{"time":1.6667}]},"bone5":{"translate":[{"x":12,"y":6}]},"bone18":{"rotate":[{},{"time":1.3667,"angle":-149.93}],"translate":[{"x":-87.83,"curve":"stepped"},{"time":0.0667,"x":-87.83},{"time":0.8333,"x":94.9},{"time":1.3667,"x":142.5}]},"bone19":{"rotate":[{},{"time":0.8333,"angle":-149.93}],"translate":[{"x":-87.83,"curve":"stepped"},{"time":0.0667,"x":-87.83},{"time":0.8333,"x":56.46}]},"bone20":{"rotate":[{},{"time":1.6667,"angle":-149.93}],"translate":[{"x":-87.83,"curve":"stepped"},{"time":0.2333,"x":-87.83},{"time":1.6667,"x":142.5}]},"bone21":{"rotate":[{},{"time":1.6333,"angle":-149.93}],"translate":[{"x":-87.83,"curve":"stepped"},{"time":0.5,"x":-87.83},{"time":1.6333,"x":45.7}]},"bone22":{"rotate":[{},{"time":1.6333,"angle":-149.93}],"translate":[{"x":-87.83,"curve":"stepped"},{"time":0.4333,"x":-87.83},{"time":1.6333,"x":-20.81}]},"bone23":{"rotate":[{},{"time":1.6333,"angle":-149.93}],"translate":[{"x":-87.83,"curve":"stepped"},{"time":0.4333,"x":-87.83},{"time":1.6333,"x":-153.17,"y":8.61}]},"bone24":{"rotate":[{},{"time":1.6333,"angle":-149.93}],"translate":[{"x":-87.83,"curve":"stepped"},{"time":0.5,"x":-87.83},{"time":1.6333,"x":-192.12}]},"bone25":{"rotate":[{},{"time":1.4667,"angle":-149.93}],"translate":[{"x":-87.83,"curve":"stepped"},{"time":0.0667,"x":-87.83},{"time":1.4667,"x":-219.08}]},"bone26":{"rotate":[{},{"time":1.0667,"angle":-149.93}],"translate":[{"x":-87.83,"curve":"stepped"},{"time":0.0667,"x":-87.83},{"time":1.0667,"x":-208.27}]}}}}}