{
"skeleton": {
	"hash": "7Js9miffnew",
	"spine": "3.8-from-4.0-from-4.1.17",
	"x": -157.14,
	"y": -230.99,
	"width": 351.7,
	"height": 519.87,
	"images": "./images/",
	"audio": "E:/游戏项目/蛋壳特工队/动作/主角"
},
"bones": [
	{ "name": "root", "y": -44.99 },
	{ "name": "bone", "parent": "root", "x": 3.37, "y": 19.42 },
	{ "name": "bone2", "parent": "bone", "length": 194.47, "rotation": 89.26, "x": -7.04, "y": 16.59 },
	{ "name": "bone3", "parent": "bone2", "length": 32.3, "rotation": 87.17, "x": 192.55, "y": 70 },
	{ "name": "bone4", "parent": "bone3", "length": 22.31, "rotation": 65.28, "x": 33.56, "y": 4.12 },
	{ "name": "bone5", "parent": "bone4", "length": 18.88, "rotation": 37.51, "x": 24.74, "y": 1.88 },
	{ "name": "bone6", "parent": "bone5", "length": 15.35, "rotation": 13.99, "x": 23.52, "y": 0.27 },
	{ "name": "bone39", "parent": "bone2", "length": 17.49, "rotation": -50.8, "x": 226.98, "y": 6.35 },
	{ "name": "bone7", "parent": "bone39", "length": 29.66, "rotation": -17.56, "x": 21.57, "y": -0.2 },
	{ "name": "bone8", "parent": "bone7", "length": 25.31, "rotation": 37.94, "x": 39.93, "y": 1.47 },
	{ "name": "bone38", "parent": "bone2", "length": 16.22, "rotation": -74.88, "x": 225.39, "y": -57.72 },
	{ "name": "bone9", "parent": "bone38", "length": 43.37, "rotation": -11.72, "x": 21.7, "y": 0.21 },
	{ "name": "bone10", "parent": "bone9", "length": 42.08, "rotation": 29.12, "x": 48.4, "y": -0.23 },
	{ "name": "bone37", "parent": "bone2", "length": 10.94, "rotation": -82.92, "x": 189.77, "y": -107.34 },
	{ "name": "bone11", "parent": "bone37", "length": 30.96, "rotation": -28.31, "x": 17.06, "y": -1.86 },
	{ "name": "bone12", "parent": "bone11", "length": 29.43, "rotation": 28.86, "x": 35.64, "y": 1.89 },
	{ "name": "bone13", "parent": "bone", "length": 85.64, "rotation": -89.66, "x": 1.53, "y": -42.35 },
	{ "name": "bone14", "parent": "bone", "x": -76.55, "y": 24.65 },
	{ "name": "bone19", "parent": "bone2", "rotation": -89.26, "x": -20.26, "y": 44.83 },
	{ "name": "bone23", "parent": "bone2", "x": 53.61, "y": 22.86 },
	{ "name": "bone24", "parent": "bone2", "x": 139.91, "y": -27.41 },
	{ "name": "bone25", "parent": "bone24", "x": -2.29, "y": -58.9 },
	{ "name": "bone41", "parent": "root", "x": 21.32, "y": -109.84 },
	{ "name": "bone26", "parent": "bone41", "length": 61.65, "rotation": -107.94, "x": -72.84, "y": 6.31 },
	{ "name": "bone27", "parent": "bone41", "length": 65.61, "rotation": -63.58, "x": 40.5, "y": 12.86 },
	{ "name": "bone28", "parent": "root", "x": 9.65, "y": -162, "scaleX": 3.3, "scaleY": 3 },
	{ "name": "bone15", "parent": "bone", "x": 2.72, "y": -9.97 },
	{ "name": "bone16", "parent": "bone19", "length": 41.1, "rotation": -115.15, "x": -34.78, "y": -18.44 },
	{ "name": "bone17", "parent": "bone16", "length": 45.52, "rotation": 1.36, "x": 48.09, "y": -2.1 },
	{ "name": "bone18", "parent": "bone17", "length": 41.55, "rotation": 13.58, "x": 50.12, "y": 1.73 },
	{ "name": "bone20", "parent": "bone19", "length": 52.44, "rotation": -94.83, "x": 107.76, "y": -11.61 },
	{ "name": "bone31", "parent": "bone20", "length": 36.03, "rotation": 15.21, "x": 30.76, "y": -86.94 },
	{ "name": "bone32", "parent": "bone31", "length": 39.1, "rotation": 3.66, "x": 41.03, "y": -0.41 },
	{ "name": "bone33", "parent": "bone32", "length": 32.84, "rotation": 2.75, "x": 46.24, "y": -0.24 },
	{ "name": "bone29", "parent": "bone20", "length": 42.99, "rotation": 20.32, "x": 20.42, "y": 70.98 },
	{ "name": "bone30", "parent": "bone29", "length": 35.13, "rotation": 7.07, "x": 45.53, "y": -0.19 },
	{ "name": "bone34", "parent": "bone30", "length": 33.94, "rotation": 5.52, "x": 37.63, "y": -0.5 },
	{ "name": "bone35", "parent": "bone19", "x": 17.14, "y": -25.37 },
	{ "name": "bone36", "parent": "bone19", "x": 176.3, "y": -29.49 },
	{ "name": "bone40", "parent": "bone", "x": -68.02, "y": 24.79 },
	{ "name": "bone21", "parent": "bone20", "length": 53.79, "rotation": 40.02, "x": 54.51, "y": 9.88 },
	{ "name": "bone22", "parent": "bone21", "length": 36.44, "rotation": 4.16, "x": 61.92, "y": -0.21 },
	{ "name": "bone42", "parent": "root", "x": 12.34, "y": 85.83, "scaleX": 7, "scaleY": 7 },
	{ "name": "bone43", "parent": "bone42", "x": -0.97, "y": 2.5, "scaleX": 0.8, "scaleY": 0.8 },
	{ "name": "bone44", "parent": "root", "x": 7.31, "y": 67.4, "scaleX": 4.5, "scaleY": 4.5 },
	{ "name": "wuqi", "parent": "root", "rotation": -0.44, "x": 37.17, "y": -1.96, "scaleX": -1 }
],
"slots": [
	{ "name": "椭圆 1", "bone": "bone28", "attachment": "椭圆 1" },
	{ "name": "图层416", "bone": "bone26", "attachment": "图层416" },
	{ "name": "图层416(2)", "bone": "bone27", "attachment": "图层416(2)" },
	{ "name": "body", "bone": "bone", "attachment": "body1" },
	{ "name": "yibai1", "bone": "bone16", "attachment": "yibai11" },
	{ "name": "yibai", "bone": "bone2", "attachment": "yibai2" },
	{ "name": "披风", "bone": "bone19" },
	{ "name": "眼睛1", "bone": "root" },
	{ "name": "眼睛2", "bone": "bone23", "attachment": "眼睛1" },
	{ "name": "yanjing", "bone": "bone24", "attachment": "yanjing1" },
	{ "name": "lingzi", "bone": "bone19", "attachment": "lingzi1" },
	{ "name": "泡泡", "bone": "bone14", "attachment": "泡泡" },
	{ "name": "vv1", "bone": "bone40" },
	{ "name": "liuhai", "bone": "bone3", "attachment": "liuhai1" },
	{ "name": "hd/effect_b02_01", "bone": "bone42" },
	{ "name": "aad", "bone": "bone43", "color": "ffffffa4", "blend": "additive" },
	{ "name": "ddf/buff_0000", "bone": "bone44" },
	{ "name": "4-4", "bone": "wuqi" },
	{ "name": "151", "bone": "bone24", "attachment": "151" },
	{ "name": "g", "bone": "bone25", "attachment": "g" }
],
"skins": [
	{
		"name": "default",
		"attachments": {
			"4-4": {
				"4-4": { "x": 91.78, "y": 0.5, "width": 324, "height": 159 }
			},
			"151": {
				"151": {
					"type": "clipping",
					"end": "151",
					"vertexCount": 36,
					"vertices": [ 32.65, 112.07, 45.37, 98.2, 46.65, -36.27, 44.24, -42.69, 36.72, -49.67, 22.03, -52.92, 10.4, -53.2, -2.69, -51.54, -12.29, -49.02, -20.88, -44.82, -30.16, -39.09, -38.14, -30.59, -44.21, -19.89, -44.48, 1.16, -42.24, 16.2, -34.57, 30.5, -26.4, 39.81, -21.72, 44.08, -21.66, 79.87, -22.88, 82.65, -28.47, 88.11, -36.34, 95.77, -42.63, 104.11, -46.17, 113.27, -46.12, 120.11, -41.65, 130.43, -31.64, 139.38, -21.7, 143.98, -5.46, 149.58, 4.45, 149.63, -6.24, 142.63, -17.25, 135.93, -18.42, 129.63, -14.36, 124.95, -5.2, 125.1, 14.66, 120.97 ],
					"color": "ce3a3aff"
				}
			},
			"aad": {
				"aad": { "x": 0.5, "y": 14.68, "width": 136, "height": 119 }
			},
			"ddf/buff_0000": {
				"ddf/buff_0000": { "x": 0.5, "y": 0.5, "width": 141, "height": 119 },
				"ddf/buff_0001": { "x": 0.5, "y": 0.5, "width": 141, "height": 119 },
				"ddf/buff_0002": { "x": 0.5, "y": 0.5, "width": 141, "height": 139 },
				"ddf/buff_0003": { "x": 0.5, "y": 0.5, "width": 139, "height": 135 },
				"ddf/buff_0004": { "x": 0.5, "y": 0.5, "width": 137, "height": 133 },
				"ddf/buff_0005": { "x": 0.5, "y": 0.5, "width": 131, "height": 131 },
				"ddf/buff_0006": { "x": 0.5, "y": 0.5, "width": 141, "height": 139 }
			},
			"g": {
				"g": { "x": -1.69, "y": 7.57, "rotation": -89.26, "width": 115, "height": 118 }
			},
			"hd/effect_b02_01": {
				"hd/effect_b02_01": { "width": 140, "height": 80 },
				"hd/effect_b02_02": { "width": 140, "height": 80 },
				"hd/effect_b02_03": { "width": 140, "height": 80 },
				"hd/effect_b02_04": { "width": 140, "height": 80 },
				"hd/effect_b02_05": { "width": 140, "height": 80 },
				"hd/effect_b02_06": { "width": 140, "height": 80 },
				"hd/effect_b02_07": { "width": 140, "height": 80 },
				"hd/effect_b02_08": { "width": 140, "height": 80 },
				"hd/effect_b02_09": { "width": 140, "height": 80 }
			},
			"vv1": {
				"vv1": { "x": 0.5, "y": 0.5, "width": 184, "height": 143 },
				"vv2": { "x": 0.5, "y": 0.5, "width": 141, "height": 119 },
				"vv3": { "x": 0.5, "y": 0.5, "width": 117, "height": 109 }
			},
			"图层416": {
				"图层416": { "x": 21.99, "y": -5.33, "rotation": 78.69, "width": 66, "height": 86 }
			},
			"图层416(2)": {
				"图层416(2)": { "x": 28.41, "y": -13.03, "rotation": 86.48, "width": 66, "height": 86 }
			},
			"椭圆 1": {
				"椭圆 1": { "x": 0.5, "width": 83, "height": 16 }
			},
			"泡泡": {
				"泡泡": { "x": -0.26, "y": -1.21, "width": 80, "height": 80 }
			},
			"眼睛2": {
				"眼睛1": { "x": -1.6, "y": 4.09, "rotation": -89.26, "width": 135, "height": 53 },
				"眼睛2": { "x": -1.11, "y": 4.6, "rotation": -89.26, "width": 140, "height": 48 }
			}
		}
	},
	{
		"name": "skin1",
		"attachments": {
			"body": {
				"body1": {
					"name": "body",
					"type": "mesh",
					"path": "body11",
					"uvs": [ 0.27545, 0.08995, 0.35703, 0.08032, 0.43444, 0.06255, 0.47804, 0.04543, 0.51368, 0.03144, 0.57106, 0.00217, 0.59929, 0.00217, 0.62024, 0.02002, 0.63481, 0.05049, 0.63026, 0.07842, 0.65635, 0.07984, 0.68855, 0.08159, 0.73654, 0.07899, 0.78236, 0.07651, 0.82428, 0.07334, 0.86615, 0.07017, 0.89688, 0.06525, 0.92171, 0.06128, 0.93711, 0.07094, 0.94903, 0.07842, 0.93537, 0.11778, 0.92155, 0.14013, 0.90987, 0.15904, 0.88437, 0.18062, 0.85613, 0.19205, 0.87645, 0.20138, 0.89621, 0.21046, 0.92266, 0.21953, 0.95359, 0.23014, 0.98546, 0.23902, 0.99687, 0.25997, 0.96543, 0.29362, 0.92262, 0.32028, 0.87162, 0.3444, 0.86911, 0.40009, 0.86454, 0.54142, 0.86759, 0.75077, 0.85844, 0.90591, 0.85387, 0.94098, 0.79288, 0.99518, 0.66023, 0.99783, 0.07934, 0.99783, 0.02903, 0.98136, 0.00313, 0.94311, 0.00313, 0.36502, 0.00616, 0.25663, 0.0519, 0.18437, 0.15862, 0.10998, 0.20894, 0.08979, 0.09306, 0.35333, 0.31719, 0.30763, 0.63737, 0.36077, 0.4971, 0.33101, 0.20284, 0.32464, 0.59315, 0.11636, 0.53979, 0.14505, 0.47728, 0.18224, 0.83252, 0.11423, 0.70902, 0.14292, 0.57943, 0.16843, 0.55656, 0.10042, 0.45898, 0.13442, 0.30042, 0.17693, 0.17387, 0.19818 ],
					"triangles": [ 62, 0, 1, 62, 1, 61, 62, 61, 56, 62, 63, 47, 46, 47, 63, 47, 48, 62, 0, 62, 48, 59, 55, 54, 59, 52, 56, 59, 56, 55, 58, 59, 54, 51, 59, 58, 52, 59, 51, 52, 36, 37, 53, 42, 43, 52, 37, 42, 42, 37, 41, 38, 39, 37, 37, 40, 41, 39, 40, 37, 50, 62, 56, 53, 63, 50, 50, 63, 62, 50, 56, 52, 63, 45, 46, 53, 45, 63, 53, 49, 45, 44, 45, 49, 52, 35, 36, 35, 52, 51, 43, 44, 49, 53, 50, 52, 53, 43, 49, 52, 42, 53, 30, 31, 28, 30, 28, 29, 32, 26, 27, 31, 32, 27, 31, 27, 28, 33, 26, 32, 33, 24, 25, 33, 25, 26, 51, 24, 33, 34, 51, 33, 35, 51, 34, 57, 14, 15, 18, 16, 17, 20, 18, 19, 20, 16, 18, 20, 15, 16, 20, 21, 15, 21, 57, 15, 22, 57, 21, 23, 57, 22, 24, 57, 23, 13, 14, 57, 58, 57, 24, 58, 11, 12, 54, 10, 58, 58, 10, 11, 58, 12, 13, 57, 58, 13, 51, 58, 24, 8, 4, 7, 4, 9, 60, 3, 4, 60, 5, 6, 7, 7, 4, 5, 9, 54, 60, 4, 8, 9, 61, 3, 60, 55, 60, 54, 9, 10, 54, 61, 2, 3, 1, 2, 61, 55, 61, 60, 56, 61, 55 ],
					"vertices": [ 3, 8, -38.48, 32.9, 0.0045, 2, 256.83, 37.41, 0.0542, 7, -5.2, 42.77, 0.9413, 3, 8, -12.35, 27.68, 0.2337, 9, -25.11, 52.82, 0, 7, 18.14, 29.92, 0.7663, 3, 8, 13.86, 26.46, 0.81804, 9, -5.19, 35.73, 0.11958, 7, 42.77, 20.84, 0.06238, 3, 8, 29.8, 28.84, 0.49119, 9, 8.84, 27.81, 0.48075, 7, 58.68, 18.31, 0.02806, 2, 8, 42.83, 30.79, 0.22399, 9, 20.31, 21.33, 0.77601, 2, 8, 64.91, 36.83, 0.00707, 9, 41.45, 12.52, 0.99293, 1, 9, 46.15, 4.74, 1, 3, 9, 42.59, -5.3, 0.98929, 11, -1.9, 59.54, 0.01021, 10, 31.94, 58.9, 5.0E-4, 3, 9, 32.97, -16.6, 0.89275, 11, 2.13, 45.26, 0.09111, 10, 32.98, 44.1, 0.01614, 3, 9, 21.17, -22.02, 0.60462, 11, 0.07, 32.44, 0.32671, 10, 28.36, 31.96, 0.06867, 3, 9, 24.95, -29.55, 0.41224, 11, 8.43, 31.4, 0.54559, 10, 36.33, 29.24, 0.04217, 3, 9, 29.62, -38.84, 0.17475, 11, 18.75, 30.11, 0.81579, 10, 46.18, 25.88, 0.00946, 4, 9, 38.65, -51.44, 0.09026, 11, 34.24, 30.59, 0.68015, 12, 2.63, 33.81, 0.22498, 10, 61.44, 23.2, 0.00462, 3, 9, 47.26, -63.48, 0.00958, 11, 49.03, 31.05, 0.55063, 12, 15.78, 27.02, 0.43978, 3, 9, 55.5, -74.27, 0.00479, 11, 62.59, 31.88, 0.2938, 12, 28.03, 21.15, 0.70142, 2, 11, 76.12, 32.72, 0.03732, 12, 40.26, 15.3, 0.96268, 2, 11, 86.11, 34.53, 0.01705, 12, 49.86, 12.01, 0.98295, 2, 11, 94.19, 35.99, 6.7E-4, 12, 57.63, 9.36, 0.99933, 3, 11, 98.93, 31.3, 2.9E-4, 12, 59.49, 2.96, 0.99971, 14, 19.19, 91.5, 0, 2, 12, 60.93, -2, 1, 14, 24.04, 89.74, 0, 3, 12, 47.62, -15.14, 0.98912, 14, 26.76, 71.23, 0.00878, 15, 25.7, 65.01, 0.0021, 3, 12, 38.39, -21.58, 0.93871, 14, 26.5, 59.99, 0.04704, 15, 20.04, 55.29, 0.01425, 3, 12, 30.59, -27.02, 0.89607, 14, 26.28, 50.48, 0.0794, 15, 15.26, 47.07, 0.02453, 4, 12, 18.36, -31.17, 0.75996, 14, 22.4, 38.16, 0.1754, 15, 5.91, 38.16, 0.06431, 13, 54.88, 21.11, 3.3E-4, 5, 11, 70.29, -23.38, 0.00118, 12, 7.85, -30.87, 0.50948, 14, 15.94, 29.86, 0.33375, 15, -3.75, 34, 0.14799, 13, 45.26, 16.87, 0.0076, 5, 11, 76.62, -27.99, 5.8E-4, 12, 11.14, -37.98, 0.32486, 14, 23.62, 28.31, 0.29923, 15, 2.23, 28.94, 0.37159, 13, 51.28, 11.86, 0.00375, 3, 12, 14.34, -44.9, 0.14526, 14, 31.09, 26.8, 0.26565, 15, 8.05, 24.01, 0.58909, 3, 12, 19.37, -52.95, 0.08381, 14, 40.56, 26.1, 0.14629, 15, 16, 18.83, 0.7699, 3, 12, 25.26, -62.36, 0.01197, 14, 51.63, 25.28, 0.00675, 15, 25.3, 12.77, 0.98128, 2, 12, 31.82, -71.25, 6.8E-4, 15, 35, 7.47, 0.99932, 1, 15, 37.49, -2.58, 1, 4, 15, 25.57, -16.8, 0.9945, 2, 165.63, -185.97, 0.00165, 1, 181.06, 179.79, 0.00132, 13, 75.05, -33.66, 0.00253, 6, 14, 57.96, -17.07, 0.20843, 15, 10.41, -27.38, 0.73116, 2, 153.13, -172.34, 0.01623, 1, 167.28, 167.47, 0.01009, 16, -208.85, 166.98, 2.5E-4, 13, 59.99, -44.38, 0.03384, 6, 14, 46.9, -33.55, 0.58975, 15, -7.23, -36.47, 0.16802, 2, 141.78, -156.07, 0.06775, 1, 150.85, 156.33, 0.03893, 16, -197.8, 150.49, 0.00199, 13, 42.44, -53.64, 0.13356, 6, 14, 55.78, -57.71, 0.55264, 15, -11.11, -61.92, 0.01146, 2, 116.04, -155.59, 0.14302, 1, 150.05, 130.6, 0.09594, 16, -172.08, 149.54, 0.00895, 13, 38.8, -79.12, 0.188, 5, 14, 78.85, -118.81, 0.33719, 2, 50.73, -154.97, 0.1959, 1, 148.58, 65.3, 0.26603, 16, -106.79, 147.68, 0.07313, 13, 30.12, -143.86, 0.12775, 5, 14, 115.96, -208.14, 0.12223, 2, -45.97, -157.2, 0.0487, 1, 149.56, -31.42, 0.37941, 16, -10.07, 148.09, 0.41452, 13, 20.42, -240.09, 0.03514, 5, 14, 140.05, -275.71, 0.04845, 2, -117.68, -155.18, 0.00116, 1, 146.61, -103.1, 0.24326, 16, 61.6, 144.72, 0.69879, 13, 9.58, -311.01, 0.00833, 5, 14, 144.74, -291.29, 0.04174, 2, -133.9, -153.92, 9.0E-5, 1, 145.14, -119.3, 0.22189, 16, 77.79, 143.16, 0.7301, 13, 6.32, -326.95, 0.00617, 4, 14, 135.9, -321.86, 0.03334, 1, 125.5, -144.34, 0.19049, 16, 102.71, 123.37, 0.77235, 13, -15.96, -349.67, 0.00381, 4, 14, 96.75, -338.98, 0.022, 1, 82.79, -145.56, 0.13447, 16, 103.68, 80.65, 0.84169, 13, -58.55, -346.17, 0.00184, 2, 2, -163.39, 95.12, 0.05784, 16, 102.58, -106.4, 0.94216, 2, 2, -156, 111.42, 0.06843, 16, 94.88, -122.56, 0.93157, 2, 2, -138.43, 119.99, 0.08538, 16, 77.16, -130.8, 0.91462, 3, 2, 128.63, 123.45, 0.84241, 16, -189.92, -129.22, 2.6E-4, 7, -152.9, -2.22, 0.15733, 2, 2, 178.71, 123.12, 0.65826, 7, -121, 36.39, 0.34174, 2, 2, 212.29, 108.83, 0.50196, 7, -88.7, 53.38, 0.49804, 2, 2, 247.1, 74.91, 0.22801, 7, -40.41, 58.92, 0.77199, 2, 2, 256.63, 58.83, 0.141, 7, -21.93, 56.15, 0.859, 3, 2, 134.4, 94.56, 0.83757, 16, -195.15, -100.23, 0, 7, -126.87, -16, 0.16243, 2, 2, 156.45, 22.67, 0.9494, 7, -57.22, -44.35, 0.0506, 6, 14, -20.22, -68.79, 0.23425, 2, 133.24, -80.74, 0.32366, 1, 75.42, 148.77, 0.04325, 16, -190.68, 75.02, 7.2E-4, 13, -33.36, -52.83, 0.34062, 10, -1.82, -94.97, 0.0575, 5, 14, -67.25, -72.94, 0.04234, 2, 146.4, -35.4, 0.68549, 1, 30.25, 162.51, 0.00863, 13, -76.74, -34.18, 0.16348, 10, -42.16, -70.43, 0.10006, 2, 2, 148.12, 59.39, 0.85032, 7, -90.94, -27.6, 0.14968, 4, 8, 52.74, -14.99, 0.00377, 9, -0.02, -20.86, 0.44539, 11, -12.68, 15.49, 0.18273, 10, 12.43, 17.95, 0.36811, 5, 8, 31.96, -21.25, 0.2524, 9, -20.25, -13.02, 0.092, 2, 232.49, -48.03, 0.01686, 10, -7.51, 9.38, 0.62009, 7, 45.63, -30.1, 0.01864, 5, 8, 7.02, -30.12, 0.17757, 2, 215.04, -28.12, 0.27306, 13, -75.49, 34.84, 0.02253, 10, -31.27, -2.27, 0.35662, 7, 19.18, -31.04, 0.17023, 3, 9, 40.71, -86.32, 1.3E-4, 11, 64.36, 12.89, 0.0459, 12, 20.33, 3.7, 0.95397, 2, 9, 8.79, -59.14, 0.00294, 11, 24.02, 1.49, 0.99706, 4, 2, 221.85, -60.93, 0.01537, 13, -42.09, 37.55, 0.02817, 10, 2.18, -4.25, 0.95608, 7, 48.91, -46.5, 3.8E-4, 3, 9, 0.19, -6.97, 0.85128, 11, -24.11, 23.39, 0.03518, 10, 2.85, 28.01, 0.11354, 5, 8, 9.4, -7.38, 0.73976, 2, 237.06, -21.95, 0.03357, 13, -78.91, 57.45, 2.1E-4, 10, -31.49, 20.6, 0.07101, 7, 28.3, -10.07, 0.15545, 2, 2, 216.76, 28.85, 0.30382, 7, -23.89, 6.3, 0.69618, 2, 2, 206.41, 69.47, 0.45838, 7, -61.91, 23.95, 0.54162 ],
					"hull": 49,
					"edges": [ 0, 2, 2, 4, 8, 10, 10, 12, 12, 14, 14, 16, 16, 18, 38, 40, 44, 46, 46, 48, 56, 58, 58, 60, 60, 62, 62, 64, 64, 66, 66, 68, 68, 70, 70, 72, 72, 74, 74, 76, 76, 78, 78, 80, 80, 82, 82, 84, 84, 86, 86, 88, 88, 90, 90, 92, 92, 94, 94, 96, 0, 96, 22, 24, 24, 26, 26, 28, 28, 30, 30, 32, 32, 34, 34, 36, 36, 38, 40, 42, 42, 44, 52, 54, 54, 56, 48, 50, 50, 52, 18, 20, 20, 22, 4, 6, 6, 8 ],
					"width": 320,
					"height": 460
				}
			},
			"lingzi": {
				"lingzi1": { "name": "lingzi", "path": "lingzi1", "x": 58.62, "y": 10.72, "width": 334, "height": 74 }
			},
			"liuhai": {
				"liuhai1": {
					"name": "liuhai",
					"type": "mesh",
					"path": "liuhai1",
					"uvs": [ 0.99343, 0.2944, 0.77032, 0.11932, 0.53695, 0.01705, 0.3164, 0, 0.15227, 0.05692, 0.0343, 0.16612, 0, 0.31693, 0.01378, 0.47988, 0.08302, 0.63935, 0.19843, 0.80576, 0.32922, 0.93577, 0.41128, 0.99991, 0.53951, 0.98257, 0.56259, 0.8335, 0.64722, 0.64109, 0.77288, 0.50761, 0.93702, 0.40707, 0.99343, 0.36894 ],
					"triangles": [ 13, 9, 14, 10, 9, 13, 12, 10, 13, 11, 10, 12, 8, 7, 14, 9, 8, 14, 4, 7, 6, 5, 4, 6, 15, 14, 7, 16, 1, 0, 17, 16, 0, 15, 1, 16, 4, 3, 2, 7, 4, 2, 2, 1, 7, 15, 7, 1 ],
					"vertices": [ 1, 3, -5.01, -3.94, 1, 1, 3, 12.42, -21.79, 1, 2, 3, 30.11, -31.75, 0.99396, 4, -34.02, -11.87, 0.00604, 2, 3, 46.3, -32.59, 0.906, 4, -28.01, -26.92, 0.094, 2, 3, 57.87, -25.7, 0.75555, 4, -16.92, -34.56, 0.24445, 2, 3, 65.73, -13.39, 0.51938, 4, -2.45, -36.55, 0.48062, 3, 3, 67.21, 3.02, 0.21979, 4, 13.08, -31.03, 0.78011, 5, -29.28, -19, 1.0E-4, 3, 3, 65.11, 20.52, 0.02464, 4, 28.1, -21.8, 0.85383, 5, -11.75, -20.83, 0.12153, 3, 4, 40.86, -9.18, 0.25325, 5, 6.06, -18.59, 0.73389, 6, -21.5, -14.08, 0.01285, 3, 4, 52.69, 6.75, 5.9E-4, 5, 25.15, -13.15, 0.375, 6, -1.67, -13.42, 0.6244, 1, 6, 15, -10.17, 1, 1, 6, 23.73, -7.4, 1, 1, 6, 25.69, 1.95, 1, 4, 3, 22.74, 56.14, 8.7E-4, 4, 42.73, 31.58, 7.5E-4, 5, 32.36, 12.61, 0.09841, 6, 11.56, 9.84, 0.89996, 4, 3, 17.88, 35.01, 0.11288, 4, 21.5, 27.17, 0.17389, 5, 12.84, 22.03, 0.58943, 6, -5.11, 23.7, 0.1238, 4, 3, 9.62, 20.05, 0.59082, 4, 4.46, 28.41, 0.22412, 5, 0.07, 33.39, 0.18244, 6, -14.74, 37.81, 0.00262, 3, 3, -1.66, 8.47, 0.9746, 4, -10.78, 33.81, 0.01498, 5, -8.73, 46.96, 0.01043, 3, 3, -5.52, 4.1, 0.99751, 4, -16.36, 35.49, 0.0013, 5, -12.13, 51.68, 0.00119 ],
					"hull": 18,
					"edges": [ 0, 2, 2, 4, 4, 6, 6, 8, 8, 10, 10, 12, 12, 14, 14, 16, 16, 18, 18, 20, 20, 22, 22, 24, 24, 26, 26, 28, 28, 30, 30, 32, 32, 34, 0, 34 ],
					"width": 73,
					"height": 108
				}
			},
			"yanjing": {
				"yanjing1": {
					"name": "yanjing",
					"path": "yanjing1",
					"x": 0.59,
					"y": 17.5,
					"rotation": -89.26,
					"width": 299,
					"height": 125
				}
			},
			"yibai": {
				"yibai2": {
					"name": "yibai",
					"type": "mesh",
					"path": "yibai2",
					"uvs": [ 0, 0.09032, 0.00836, 0.15173, 0.01472, 0.19847, 0.023, 0.25929, 0.03005, 0.31107, 0.03833, 0.37191, 0.04681, 0.43418, 0.05546, 0.49772, 0.063, 0.55315, 0.0812, 0.66004, 0.09104, 0.71783, 0.09789, 0.75806, 0.11118, 0.83613, 0.1184, 0.87855, 0.13657, 0.98525, 0.18361, 1, 0.28907, 1, 0.33164, 0.99604, 0.40391, 0.98932, 0.46827, 0.97318, 0.5489, 0.95297, 0.60209, 0.92683, 0.64741, 0.90456, 0.70654, 0.87552, 0.74336, 0.85181, 0.82046, 0.89765, 0.91711, 0.90871, 1, 0.87394, 1, 0.80281, 0.97095, 0.67681, 0.94243, 0.55307, 0.91294, 0.44442, 0.89021, 0.36068, 0.86994, 0.28595, 0.85069, 0.1987, 0.8124, 0.02515, 0.77328, 0, 0.61333, 0, 0.40621, 0.0046, 0.18873, 0.00935, 0.04375, 0.00619, 0, 0.03464, 0.51497, 0.27699, 0.42575, 0.47229, 0.2972, 0.66057, 0.17345, 0.4278, 0.10526, 0.24268, 0.14642, 0.19342, 0.33346, 0.15191, 0.4579, 0.19103, 0.51026, 0.22066, 0.2231, 0.8981, 0.36692, 0.88344, 0.50802, 0.83356, 0.682, 0.7448, 0.6192, 0.7913, 0.74476, 0.70807, 0.1952, 0.80319, 0.17206, 0.65669, 0.12949, 0.4247, 0.11319, 0.2945, 0.08812, 0.13173, 0.82794, 0.7706, 0.8978, 0.78216, 0.86738, 0.64346, 0.82228, 0.47513, 0.77455, 0.29201, 0.7414, 0.16438, 0.56122, 0.82402, 0.44407, 0.8669, 0.28373, 0.8955, 0.36554, 0.55362, 0.30188, 0.62679, 0.23261, 0.51714, 0.15643, 0.34366, 0.12904, 0.26128, 0.15507, 0.22588, 0.25508, 0.22901, 0.33456, 0.22955, 0.40244, 0.22633, 0.47296, 0.23663, 0.49508, 0.29321, 0.44651, 0.38979, 0.40121, 0.32201, 0.37062, 0.38314, 0.3023, 0.5078, 0.34993, 0.42471, 0.27844, 0.43894, 0.23233, 0.34785, 0.22973, 0.32453, 0.28867, 0.32493, 0.35207, 0.32781, 0.59821, 0.20666, 0.63146, 0.43334, 0.67332, 0.62329, 0.15044, 0.53332 ],
					"triangles": [ 55, 94, 54, 94, 68, 43, 94, 55, 68, 68, 53, 43, 53, 69, 71, 22, 55, 23, 21, 68, 55, 22, 21, 55, 20, 53, 68, 20, 68, 21, 19, 69, 53, 19, 53, 20, 56, 94, 65, 54, 94, 56, 24, 54, 56, 23, 54, 24, 55, 54, 23, 24, 56, 62, 25, 24, 62, 43, 93, 94, 42, 92, 93, 92, 37, 67, 67, 37, 36, 67, 36, 35, 0, 41, 40, 61, 40, 39, 0, 40, 61, 1, 0, 61, 47, 61, 39, 77, 47, 39, 2, 1, 61, 2, 61, 46, 64, 30, 29, 64, 56, 65, 62, 56, 64, 63, 64, 29, 62, 64, 63, 63, 29, 28, 26, 63, 28, 25, 62, 63, 27, 26, 28, 25, 63, 26, 65, 32, 31, 94, 93, 65, 30, 64, 65, 30, 65, 31, 67, 35, 34, 66, 67, 34, 66, 34, 33, 66, 93, 92, 66, 92, 67, 32, 65, 66, 32, 66, 33, 93, 66, 65, 44, 72, 71, 18, 52, 69, 18, 69, 19, 11, 10, 58, 57, 58, 44, 11, 58, 57, 12, 11, 57, 44, 70, 57, 13, 12, 57, 69, 52, 44, 52, 70, 44, 51, 57, 70, 13, 57, 51, 14, 13, 51, 17, 70, 52, 17, 52, 18, 15, 14, 51, 16, 70, 17, 51, 70, 16, 15, 51, 16, 71, 69, 44, 73, 45, 87, 73, 87, 85, 95, 59, 45, 95, 45, 73, 7, 59, 95, 8, 7, 95, 72, 73, 85, 58, 95, 73, 58, 73, 72, 9, 8, 95, 9, 95, 58, 44, 58, 72, 10, 9, 58, 72, 85, 71, 77, 76, 47, 46, 61, 47, 46, 47, 76, 3, 2, 46, 75, 46, 76, 60, 46, 75, 4, 3, 46, 4, 46, 60, 89, 76, 77, 74, 76, 89, 75, 76, 74, 60, 75, 74, 88, 89, 90, 74, 89, 88, 5, 4, 60, 59, 60, 74, 5, 60, 59, 45, 74, 88, 59, 74, 45, 6, 5, 59, 45, 88, 87, 7, 6, 59, 86, 84, 43, 48, 39, 38, 49, 38, 37, 48, 38, 49, 37, 50, 49, 92, 50, 37, 79, 48, 49, 39, 48, 77, 78, 48, 79, 77, 48, 78, 80, 49, 50, 79, 49, 80, 42, 50, 92, 80, 50, 42, 81, 80, 42, 79, 91, 78, 83, 79, 80, 83, 80, 81, 90, 77, 78, 91, 90, 78, 79, 83, 91, 84, 91, 83, 82, 83, 81, 84, 83, 82, 86, 90, 91, 86, 91, 84, 87, 90, 86, 43, 84, 82, 93, 81, 42, 93, 43, 82, 93, 82, 81, 89, 77, 90, 87, 88, 90, 85, 87, 86, 71, 86, 43, 85, 86, 71, 43, 53, 71 ],
					"vertices": [ 2, 31, -28.44, -20.54, 0.00588, 37, -23.92, 14.71, 0.99412, 2, 31, -17.07, -20.44, 0.11421, 37, -21.78, 3.54, 0.88579, 2, 31, -8.42, -20.36, 0.37081, 37, -20.15, -4.96, 0.62919, 2, 31, 2.84, -20.27, 0.79896, 37, -18.02, -16.02, 0.20104, 3, 31, 12.43, -20.18, 0.96708, 32, -29.8, -17.91, 0.002, 37, -16.21, -25.43, 0.03092, 2, 31, 23.69, -20.08, 0.92739, 32, -18.55, -18.53, 0.07261, 2, 31, 35.22, -19.98, 0.6041, 32, -7.04, -19.17, 0.3959, 2, 31, 46.99, -19.88, 0.15147, 32, 4.7, -19.81, 0.84853, 3, 31, 57.25, -19.79, 0.01112, 32, 14.95, -20.38, 0.98832, 33, -32.22, -18.62, 5.7E-4, 2, 32, 34.93, -20.59, 0.76884, 33, -12.27, -19.78, 0.23116, 2, 32, 45.73, -20.7, 0.35749, 33, -1.49, -20.41, 0.64251, 2, 32, 53.25, -20.78, 0.1264, 33, 6.02, -20.85, 0.8736, 2, 32, 67.84, -20.93, 0.00142, 33, 20.58, -21.7, 0.99858, 1, 33, 28.5, -22.16, 1, 2, 33, 48.41, -23.32, 1, 41, -33.1, -128.51, 0, 3, 33, 54.32, -12.8, 0.99421, 40, 47.17, -122.68, 6.8E-4, 41, -23.6, -121.07, 0.00512, 4, 30, 167.24, -27.54, 9.0E-5, 33, 61.86, 12.4, 0.87017, 40, 62.27, -101.15, 0.03551, 41, -6.97, -100.69, 0.09423, 4, 30, 165.73, -17.11, 6.7E-4, 33, 64.29, 22.65, 0.77093, 40, 67.82, -92.19, 0.06194, 41, -0.79, -92.16, 0.16646, 5, 30, 163.56, 0.37, 0.00118, 32, 112.97, 42.71, 1.0E-5, 33, 68.71, 39.7, 0.5787, 40, 77.4, -77.4, 0.09774, 41, 9.84, -78.11, 0.32237, 5, 30, 160.33, 15.52, 6.9E-4, 32, 114.82, 58.09, 1.0E-5, 33, 71.29, 54.98, 0.40722, 40, 84.67, -63.72, 0.10322, 41, 18.08, -65, 0.48887, 3, 33, 75.06, 73.69, 0.22582, 40, 94.16, -47.15, 0.06502, 41, 28.75, -49.16, 0.70916, 3, 33, 75.6, 86.6, 0.13089, 40, 98.75, -35.08, 0.02904, 41, 34.2, -37.45, 0.84007, 3, 33, 76.25, 97.53, 0.06624, 40, 102.81, -24.91, 0.00629, 41, 39, -27.6, 0.92747, 3, 33, 77.19, 111.88, 0.01612, 36, 22.46, -53.7, 0.00575, 41, 45.37, -14.71, 0.97813, 3, 33, 76.89, 121.14, 0.00238, 36, 23.99, -44.56, 0.11031, 41, 48.65, -6.05, 0.88731, 2, 36, 41.46, -32.86, 0.59821, 41, 68.07, 2, 0.40179, 2, 36, 55.34, -13.03, 0.92766, 41, 85.57, 18.74, 0.07234, 2, 36, 60.21, 8.08, 0.99969, 41, 94.47, 38.49, 3.1E-4, 1, 36, 49, 14.55, 1, 2, 35, 61.12, 21.58, 0.04348, 36, 25.51, 19.72, 0.95652, 3, 34, 79.89, 28.69, 0.01457, 35, 37.66, 24.43, 0.58295, 36, 2.43, 24.81, 0.40249, 3, 34, 58.73, 27.64, 0.22708, 35, 16.53, 25.99, 0.75991, 36, -18.45, 28.39, 0.013, 2, 34, 42.31, 26.84, 0.66647, 35, 0.13, 27.21, 0.33353, 3, 34, 27.54, 26.03, 0.94313, 35, -14.62, 28.23, 0.04642, 38, 32.9, -28.04, 0.01045, 2, 34, 10.65, 25.92, 0.83062, 38, 28.28, -11.79, 0.16938, 3, 30, -8.31, 87.99, 7.2E-4, 34, -21.04, 25.93, 0.05176, 38, 19.83, 18.76, 0.94752, 3, 30, -11.78, 78.78, 0.01233, 34, -27.49, 18.5, 0.00635, 38, 10.95, 22.98, 0.98132, 4, 30, -13.82, 48.5, 0.27428, 34, -39.92, -9.18, 4.3E-4, 38, -19.05, 27.57, 0.71627, 40, -27.49, 73.52, 0.00902, 4, 30, -18.1, -9.6, 0.94945, 31, -26.87, 87.45, 0.00636, 37, 82.59, 32.61, 0.04315, 38, -76.58, 36.73, 0.00104, 3, 30, -10.18, -68.54, 0.23627, 31, -34.68, 28.5, 0.03705, 37, 23.19, 29.68, 0.72668, 2, 30, -7.52, -104.69, 0.00582, 37, -13.06, 30.07, 0.99418, 2, 31, -38.42, -18.76, 0, 37, -23.97, 24.84, 1, 4, 30, 28.93, 20.31, 0.54381, 34, -9.62, -50.46, 0.09902, 38, -50.74, -12.65, 0.07345, 40, -12.88, 24.44, 0.28372, 6, 30, 68.11, -2.17, 0.49456, 31, 58.27, 72.01, 0.01152, 32, 21.83, 71.17, 0.05805, 33, -20.96, 72.5, 0.02624, 40, 2.67, -17.97, 0.40888, 41, -60.38, -13.41, 7.5E-4, 6, 30, 105.46, -30.97, 0.12471, 31, 86.76, 34.42, 0.00528, 32, 47.86, 31.84, 0.29071, 33, 3.15, 31.97, 0.41634, 40, 12.75, -64.04, 0.1339, 41, -53.67, -60.09, 0.02906, 5, 30, 66.02, -65.56, 0.07301, 31, 39.63, 11.39, 0.46699, 32, -0.64, 11.86, 0.45948, 37, 19.74, -46.5, 2.2E-4, 40, -39.69, -65.17, 2.9E-4, 3, 30, 33.98, -85.54, 9.7E-4, 31, 3.47, 0.51, 0.99705, 37, 2.53, -12.89, 0.00198, 3, 30, 24.13, -76.09, 0.0778, 31, -3.55, 12.21, 0.47781, 37, 12.77, -3.88, 0.44439, 4, 30, 12.32, -30.07, 0.72668, 31, -2.89, 59.71, 0.10923, 32, -39.99, 62.8, 0.00204, 37, 59.62, 4.02, 0.16206, 4, 30, 10.67, 8.84, 0.91963, 34, -30.72, -54.88, 0.01205, 38, -60.63, 6.51, 0.04635, 40, -34.24, 27.4, 0.02197, 4, 30, 17.57, 21.47, 0.64669, 34, -19.87, -45.43, 0.07938, 38, -48.63, -1.43, 0.14157, 40, -20.84, 32.63, 0.13236, 4, 30, 150.17, -45.56, 3.1E-4, 33, 39.34, 1.93, 0.98197, 40, 37.61, -103.97, 0.00545, 41, -31.78, -101.72, 0.01228, 5, 30, 144.74, -10.25, 0.01044, 32, 91.73, 38.75, 0.00916, 33, 47.3, 36.76, 0.64085, 40, 56.16, -73.43, 0.11662, 41, -11.06, -72.61, 0.22293, 5, 30, 135.29, 22.86, 0.00562, 32, 93.5, 73.12, 0.00483, 33, 50.72, 71.02, 0.25372, 40, 70.21, -42.01, 0.16406, 41, 5.24, -42.29, 0.57176, 2, 33, 52.62, 113.56, 0.0038, 41, 23.32, -3.73, 0.9962, 5, 30, 128.86, 48.67, 7.0E-5, 32, 95.76, 99.63, 1.5E-4, 33, 54.25, 97.38, 0.05881, 40, 81.88, -18.11, 0.02585, 41, 18.62, -19.3, 0.91512, 3, 35, 42.33, -31.71, 0.04037, 36, 1.68, -31.52, 0.17829, 41, 29.32, 11.1, 0.78134, 5, 30, 133.58, -54.05, 9.0E-5, 32, 67.01, 0.9, 1.2E-4, 33, 20.8, 0.15, 0.99947, 40, 19.45, -99.8, 2.0E-4, 41, -49.58, -96.24, 1.1E-4, 5, 30, 107.54, -62.19, 0.00164, 32, 39.74, 1.62, 0.95993, 33, -6.41, 2.17, 0.03746, 40, -5.73, -89.29, 8.9E-4, 41, -73.93, -83.93, 8.0E-5, 3, 30, 66.44, -76.55, 0.00134, 31, 37.15, 0.67, 0.85978, 32, -3.8, 1.32, 0.13888, 3, 30, 43.2, -82.72, 0.0018, 31, 13.1, 0.81, 0.99748, 37, 4.56, -22.32, 7.2E-4, 2, 30, 14.25, -91.6, 0.00903, 37, -1.86, 7.28, 0.99097, 2, 36, 22.37, -19.71, 0.65458, 41, 51.92, 18.64, 0.34542, 2, 36, 32.98, -5.7, 0.95601, 41, 65.06, 30.3, 0.04399, 2, 35, 44.87, 0.52, 0.00311, 36, 7.31, 0.32, 0.99689, 2, 34, 57.37, 4.3, 0.03263, 35, 12.3, 2.99, 0.96737, 2, 34, 21.74, 2.88, 0.99927, 38, 9.04, -28.63, 7.3E-4, 2, 34, -2.27, 1.73, 0.73056, 38, 1.52, -5.8, 0.26944, 5, 30, 134.02, 35.34, 0.00147, 32, 96.33, 85.35, 0.00141, 33, 54.13, 83.09, 0.15134, 40, 77.26, -31.63, 0.09879, 41, 13.03, -32.45, 0.747, 5, 30, 141.16, 8.13, 0.00897, 32, 94.29, 57.29, 0.00755, 33, 50.74, 55.16, 0.4217, 40, 65.23, -57.06, 0.15925, 41, -0.82, -56.94, 0.40253, 5, 30, 148.39, -30.54, 0.00439, 32, 88.62, 18.37, 0.00278, 33, 43.22, 16.56, 0.87253, 40, 45.91, -91.31, 0.04331, 41, -22.58, -89.7, 0.07699, 6, 30, 84.55, -15.68, 0.34896, 31, 70.59, 54.66, 0.02521, 32, 33.02, 53.07, 0.21246, 33, -10.66, 53.88, 0.12862, 40, 6.57, -38.89, 0.27087, 41, -58.01, -34.55, 0.01387, 6, 30, 99.23, -30.35, 0.17095, 31, 80.91, 36.65, 0.01264, 32, 42.17, 34.44, 0.34641, 33, -2.41, 34.84, 0.30652, 40, 8.38, -59.56, 0.14212, 41, -57.7, -55.31, 0.02136, 6, 30, 80.9, -49.37, 0.17309, 31, 58.23, 23.1, 0.09563, 32, 18.67, 22.36, 0.67747, 33, -26.46, 23.9, 0.03057, 40, -17.89, -62.34, 0.02289, 41, -84.11, -56.17, 3.4E-4, 4, 30, 51.14, -71.16, 0.06034, 31, 23.81, 9.89, 0.91074, 32, -16.53, 11.37, 0.0218, 37, 15.41, -31.21, 0.00712, 3, 30, 36.82, -79.31, 0.02539, 31, 7.85, 5.77, 0.94046, 37, 8.49, -16.25, 0.03415, 3, 30, 29.83, -73.41, 0.08978, 31, 2.64, 13.31, 0.67766, 37, 14.97, -9.77, 0.23256, 4, 30, 28.16, -48.45, 0.43183, 31, 7.59, 37.82, 0.36119, 32, -30.93, 40.29, 0.01819, 37, 39.97, -10.22, 0.18879, 4, 30, 25.34, -28.74, 0.73084, 31, 10.03, 57.59, 0.15498, 32, -27.23, 59.86, 0.01407, 37, 59.86, -9.07, 0.1001, 4, 30, 20.97, -9.2, 0.95618, 31, 10.94, 77.59, 0.02335, 32, -25.04, 79.76, 0.0011, 37, 79.69, -6.36, 0.01937, 4, 30, 19.08, 11.61, 0.84677, 34, -21.88, -55.2, 0.03, 38, -58.58, -2.11, 0.05116, 40, -26.02, 24.11, 0.07206, 4, 30, 30.95, 15.25, 0.6414, 34, -9.48, -55.92, 0.06056, 38, -55.96, -14.24, 0.04162, 40, -14.59, 19.26, 0.25642, 4, 30, 50.79, 2.07, 0.88804, 34, 4.55, -75.16, 2.6E-4, 38, -70.75, -32.9, 7.0E-5, 40, -7.87, -3.58, 0.11163, 4, 30, 40.44, -10.04, 0.93999, 31, 29.51, 71.67, 0.0378, 32, -6.9, 72.66, 0.01398, 37, 77.21, -25.69, 0.00823, 6, 30, 53.53, -17.18, 0.816, 31, 40.26, 61.34, 0.08259, 32, 3.18, 61.68, 0.07913, 33, -40.05, 63.91, 0.00577, 37, 68.99, -38.13, 0.00658, 40, -18.15, -20.09, 0.00993, 7, 30, 77.65, -32.17, 0.37482, 31, 59.61, 40.55, 0.09034, 32, 21.16, 39.69, 0.38379, 33, -23.14, 41.09, 0.06881, 37, 52.03, -60.9, 1.2E-4, 40, -9.32, -47.08, 0.07993, 41, -74.45, -41.57, 0.00218, 7, 30, 61.53, -21.66, 0.67831, 31, 46.81, 54.93, 0.10238, 32, 9.3, 54.85, 0.15549, 33, -34.26, 56.8, 0.01793, 37, 63.86, -45.72, 0.00372, 40, -14.91, -28.66, 0.04214, 41, -78.69, -22.8, 3.0E-5, 7, 30, 65.7, -39.23, 0.41061, 31, 46.22, 36.88, 0.21545, 32, 7.57, 36.88, 0.33611, 33, -36.85, 38.93, 0.01501, 37, 46, -48.4, 0.00435, 40, -23.01, -44.8, 0.01845, 41, -87.94, -38.31, 1.0E-5, 6, 30, 50.21, -52.19, 0.30595, 31, 27.88, 28.43, 0.51934, 32, -11.28, 29.62, 0.14148, 33, -56.02, 32.58, 3.0E-5, 37, 34.39, -31.88, 0.03318, 40, -43.2, -44.77, 3.0E-5, 4, 30, 46.04, -53.22, 0.30622, 31, 23.59, 28.54, 0.54559, 32, -15.55, 30, 0.09616, 37, 33.72, -27.64, 0.05202, 5, 30, 44.8, -38.53, 0.54072, 31, 26.24, 43.03, 0.31148, 32, -11.98, 44.29, 0.09937, 33, -56.02, 47.27, 2.6E-4, 37, 48.45, -27.64, 0.04817, 5, 30, 42.76, -22.78, 0.78489, 31, 28.41, 58.76, 0.13412, 32, -8.82, 59.86, 0.05386, 33, -52.12, 62.67, 4.6E-4, 37, 64.32, -26.93, 0.02666, 4, 30, 19.08, 40.34, 0.28082, 34, -11.89, -28.26, 0.24652, 38, -29.95, -4.53, 0.30763, 40, -7.54, 46.11, 0.16503, 6, 30, 61.02, 49.1, 0.00127, 34, 30.47, -34.61, 0.32409, 35, -19.17, -32.31, 0.06853, 38, -24.75, -47.06, 9.0E-4, 40, 30.21, 25.85, 0.60353, 41, -29.73, 28.3, 0.00168, 5, 34, 69.05, -36.96, 0.00407, 35, 18.82, -39.39, 0.12297, 36, -22.46, -36.91, 0.01853, 40, 65.73, 10.64, 0.14255, 41, 4.59, 10.54, 0.71189, 4, 30, 85.66, -69.57, 0.00404, 31, 57.53, 2.36, 0.00194, 32, 16.64, 1.71, 0.9937, 40, -27.24, -80.88, 3.1E-4 ],
					"hull": 42,
					"edges": [ 28, 30, 30, 32, 46, 48, 48, 50, 50, 52, 52, 54, 54, 56, 70, 72, 72, 74, 74, 76, 76, 78, 78, 80, 80, 82, 0, 82, 56, 58, 58, 60, 60, 62, 62, 64, 64, 66, 66, 68, 68, 70, 36, 38, 38, 40, 32, 34, 34, 36, 44, 46, 40, 42, 42, 44, 16, 18, 26, 28, 12, 14, 14, 16, 8, 10, 10, 12, 4, 6, 6, 8, 0, 2, 2, 4, 18, 20, 20, 22, 22, 24, 24, 26 ],
					"width": 250,
					"height": 182
				}
			},
			"yibai1": {
				"yibai11": {
					"name": "yibai1",
					"type": "mesh",
					"uvs": [ 0.982, 0.01202, 0.61468, 0, 0.17124, 0, 0.09182, 0.03572, 0.05211, 0.18584, 0.02865, 0.28119, 0, 0.3976, 0, 0.48059, 0, 0.56352, 0, 0.67955, 0, 0.80372, 0.05211, 0.89853, 0.15801, 0.9649, 0.23081, 1, 0.39296, 1, 0.479, 0.92066, 0.53528, 0.83797, 0.59695, 0.74736, 0.6941, 0.60461, 0.76504, 0.48722, 0.8364, 0.36915, 0.87694, 0.28964, 0.92905, 0.18742, 1, 0.08155, 0.71234, 0.13431, 0.59995, 0.29818, 0.49797, 0.46107, 0.40083, 0.62695, 0.28417, 0.81534, 0.20708, 0.67281, 0.22646, 0.51945, 0.24882, 0.32103, 0.30641, 0.15544 ],
					"triangles": [ 17, 27, 18, 10, 9, 29, 28, 29, 27, 28, 27, 17, 10, 29, 28, 16, 28, 17, 11, 10, 28, 15, 28, 16, 12, 11, 28, 12, 28, 15, 13, 12, 15, 14, 13, 15, 6, 5, 31, 30, 7, 6, 31, 30, 6, 26, 30, 31, 8, 7, 30, 18, 26, 19, 27, 30, 26, 27, 26, 18, 29, 8, 30, 29, 30, 27, 9, 8, 29, 24, 1, 0, 24, 0, 23, 32, 2, 1, 32, 1, 24, 3, 2, 32, 4, 3, 32, 22, 24, 23, 21, 24, 22, 25, 32, 24, 25, 24, 21, 31, 4, 32, 31, 32, 25, 5, 4, 31, 20, 25, 21, 26, 31, 25, 26, 25, 20, 19, 26, 20 ],
					"vertices": [ 1, 27, -28.05, 31.79, 1, 1, 27, -22.6, 0.98, 1, 2, 27, -13.51, -35.6, 0.99381, 28, -62.38, -32.03, 0.00619, 2, 27, -5.71, -40.62, 0.98464, 28, -54.7, -37.23, 0.01536, 2, 27, 21.04, -37.45, 0.81238, 28, -27.88, -34.7, 0.18762, 2, 27, 37.99, -35.3, 0.47732, 28, -10.88, -32.95, 0.52268, 2, 27, 58.68, -32.66, 0.06829, 28, 9.87, -30.81, 0.93171, 3, 27, 73.02, -29.1, 0.03413, 28, 24.29, -27.59, 0.94383, 29, -31.99, -22.43, 0.02204, 2, 28, 38.69, -24.37, 0.95595, 29, -17.23, -22.69, 0.04405, 2, 28, 58.85, -19.87, 0.50483, 29, 3.41, -23.05, 0.49517, 2, 28, 80.42, -15.05, 0.02203, 29, 25.51, -23.43, 0.97797, 1, 29, 42.47, -19.29, 1, 1, 29, 54.43, -10.5, 1, 1, 29, 60.79, -4.42, 1, 1, 29, 61.03, 9.36, 1, 1, 29, 47.03, 16.92, 1, 3, 27, 123.79, 30.39, 0.02399, 28, 76.45, 30.68, 0.1251, 29, 32.4, 21.96, 0.85091, 3, 27, 106.87, 31.59, 0.05028, 28, 59.57, 32.28, 0.26218, 29, 16.36, 27.48, 0.68755, 3, 27, 80.22, 33.48, 0.09169, 28, 32.97, 34.8, 0.47814, 29, -8.9, 36.17, 0.43017, 3, 27, 58.49, 34.29, 0.48287, 28, 11.26, 36.13, 0.29656, 29, -29.69, 42.57, 0.22057, 3, 27, 36.63, 35.11, 0.87631, 28, -10.57, 37.47, 0.11392, 29, -50.59, 48.99, 0.00977, 3, 27, 22.06, 35.04, 0.93042, 28, -25.13, 37.75, 0.06408, 29, -64.69, 52.68, 0.00549, 1, 27, 3.34, 34.95, 1, 1, 27, -16.41, 36.26, 1, 3, 27, -1.4, 14.8, 0.96029, 28, -49.07, 18.07, 0.03658, 29, -92.57, 39.18, 0.00314, 3, 27, 29.21, 12.56, 0.87369, 28, -18.52, 15.1, 0.11954, 29, -63.57, 29.12, 0.00677, 3, 27, 59.44, 11.14, 0.32496, 28, 11.67, 12.96, 0.47795, 29, -34.73, 19.95, 0.19709, 3, 27, 90.09, 10.24, 0.05295, 28, 42.28, 11.34, 0.52565, 29, -5.36, 11.18, 0.4214, 3, 27, 125.02, 8.71, 0.01114, 28, 77.17, 8.97, 0.11875, 29, 28, 0.68, 0.87011, 3, 27, 101.98, -3.77, 0.02735, 28, 53.84, -2.95, 0.43613, 29, 2.52, -5.43, 0.53652, 3, 27, 75.09, -8.75, 0.14419, 28, 26.84, -7.29, 0.73778, 29, -24.75, -3.31, 0.11803, 3, 27, 40.36, -15.43, 0.51959, 28, -8.04, -13.14, 0.4777, 29, -60.02, -0.79, 0.00271, 3, 27, 10.57, -17.78, 0.87859, 28, -37.88, -14.79, 0.12023, 29, -89.41, 4.61, 0.00117 ],
					"hull": 24,
					"edges": [ 0, 2, 2, 4, 4, 6, 6, 8, 20, 22, 22, 24, 24, 26, 26, 28, 28, 30, 44, 46, 0, 46, 36, 38, 38, 40, 34, 36, 30, 32, 32, 34, 40, 42, 42, 44, 8, 10, 10, 12, 12, 14, 14, 16, 16, 18, 18, 20 ],
					"width": 85,
					"height": 178
				}
			}
		}
	},
	{
		"name": "skin2",
		"attachments": {
			"body": {
				"body1": {
					"name": "body",
					"type": "linkedmesh",
					"path": "body22",
					"skin": "skin1",
					"parent": "body1",
					"width": 318,
					"height": 458
				}
			},
			"lingzi": {
				"lingzi1": { "name": "lingzi", "path": "lingzi22", "x": 58.62, "y": 10.72, "width": 334, "height": 74 }
			},
			"liuhai": {
				"liuhai1": {
					"name": "liuhai",
					"type": "linkedmesh",
					"path": "liuhai2",
					"skin": "skin1",
					"parent": "liuhai1",
					"width": 71,
					"height": 106
				}
			},
			"yanjing": {
				"yanjing1": {
					"name": "yanjing",
					"path": "yanjing11",
					"x": 0.59,
					"y": 17.5,
					"rotation": -89.26,
					"width": 297,
					"height": 123
				}
			},
			"yibai": {
				"yibai2": {
					"name": "yibai",
					"type": "linkedmesh",
					"path": "yibai22",
					"skin": "skin1",
					"parent": "yibai2",
					"width": 250,
					"height": 182
				}
			},
			"yibai1": {
				"yibai11": {
					"name": "yibai1",
					"type": "linkedmesh",
					"path": "yibai11",
					"skin": "skin1",
					"parent": "yibai11",
					"width": 85,
					"height": 178
				}
			}
		}
	},
	{
		"name": "skin3",
		"attachments": {
			"body": {
				"body1": {
					"name": "body",
					"type": "linkedmesh",
					"path": "body33",
					"skin": "skin1",
					"parent": "body1",
					"width": 318,
					"height": 458
				}
			},
			"lingzi": {
				"lingzi1": { "name": "lingzi", "path": "lingzi33", "x": 58.62, "y": 10.72, "width": 334, "height": 74 }
			},
			"liuhai": {
				"liuhai1": {
					"name": "liuhai",
					"type": "linkedmesh",
					"path": "liuhai3",
					"skin": "skin1",
					"parent": "liuhai1",
					"width": 71,
					"height": 106
				}
			},
			"yanjing": {
				"yanjing1": {
					"name": "yanjing",
					"path": "yanjing111",
					"x": 0.59,
					"y": 17.5,
					"rotation": -89.26,
					"width": 297,
					"height": 123
				}
			},
			"yibai": {
				"yibai2": {
					"name": "yibai",
					"type": "linkedmesh",
					"path": "yibai222",
					"skin": "skin1",
					"parent": "yibai2",
					"width": 250,
					"height": 182
				}
			},
			"yibai1": {
				"yibai11": {
					"name": "yibai1",
					"type": "linkedmesh",
					"path": "yibai111",
					"skin": "skin1",
					"parent": "yibai11",
					"width": 85,
					"height": 178
				}
			}
		}
	},
	{
		"name": "skin4",
		"attachments": {
			"body": {
				"body1": {
					"name": "body",
					"type": "linkedmesh",
					"path": "body44",
					"skin": "skin1",
					"parent": "body1",
					"width": 318,
					"height": 458
				}
			},
			"lingzi": {
				"lingzi1": { "name": "lingzi", "path": "lingzi44", "x": 58.62, "y": 10.72, "width": 334, "height": 74 }
			},
			"liuhai": {
				"liuhai1": {
					"name": "liuhai",
					"type": "linkedmesh",
					"path": "liuhai4",
					"skin": "skin1",
					"parent": "liuhai1",
					"width": 71,
					"height": 106
				}
			},
			"yanjing": {
				"yanjing1": {
					"name": "yanjing",
					"path": "yanjing1111",
					"x": 0.59,
					"y": 17.5,
					"rotation": -89.26,
					"width": 297,
					"height": 123
				}
			},
			"yibai": {
				"yibai2": {
					"name": "yibai",
					"type": "linkedmesh",
					"path": "yibai2222",
					"skin": "skin1",
					"parent": "yibai2",
					"width": 250,
					"height": 182
				}
			},
			"yibai1": {
				"yibai11": {
					"name": "yibai1",
					"type": "linkedmesh",
					"path": "yibai1111",
					"skin": "skin1",
					"parent": "yibai11",
					"width": 85,
					"height": 178
				}
			}
		}
	},
	{
		"name": "skin5",
		"attachments": {
			"body": {
				"body1": {
					"name": "body",
					"type": "linkedmesh",
					"path": "body55",
					"skin": "skin1",
					"parent": "body1",
					"width": 318,
					"height": 458
				}
			},
			"lingzi": {
				"lingzi1": { "name": "lingzi", "path": "lingzi55", "x": 58.62, "y": 10.72, "width": 334, "height": 74 }
			},
			"liuhai": {
				"liuhai1": {
					"name": "liuhai",
					"type": "linkedmesh",
					"path": "liuhai3",
					"skin": "skin1",
					"parent": "liuhai1",
					"width": 71,
					"height": 106
				}
			},
			"yanjing": {
				"yanjing1": {
					"name": "yanjing",
					"path": "yanjing11111",
					"x": 0.59,
					"y": 17.5,
					"rotation": -89.26,
					"width": 297,
					"height": 123
				}
			},
			"yibai": {
				"yibai2": {
					"name": "yibai",
					"type": "linkedmesh",
					"path": "yibai22222",
					"skin": "skin1",
					"parent": "yibai2",
					"width": 250,
					"height": 182
				}
			},
			"yibai1": {
				"yibai11": {
					"name": "yibai1",
					"type": "linkedmesh",
					"path": "yibai11111",
					"skin": "skin1",
					"parent": "yibai11",
					"width": 85,
					"height": 178
				}
			}
		}
	}
],
"animations": {
	"die": {
		"slots": {
			"g": {
				"attachment": [
					{ "name": null }
				]
			},
			"椭圆 1": {
				"attachment": [
					{ "name": null }
				]
			},
			"泡泡": {
				"attachment": [
					{ "time": 0.1, "name": null }
				]
			},
			"眼睛2": {
				"attachment": [
					{ "time": 0.2, "name": "眼睛2" }
				]
			}
		},
		"bones": {
			"bone": {
				"rotate": [
					{},
					{ "time": 0.1667, "angle": -27.51 },
					{ "time": 0.3333, "angle": -91.18 }
				],
				"translate": [
					{},
					{ "time": 0.1667, "x": 56.5, "y": 49.29 },
					{ "time": 0.3333, "x": 152.67, "y": -41.6 },
					{ "time": 0.4333, "x": 152.67, "y": -20.16 },
					{ "time": 0.5333, "x": 152.67, "y": -41.6 }
				]
			},
			"bone3": {
				"rotate": [
					{},
					{ "time": 0.5333, "angle": -77.35 }
				]
			},
			"bone24": {
				"rotate": [
					{},
					{ "time": 0.5333, "angle": 19.55 }
				],
				"translate": [
					{},
					{ "time": 0.3, "y": 16.76 },
					{ "time": 0.5333, "x": 21.82, "y": 16.76 }
				]
			},
			"bone41": {
				"rotate": [
					{},
					{ "time": 0.3333, "angle": -83.75 },
					{ "time": 0.5333, "angle": -89.82 }
				],
				"translate": [
					{},
					{ "time": 0.1667, "x": -19.31, "y": 43.03 },
					{ "time": 0.3333, "x": 0.61, "y": 83.83 },
					{ "time": 0.4333, "x": -5.27, "y": 93.53 },
					{ "time": 0.5333, "y": 85.41 }
				]
			}
		}
	},
	"hudun": {
		"slots": {
			"aad": {
				"attachment": [
					{ "name": "aad" }
				]
			},
			"body": {
				"attachment": [
					{ "name": null }
				]
			},
			"g": {
				"attachment": [
					{ "name": null }
				]
			},
			"hd/effect_b02_01": {
				"attachment": [
					{ "name": "hd/effect_b02_01" },
					{ "time": 0.0667, "name": "hd/effect_b02_02" },
					{ "time": 0.1333, "name": "hd/effect_b02_03" },
					{ "time": 0.2, "name": "hd/effect_b02_04" },
					{ "time": 0.2667, "name": "hd/effect_b02_05" },
					{ "time": 0.3333, "name": "hd/effect_b02_06" },
					{ "time": 0.4, "name": "hd/effect_b02_07" },
					{ "time": 0.4667, "name": "hd/effect_b02_08" },
					{ "time": 0.5333, "name": "hd/effect_b02_09" },
					{ "time": 0.6, "name": "hd/effect_b02_01" }
				]
			},
			"lingzi": {
				"attachment": [
					{ "name": null }
				]
			},
			"liuhai": {
				"attachment": [
					{ "name": null }
				]
			},
			"yanjing": {
				"attachment": [
					{ "name": null }
				]
			},
			"yibai": {
				"attachment": [
					{ "name": null }
				]
			},
			"yibai1": {
				"attachment": [
					{ "name": null }
				]
			},
			"图层416": {
				"attachment": [
					{ "name": null }
				]
			},
			"图层416(2)": {
				"attachment": [
					{ "name": null }
				]
			},
			"椭圆 1": {
				"attachment": [
					{ "name": null }
				]
			},
			"泡泡": {
				"attachment": [
					{ "name": null }
				]
			},
			"眼睛2": {
				"attachment": [
					{ "name": null }
				]
			}
		},
		"bones": {
			"bone43": {
				"scale": [
					{},
					{ "time": 0.3333, "x": 1.125, "y": 1.125 },
					{ "time": 0.6 }
				]
			},
			"bone8": {
				"translate": [
					{ "y": -1.72 }
				]
			}
		}
	},
	"shot": {
		"slots": {
			"4-4": {
				"attachment": [
					{ "name": "4-4" }
				]
			},
			"g": {
				"color": [
					{ "time": 0.2, "color": "ffffffff" },
					{ "time": 0.3333, "color": "ffffff2b" },
					{ "time": 0.4, "color": "ffffff16" },
					{ "time": 0.4667, "color": "ffffffff" },
					{ "time": 0.5, "color": "ffffff00", "curve": "stepped" },
					{ "time": 1, "color": "ffffff00" },
					{ "time": 1.3333, "color": "ffffffff" },
					{ "time": 1.4667, "color": "ffffff2b" },
					{ "time": 1.5333, "color": "ffffff16" },
					{ "time": 1.6, "color": "ffffffff" },
					{ "time": 1.6333, "color": "ffffff00" }
				]
			},
			"vv1": {
				"attachment": [
					{ "time": 1.6333, "name": "vv1" },
					{ "time": 1.7, "name": "vv2" },
					{ "time": 1.7667, "name": "vv3" },
					{ "time": 1.8333, "name": null }
				]
			},
			"泡泡": {
				"attachment": [
					{ "time": 1.6333, "name": null }
				]
			}
		},
		"bones": {
			"bone": {
				"translate": [
					{},
					{ "time": 0.8333, "y": -2.44 },
					{ "time": 2.1333 }
				]
			},
			"bone2": {
				"rotate": [
					{},
					{ "time": 0.9, "angle": 1.56 },
					{ "time": 1.0667, "angle": -10.18 },
					{ "time": 2.1333 }
				],
				"translate": [
					{},
					{ "time": 0.4333, "y": -4.77 },
					{ "time": 0.5 },
					{ "time": 0.5667, "y": -4.77 },
					{ "time": 0.6333 }
				]
			},
			"bone3": {
				"rotate": [
					{ "time": 0.8333 },
					{ "time": 1.0333, "angle": -17.36 },
					{ "time": 1.5667 }
				]
			},
			"bone4": {
				"rotate": [
					{ "time": 0.8333 },
					{ "time": 1.0333, "angle": -22.74 },
					{ "time": 1.5667 }
				]
			},
			"bone5": {
				"rotate": [
					{ "time": 0.8333 },
					{ "time": 1.0333, "angle": -20.2 },
					{ "time": 1.5667 }
				]
			},
			"bone6": {
				"rotate": [
					{ "time": 0.8333 },
					{ "time": 1.0333, "angle": -27.68 },
					{ "time": 1.5667 }
				]
			},
			"bone8": {
				"rotate": [
					{ "time": 0.9667 },
					{ "time": 1.1667, "angle": -13.57 },
					{ "time": 1.4 }
				]
			},
			"bone10": {
				"rotate": [
					{ "time": 0.8333 },
					{ "time": 1.0333, "angle": -12.83 },
					{ "time": 1.5333 }
				]
			},
			"bone12": {
				"rotate": [
					{ "time": 0.8667 },
					{ "time": 1.0333, "angle": -15.14 },
					{ "time": 1.4 }
				]
			},
			"bone13": {
				"rotate": [
					{ "time": 0.6 },
					{ "time": 0.7333, "angle": -3.55 },
					{ "time": 2.1333 }
				]
			},
			"bone14": {
				"translate": [
					{ "x": 6.91 }
				],
				"scale": [
					{ "x": 0.6, "y": 0.6 },
					{ "time": 0.2 },
					{ "time": 0.6333, "x": 1.3, "y": 1.3 },
					{ "time": 1.1 },
					{ "time": 1.6, "x": 1.4, "y": 1.4 }
				]
			},
			"bone19": {
				"rotate": [
					{ "time": 0.9333 },
					{ "time": 1.1333, "angle": 6.33 },
					{ "time": 2.1333 }
				]
			},
			"bone25": {
				"translate": [
					{ "y": -51.16 },
					{ "time": 0.4667, "y": 246.24 },
					{ "time": 1, "y": -51.16 },
					{ "time": 1.6, "y": 246.24 },
					{ "time": 2.1333, "y": -51.16 }
				]
			},
			"bone26": {
				"rotate": [
					{ "time": 0.5 },
					{ "time": 0.6667, "angle": -15.34, "curve": "stepped" },
					{ "time": 1.4, "angle": -15.34 },
					{ "time": 1.7333 }
				],
				"translate": [
					{ "time": 0.5 },
					{ "time": 0.6667, "y": -5.21, "curve": "stepped" },
					{ "time": 1.4, "y": -5.21 },
					{ "time": 1.7333 }
				]
			},
			"bone27": {
				"rotate": [
					{},
					{ "time": 0.8333, "angle": 2.92 },
					{ "time": 2.1333 }
				]
			},
			"bone16": {
				"rotate": [
					{ "time": 0.9 },
					{ "time": 1.0333, "angle": -10.53 },
					{ "time": 1.8 }
				]
			},
			"bone17": {
				"rotate": [
					{ "time": 0.9 },
					{ "time": 1.0333, "angle": -20.21 },
					{ "time": 1.8 }
				]
			},
			"bone18": {
				"rotate": [
					{ "time": 0.9 },
					{ "time": 1.1, "angle": -24.27 },
					{ "time": 1.8 }
				]
			},
			"bone31": {
				"rotate": [
					{ "time": 0.9 },
					{ "time": 1.1333, "angle": 16.38 },
					{ "time": 1.8333 }
				]
			},
			"bone32": {
				"rotate": [
					{ "time": 0.9 },
					{ "time": 1.1333, "angle": 11.65 },
					{ "time": 1.8333 }
				]
			},
			"bone33": {
				"rotate": [
					{ "time": 0.9 },
					{ "time": 1.1333, "angle": 11.65 },
					{ "time": 1.8333 }
				]
			},
			"bone29": {
				"rotate": [
					{ "time": 0.9 },
					{ "time": 1.0333, "angle": 19.87 },
					{ "time": 1.6 }
				]
			},
			"bone34": {
				"rotate": [
					{ "time": 0.9 },
					{ "time": 1.0333, "angle": 13.59 },
					{ "time": 1.6 }
				]
			},
			"bone21": {
				"rotate": [
					{ "time": 0.9 },
					{ "time": 1.0333, "angle": 13.28 },
					{ "time": 1.6 }
				]
			},
			"bone22": {
				"rotate": [
					{ "time": 0.9 },
					{ "time": 1.0333, "angle": 8.92 },
					{ "time": 1.6 }
				]
			},
			"wuqi": {
				"rotate": [
					{},
					{ "time": 0.3333, "angle": -93.18, "curve": "stepped" },
					{ "time": 0.6333, "angle": -93.18 },
					{ "time": 0.8333, "curve": "stepped" },
					{ "time": 0.9333 },
					{ "time": 1.0333, "angle": -24.06 },
					{ "time": 1.8667, "angle": 24.96 },
					{ "time": 2.1333 }
				],
				"translate": [
					{},
					{ "time": 0.3333, "x": 38.86 },
					{ "time": 0.4333, "x": 38.86, "y": -28.5 },
					{ "time": 0.5333, "x": 38.86 },
					{ "time": 0.6333, "x": 38.86, "y": -28.5 },
					{ "time": 0.8333, "curve": "stepped" },
					{ "time": 0.9333 },
					{ "time": 1.0333, "x": 19.86 },
					{ "time": 1.8667 }
				]
			}
		}
	},
	"standby": {
		"slots": {
			"g": {
				"color": [
					{ "time": 0.2, "color": "ffffffff" },
					{ "time": 0.3333, "color": "ffffff2b" },
					{ "time": 0.4, "color": "ffffff16" },
					{ "time": 0.4667, "color": "ffffffff" },
					{ "time": 0.5, "color": "ffffff00", "curve": "stepped" },
					{ "time": 1, "color": "ffffff00" },
					{ "time": 1.3333, "color": "ffffffff" },
					{ "time": 1.4667, "color": "ffffff2b" },
					{ "time": 1.5333, "color": "ffffff16" },
					{ "time": 1.6, "color": "ffffffff" },
					{ "time": 1.6333, "color": "ffffff00" }
				]
			},
			"vv1": {
				"attachment": [
					{ "time": 1.6333, "name": "vv1" },
					{ "time": 1.7, "name": "vv2" },
					{ "time": 1.7667, "name": "vv3" },
					{ "time": 1.8333, "name": null }
				]
			},
			"泡泡": {
				"attachment": [
					{ "time": 1.6333, "name": null }
				]
			}
		},
		"bones": {
			"bone": {
				"translate": [
					{},
					{ "time": 0.4667, "y": -5.89 },
					{ "time": 1 },
					{ "time": 1.6, "y": -5.89 },
					{ "time": 2.1333 }
				]
			},
			"bone2": {
				"rotate": [
					{},
					{ "time": 0.5, "angle": 0.73 },
					{ "time": 1 },
					{ "time": 1.6333, "angle": 0.73 },
					{ "time": 2.1333 }
				],
				"translate": [
					{},
					{ "time": 0.5, "y": -7 },
					{ "time": 1 },
					{ "time": 1.6333, "y": -7 },
					{ "time": 2.1333 }
				]
			},
			"bone3": {
				"rotate": [
					{},
					{ "time": 0.3333, "angle": -6.91 },
					{ "time": 1 },
					{ "time": 1.4667, "angle": -6.91 },
					{ "time": 2.1333 }
				]
			},
			"bone4": {
				"rotate": [
					{},
					{ "time": 0.3333, "angle": -9.98 },
					{ "time": 0.8, "angle": 6.88 },
					{ "time": 1 },
					{ "time": 1.4667, "angle": -9.98 },
					{ "time": 1.9333, "angle": 6.88 },
					{ "time": 2.1333 }
				]
			},
			"bone5": {
				"rotate": [
					{},
					{ "time": 0.3333, "angle": -0.46 },
					{ "time": 0.4667, "angle": -13.89 },
					{ "time": 0.8333, "angle": 4.47 },
					{ "time": 1 },
					{ "time": 1.4667, "angle": -0.46 },
					{ "time": 1.6, "angle": -13.89 },
					{ "time": 1.9667, "angle": 4.47 },
					{ "time": 2.1333 }
				]
			},
			"bone6": {
				"rotate": [
					{},
					{ "time": 0.3333, "angle": -1.6 },
					{ "time": 0.5333, "angle": -20.83 },
					{ "time": 0.8, "angle": 6.59 },
					{ "time": 1 },
					{ "time": 1.4667, "angle": -1.6 },
					{ "time": 1.6667, "angle": -20.83 },
					{ "time": 1.9333, "angle": 6.59 },
					{ "time": 2.1333 }
				]
			},
			"bone7": {
				"rotate": [
					{},
					{ "time": 0.4667, "angle": 1.57 },
					{ "time": 1 },
					{ "time": 1.6, "angle": 1.57 },
					{ "time": 2.1333 }
				]
			},
			"bone8": {
				"rotate": [
					{},
					{ "time": 0.4667, "angle": 14.67 },
					{ "time": 1 },
					{ "time": 1.6, "angle": 14.67 },
					{ "time": 2.1333 }
				]
			},
			"bone9": {
				"rotate": [
					{},
					{ "time": 0.4667, "angle": 3.63 },
					{ "time": 1 },
					{ "time": 1.6, "angle": 3.63 },
					{ "time": 2.1333 }
				]
			},
			"bone10": {
				"rotate": [
					{},
					{ "time": 0.5, "angle": 11.61 },
					{ "time": 1 },
					{ "time": 1.6333, "angle": 11.61 },
					{ "time": 2.1333 }
				]
			},
			"bone11": {
				"rotate": [
					{},
					{ "time": 0.4667, "angle": 2.9 },
					{ "time": 1 },
					{ "time": 1.6, "angle": 2.9 },
					{ "time": 2.1333 }
				]
			},
			"bone12": {
				"rotate": [
					{},
					{ "time": 0.4667, "angle": 0.08 },
					{ "time": 0.5, "angle": 1.29 },
					{ "time": 1 },
					{ "time": 1.6, "angle": 0.08 },
					{ "time": 1.6333, "angle": 1.29 },
					{ "time": 2.1333 }
				]
			},
			"bone14": {
				"translate": [
					{ "x": 6.91 }
				],
				"scale": [
					{ "x": 0.6, "y": 0.6 },
					{ "time": 0.2 },
					{ "time": 0.6333, "x": 1.3, "y": 1.3 },
					{ "time": 1.1 },
					{ "time": 1.6, "x": 1.4, "y": 1.4 },
					{ "time": 2.1333, "x": 0.6, "y": 0.6 }
				]
			},
			"bone19": {
				"rotate": [
					{},
					{ "time": 0.5333, "angle": -1.52 },
					{ "time": 1 },
					{ "time": 1.6667, "angle": -1.52 },
					{ "time": 2.1333 }
				],
				"translate": [
					{},
					{ "time": 0.5333, "x": -2.64 },
					{ "time": 1 },
					{ "time": 1.6667, "x": -2.64 },
					{ "time": 2.1333 }
				]
			},
			"bone24": {
				"rotate": [
					{},
					{ "time": 0.2333, "angle": -2.12 },
					{ "time": 0.6667, "angle": 0.9 },
					{ "time": 1 },
					{ "time": 1.3667, "angle": -2.12 },
					{ "time": 1.8, "angle": 0.9 },
					{ "time": 2.1333 }
				],
				"translate": [
					{},
					{ "time": 0.5, "x": -1.83 },
					{ "time": 1 },
					{ "time": 1.6333, "x": -1.83 },
					{ "time": 2.1333 }
				]
			},
			"bone25": {
				"translate": [
					{ "y": -51.16 },
					{ "time": 0.4667, "y": 246.24 },
					{ "time": 1, "y": -51.16 },
					{ "time": 1.6, "y": 246.24 },
					{ "time": 2.1333, "y": -51.16 }
				]
			},
			"bone16": {
				"rotate": [
					{},
					{ "time": 0.4667, "angle": -6.24 },
					{ "time": 1 },
					{ "time": 1.6, "angle": -6.24 },
					{ "time": 2.1333 }
				],
				"translate": [
					{},
					{ "time": 0.7, "x": 3.74, "y": 9.37 },
					{ "time": 1 },
					{ "time": 1.8333, "x": 3.74, "y": 9.37 },
					{ "time": 2.1333 }
				]
			},
			"bone17": {
				"rotate": [
					{},
					{ "time": 0.5667, "angle": -11.18 },
					{ "time": 1 },
					{ "time": 1.7, "angle": -11.18 },
					{ "time": 2.1333 }
				]
			},
			"bone18": {
				"rotate": [
					{},
					{ "time": 0.7333, "angle": -11.56 },
					{ "time": 1.1333 },
					{ "time": 1.9, "angle": -11.56 },
					{ "time": 2.1333 }
				]
			},
			"bone31": {
				"rotate": [
					{},
					{ "time": 0.4333, "angle": 11.91 },
					{ "time": 1 },
					{ "time": 1.5667, "angle": 11.91 },
					{ "time": 2.1333 }
				]
			},
			"bone32": {
				"rotate": [
					{},
					{ "time": 0.5, "angle": 12.48 },
					{ "time": 1 },
					{ "time": 1.6333, "angle": 10.54 },
					{ "time": 2.1333 }
				]
			},
			"bone33": {
				"rotate": [
					{},
					{ "time": 0.4667, "angle": 14.63 },
					{ "time": 0.6333, "angle": 0.95 },
					{ "time": 0.8333, "angle": -6.93 },
					{ "time": 1 },
					{ "time": 1.6, "angle": 8.15 },
					{ "time": 1.7667, "angle": 0.95 },
					{ "time": 1.9667, "angle": -6.93 },
					{ "time": 2.1333 }
				],
				"scale": [
					{},
					{ "time": 0.4667, "x": 1.114, "y": 1.2 },
					{ "time": 1 },
					{ "time": 1.6, "x": 1.114, "y": 1.2 },
					{ "time": 2.1333 }
				]
			},
			"bone29": {
				"rotate": [
					{},
					{ "time": 0.4333, "angle": 15.96 },
					{ "time": 1 },
					{ "time": 1.5667, "angle": 10.45 },
					{ "time": 2.1333 }
				]
			},
			"bone30": {
				"rotate": [
					{},
					{ "time": 0.5, "angle": 19.61 },
					{ "time": 1 },
					{ "time": 1.6333, "angle": 19.61 },
					{ "time": 2.1333 }
				]
			},
			"bone34": {
				"rotate": [
					{},
					{ "time": 0.5667, "angle": 21.06 },
					{ "time": 0.8333, "angle": -1.75 },
					{ "time": 1 },
					{ "time": 1.7, "angle": 6.63 },
					{ "time": 1.9667, "angle": -1.75 },
					{ "time": 2.1333 }
				],
				"scale": [
					{},
					{ "time": 0.5667, "x": 0.7, "y": 0.7 },
					{ "time": 1 },
					{ "time": 1.7, "x": 0.7, "y": 0.7 },
					{ "time": 2.1333 }
				]
			},
			"bone21": {
				"rotate": [
					{},
					{ "time": 0.4, "angle": 5.37 },
					{ "time": 1 },
					{ "time": 1.5333, "angle": 5.37 },
					{ "time": 2.1333 }
				]
			},
			"bone22": {
				"rotate": [
					{},
					{ "time": 0.5, "angle": 19.84 },
					{ "time": 1 },
					{ "time": 1.6333, "angle": 19.84 },
					{ "time": 2.1333 }
				],
				"translate": [
					{},
					{ "time": 0.5, "x": 1.99, "y": 12.27 },
					{ "time": 1 },
					{ "time": 1.6333, "x": 1.99, "y": 12.27 },
					{ "time": 2.1333 }
				]
			}
		},
		"deform": {
			"skin1": {
				"body": {
					"body1": [
						{},
						{
							"time": 0.5,
							"offset": 152,
							"vertices": [ 2.51181, 2.29939, -1.08209, 3.22884, 0.68571, 3.33559, 0, 0, 0, 0, 0, 0, 2.51181, 2.29939, -1.08209, 3.22884, 0.68571, 3.33559, 2.51181, 2.29939, 0.68571, 3.33559, 0.68571, 3.33559, 0.68571, 3.33559, 3.40535, 8.0E-4, 0, 3.40535, 0.41904, 3.37944, -1.08209, 3.22884, 0.68571, 3.33559, 3.40535, 8.0E-4, 0, 3.40535, -3.40529, 0.02003, 0.41904, 3.37944 ]
						},
						{
							"time": 0.8333,
							"offset": 92,
							"vertices": [ -0.18186, -2.57422, -1.55432, -2.06, 0, 0, 0, 0, 0, 0, -1.55432, -2.06, 0.91747, -2.412, -1.55432, -2.06, 0.91747, -2.412, -0.37967, -2.55255, 0, 0, 0, 0, 0, 0, -1.55432, -2.06, 0.91747, -2.412, -0.37967, -2.55255, -1.55432, -2.06, 0.91747, -2.412, -0.37967, -2.55255, -0.29587, -2.56361, -0.18186, -2.57422, -1.55432, -2.06, 0.91747, -2.412, -0.37967, -2.55255, -0.29587, -2.56361, 0, 0, 0, 0, 0, 0, 0, 0, 0, 0, -0.4062, -0.88155, 0.37329, -0.85335, -0.07517, -0.93019, 0, 0, 0, 0, 0, 0, -0.4062, -0.88155, 0.37329, -0.85335, -0.07517, -0.93019, -0.4062, -0.88155, -0.07517, -0.93019, -0.07517, -0.93019, -0.07517, -0.93019, -0.92932, -0.01772, 0, -0.9294, -0.097, -0.92442, 0.37329, -0.85335, -0.07517, -0.93019, -0.92932, -0.01772, 0, -0.9294, 0.92938, -0.00547, -0.097, -0.92442 ]
						},
						{ "time": 1 },
						{
							"time": 1.6333,
							"offset": 152,
							"vertices": [ 2.51181, 2.29939, -1.08209, 3.22884, 0.68571, 3.33559, 0, 0, 0, 0, 0, 0, 2.51181, 2.29939, -1.08209, 3.22884, 0.68571, 3.33559, 2.51181, 2.29939, 0.68571, 3.33559, 0.68571, 3.33559, 0.68571, 3.33559, 3.40535, 8.0E-4, 0, 3.40535, 0.41904, 3.37944, -1.08209, 3.22884, 0.68571, 3.33559, 3.40535, 8.0E-4, 0, 3.40535, -3.40529, 0.02003, 0.41904, 3.37944 ]
						},
						{
							"time": 1.9667,
							"offset": 92,
							"vertices": [ -0.18186, -2.57422, -1.55432, -2.06, 0, 0, 0, 0, 0, 0, -1.55432, -2.06, 0.91747, -2.412, -1.55432, -2.06, 0.91747, -2.412, -0.37967, -2.55255, 0, 0, 0, 0, 0, 0, -1.55432, -2.06, 0.91747, -2.412, -0.37967, -2.55255, -1.55432, -2.06, 0.91747, -2.412, -0.37967, -2.55255, -0.29587, -2.56361, -0.18186, -2.57422, -1.55432, -2.06, 0.91747, -2.412, -0.37967, -2.55255, -0.29587, -2.56361, 0, 0, 0, 0, 0, 0, 0, 0, 0, 0, -0.4062, -0.88155, 0.37329, -0.85335, -0.07517, -0.93019, 0, 0, 0, 0, 0, 0, -0.4062, -0.88155, 0.37329, -0.85335, -0.07517, -0.93019, -0.4062, -0.88155, -0.07517, -0.93019, -0.07517, -0.93019, -0.07517, -0.93019, -0.92932, -0.01772, 0, -0.9294, -0.097, -0.92442, 0.37329, -0.85335, -0.07517, -0.93019, -0.92932, -0.01772, 0, -0.9294, 0.92938, -0.00547, -0.097, -0.92442 ]
						},
						{ "time": 2.1333 }
					]
				},
				"yibai": {
					"yibai2": [
						{},
						{
							"time": 0.5,
							"offset": 16,
							"vertices": [ -0.43509, -1.18254, -0.71181, -1.03969, -1.25993, -0.01497, 0, 0, 0, 0, 0, 0, 0, 0, 0, 0, 0, 0, 0, 0, 0, 0, 1.0E-5, 0, 0, 0, 0, 0, 0, 0, 0, 0, 0, 0, 1.0E-5, 0, 0, 0, 0, 0, 0, 0, 1.0E-5, 0, 0, 0, 1.0E-5, 0, 0, 0, 0, 0, 0, 0, 1.0E-5, 0, 0, 0, 0, 0, 0, 0, 1.0E-5, 0, 0, 0, 0, 0, 0, 0, 0, 0, 1.0E-5, 0, 0, 0, 0, 0, 0, 0, 0, 0, 1.0E-5, 0, 0, 0, 0, 0, 1.0E-5, 0, 0, 0, 0, 0, 1.0E-5, 0, 0, 0, 0, 0, 1.0E-5, 0, 0, 0, 0, 0, 1.0E-5, 0, 0, 0, 0, 0, 1.0E-5, 0, 0, 0, 0, 0, 0, 0, 0, 0, 0, 0, 0, 0, 0, 0, 0, 0, 0, 0, 0, 0, 0, 0, 0, 0, 0, 0, 0, 0, 0, 0, 0, 0, 0, 0, 0, 0, 0, 0, 0, 0, 0, 0, 0, 0, 0, 0, 0, 0, 0, 0, 0, 0, 0, 0, 0, 0, 0, 0, 0, 0, 0, 0, 0, 0, 0, 0, 0, 0, 0, 0, 0, 0, 0, 0, 0, 0, 0, 0, 0, 0, 0, 0, 0, 0, 0, 0, 0, 0, 0, 0, -0.17731, 1.83779, 0.45906, 1.78835, 1.84621, 0.02193, 1.04599, 1.52146, -0.17731, 1.83779, 0.47263, 1.78482, 0.89593, 1.61443, 0.99277, 1.55674, 1.04599, 1.52146, 1.15367, 1.44151, -0.17731, 1.83779, 0.47263, 1.78482, 0.89593, 1.61443, 0.99277, 1.55674, 1.04599, 1.52146, 1.15367, 1.44151, -0.17731, 1.83779, 0.47263, 1.78482, 0.89593, 1.61443, 1.84621, 0.02193, 1.04599, 1.52146, -0.17731, 1.83779, 0.47263, 1.78482, 1.84621, 0.02193, -0.17731, 1.83779, 0.47263, 1.78482, 1.84621, 0.02193, 0, 0, 0, 0, 0, 0, 0, 0, 0, 0, 0, 0, 0, 0, 0, 0, -0.17731, 1.83779, 0.45906, 1.78835, 1.84621, 0.02193, 1.04599, 1.52146, -0.17731, 1.83779, 0.99277, 1.55674, 1.04599, 1.52146, 1.15367, 1.44151, -0.17731, 1.83779, 0.89593, 1.61443, 0.99277, 1.55674, 1.04599, 1.52146, 1.15367, 1.44151, -0.17731, 1.83779, 0.89593, 1.61443, 0.99277, 1.55674, 1.04599, 1.52146, 1.15367, 1.44151, 0.99277, 1.55674, 1.15367, 1.44151, -0.17731, 1.83779, 0.89593, 1.61443, 0.99277, 1.55674, 1.04599, 1.52146, 1.15367, 1.44151, 0.88081, 1.62273, 1.11794, 1.46938, 1.15367, 1.44151, -0.17731, 1.83779, 0.89593, 1.61443, 0.99277, 1.55674, 1.04599, 1.52146, 1.15367, 1.44151, -0.17731, 1.83779, 0.89593, 1.61443, 0.99277, 1.55674, 1.04599, 1.52146, 1.15367, 1.44151, -0.17731, 1.83779, 0.47263, 1.78482, 0.89593, 1.61443, -0.05631, 0.58356, 0.03754, 0.60228, 0.58628, 0.00695, 0, 0, 0, 0, 1.11794, 1.46938, 1.15367, 1.44151, 1.11794, 1.46938, 1.15367, 1.44151, 0.88081, 1.62273, 1.11794, 1.46938, 0.45906, 1.78835, 0.88081, 1.62273, 0.45906, 1.78835, 1.84621, 0.02193, 0.45906, 1.78835, 1.84621, 0.02193, -0.17731, 1.83779, 0.89593, 1.61443, 0.99277, 1.55674, 1.04599, 1.52146, 1.15367, 1.44151, -0.17731, 1.83779, 0.89593, 1.61443, 0.99277, 1.55674, 1.04599, 1.52146, 1.15367, 1.44151, -0.17731, 1.83779, 0.89593, 1.61443, 0.99277, 1.55674, 1.04599, 1.52146, 1.15367, 1.44151, -0.17731, 1.83779, 0.47263, 1.78482, 0.89593, 1.61443, 0.99277, 1.55674, 1.04599, 1.52146, 1.15367, 1.44151, -0.17731, 1.83779, 0.47263, 1.78482, 0.89593, 1.61443, 0.99277, 1.55674, 1.04599, 1.52146, 1.15367, 1.44151, -0.17731, 1.83779, 0.47263, 1.78482, 0.89593, 1.61443, 0.99277, 1.55674, 1.04599, 1.52146, 1.15367, 1.44151, -0.17731, 1.83779, 0.47263, 1.78482, 0.89593, 1.61443, 1.84621, 0.02193, -0.17731, 1.83779, 0.47263, 1.78482, 1.84621, 0.02193, -0.17731, 1.83779, 0.47263, 1.78482, 1.84621, 0.02193, -0.17731, 1.83779, 0.47263, 1.78482, 0.89593, 1.61443, 1.84621, 0.02193, -0.17731, 1.83779, 0.47263, 1.78482, 0.89593, 1.61443, 1.84621, 0.02193, 0.72371, 0.40079, 0.66105, 0.0992, 0.66521, -0.06592, 0.33844, -0.7549, 2.11118, -2.13227, 0.49284, -2.79401, -2.30246, -1.92415, -0.10375, -2.9143, 2.11118, -2.13227, 0.49284, -2.79401, -2.30246, -1.92415, -0.10375, -2.9143, -0.17731, 1.83779, 0.45906, 1.78835, 1.84621, 0.02193, 1.04599, 1.52146, -4.01297, 6.03915, -1.16054, 7.23425, 0.6491, 7.298, 6.35567, 3.49015, -0.17731, 1.83779, 0.47263, 1.78482, 0.89593, 1.61443, 0.99277, 1.55674, 1.84621, 0.02193, 1.04599, 1.52146, -0.17731, 1.83779, 0.47263, 1.78482, 0.89593, 1.61443, 0.99277, 1.55674, 1.84621, 0.02193, 1.04599, 1.52146, 1.15367, 1.44151, -0.17731, 1.83779, 0.47263, 1.78482, 0.89593, 1.61443, 0.99277, 1.55674, 1.84621, 0.02193, 1.04599, 1.52146, 1.15367, 1.44151, -0.17731, 1.83779, 0.47263, 1.78482, 0.89593, 1.61443, 0.99277, 1.55674, 1.84621, 0.02193, 1.04599, 1.52146, 1.15367, 1.44151, -0.17731, 1.83779, 0.47263, 1.78482, 0.89593, 1.61443, 0.99277, 1.55674, 1.84621, 0.02193, 1.04599, 1.52146, -0.17731, 1.83779, 0.47263, 1.78482, 0.89593, 1.61443, 1.84621, 0.02193, -0.17731, 1.83779, 0.47263, 1.78482, 0.89593, 1.61443, 0.99277, 1.55674, 1.84621, 0.02193, -1.79684, 2.8242, -0.5586, 3.37617, 0.28646, 3.41011, 0.7161, 3.13264, 2.96551, 1.55263, -0.17731, 1.83779, 0.45906, 1.78835, 1.84621, 0.02193, 1.04599, 1.52146, 0, 0, 0, 0, 0, 0, 0, 0, 0, 0, 0, 0, 0.45906, 1.78835, 0.88081, 1.62273, 1.11794, 1.46938, 1.04599, 1.52146, 1.15367, 1.44151, -0.17731, 1.83779, 0.47262, 1.78482, 0.89593, 1.61442, 1.04599, 1.52146 ]
						},
						{ "time": 1 },
						{
							"time": 1.6333,
							"offset": 16,
							"vertices": [ -0.43509, -1.18254, -0.71181, -1.03969, -1.25993, -0.01497, 0, 0, 0, 0, 0, 0, 0, 0, 0, 0, 0, 0, 0, 0, 0, 0, 1.0E-5, 0, 0, 0, 0, 0, 0, 0, 0, 0, 0, 0, 1.0E-5, 0, 0, 0, 0, 0, 0, 0, 1.0E-5, 0, 0, 0, 1.0E-5, 0, 0, 0, 0, 0, 0, 0, 1.0E-5, 0, 0, 0, 0, 0, 0, 0, 1.0E-5, 0, 0, 0, 0, 0, 0, 0, 0, 0, 1.0E-5, 0, 0, 0, 0, 0, 0, 0, 0, 0, 1.0E-5, 0, 0, 0, 0, 0, 1.0E-5, 0, 0, 0, 0, 0, 1.0E-5, 0, 0, 0, 0, 0, 1.0E-5, 0, 0, 0, 0, 0, 1.0E-5, 0, 0, 0, 0, 0, 1.0E-5, 0, 0, 0, 0, 0, 0, 0, 0, 0, 0, 0, 0, 0, 0, 0, 0, 0, 0, 0, 0, 0, 0, 0, 0, 0, 0, 0, 0, 0, 0, 0, 0, 0, 0, 0, 0, 0, 0, 0, 0, 0, 0, 0, 0, 0, 0, 0, 0, 0, 0, 0, 0, 0, 0, 0, 0, 0, 0, 0, 0, 0, 0, 0, 0, 0, 0, 0, 0, 0, 0, 0, 0, 0, 0, 0, 0, 0, 0, 0, 0, 0, 0, 0, 0, 0, 0, 0, 0, 0, 0, 0, -0.17731, 1.83779, 0.45906, 1.78835, 1.84621, 0.02193, 1.04599, 1.52146, -0.17731, 1.83779, 0.47263, 1.78482, 0.89593, 1.61443, 0.99277, 1.55674, 1.04599, 1.52146, 1.15367, 1.44151, -0.17731, 1.83779, 0.47263, 1.78482, 0.89593, 1.61443, 0.99277, 1.55674, 1.04599, 1.52146, 1.15367, 1.44151, -0.17731, 1.83779, 0.47263, 1.78482, 0.89593, 1.61443, 1.84621, 0.02193, 1.04599, 1.52146, -0.17731, 1.83779, 0.47263, 1.78482, 1.84621, 0.02193, -0.17731, 1.83779, 0.47263, 1.78482, 1.84621, 0.02193, 0, 0, 0, 0, 0, 0, 0, 0, 0, 0, 0, 0, 0, 0, 0, 0, -0.17731, 1.83779, 0.45906, 1.78835, 1.84621, 0.02193, 1.04599, 1.52146, -0.17731, 1.83779, 0.99277, 1.55674, 1.04599, 1.52146, 1.15367, 1.44151, -0.17731, 1.83779, 0.89593, 1.61443, 0.99277, 1.55674, 1.04599, 1.52146, 1.15367, 1.44151, -0.17731, 1.83779, 0.89593, 1.61443, 0.99277, 1.55674, 1.04599, 1.52146, 1.15367, 1.44151, 0.99277, 1.55674, 1.15367, 1.44151, -0.17731, 1.83779, 0.89593, 1.61443, 0.99277, 1.55674, 1.04599, 1.52146, 1.15367, 1.44151, 0.88081, 1.62273, 1.11794, 1.46938, 1.15367, 1.44151, -0.17731, 1.83779, 0.89593, 1.61443, 0.99277, 1.55674, 1.04599, 1.52146, 1.15367, 1.44151, -0.17731, 1.83779, 0.89593, 1.61443, 0.99277, 1.55674, 1.04599, 1.52146, 1.15367, 1.44151, -0.17731, 1.83779, 0.47263, 1.78482, 0.89593, 1.61443, -0.05631, 0.58356, 0.03754, 0.60228, 0.58628, 0.00695, 0, 0, 0, 0, 1.11794, 1.46938, 1.15367, 1.44151, 1.11794, 1.46938, 1.15367, 1.44151, 0.88081, 1.62273, 1.11794, 1.46938, 0.45906, 1.78835, 0.88081, 1.62273, 0.45906, 1.78835, 1.84621, 0.02193, 0.45906, 1.78835, 1.84621, 0.02193, -0.17731, 1.83779, 0.89593, 1.61443, 0.99277, 1.55674, 1.04599, 1.52146, 1.15367, 1.44151, -0.17731, 1.83779, 0.89593, 1.61443, 0.99277, 1.55674, 1.04599, 1.52146, 1.15367, 1.44151, -0.17731, 1.83779, 0.89593, 1.61443, 0.99277, 1.55674, 1.04599, 1.52146, 1.15367, 1.44151, -0.17731, 1.83779, 0.47263, 1.78482, 0.89593, 1.61443, 0.99277, 1.55674, 1.04599, 1.52146, 1.15367, 1.44151, -0.17731, 1.83779, 0.47263, 1.78482, 0.89593, 1.61443, 0.99277, 1.55674, 1.04599, 1.52146, 1.15367, 1.44151, -0.17731, 1.83779, 0.47263, 1.78482, 0.89593, 1.61443, 0.99277, 1.55674, 1.04599, 1.52146, 1.15367, 1.44151, -0.17731, 1.83779, 0.47263, 1.78482, 0.89593, 1.61443, 1.84621, 0.02193, -0.17731, 1.83779, 0.47263, 1.78482, 1.84621, 0.02193, -0.17731, 1.83779, 0.47263, 1.78482, 1.84621, 0.02193, -0.17731, 1.83779, 0.47263, 1.78482, 0.89593, 1.61443, 1.84621, 0.02193, -0.17731, 1.83779, 0.47263, 1.78482, 0.89593, 1.61443, 1.84621, 0.02193, 0.72371, 0.40079, 0.66105, 0.0992, 0.66521, -0.06592, 0.33844, -0.7549, 2.11118, -2.13227, 0.49284, -2.79401, -2.30246, -1.92415, -0.10375, -2.9143, 2.11118, -2.13227, 0.49284, -2.79401, -2.30246, -1.92415, -0.10375, -2.9143, -0.17731, 1.83779, 0.45906, 1.78835, 1.84621, 0.02193, 1.04599, 1.52146, -4.01297, 6.03915, -1.16054, 7.23425, 0.6491, 7.298, 6.35567, 3.49015, -0.17731, 1.83779, 0.47263, 1.78482, 0.89593, 1.61443, 0.99277, 1.55674, 1.84621, 0.02193, 1.04599, 1.52146, -0.17731, 1.83779, 0.47263, 1.78482, 0.89593, 1.61443, 0.99277, 1.55674, 1.84621, 0.02193, 1.04599, 1.52146, 1.15367, 1.44151, -0.17731, 1.83779, 0.47263, 1.78482, 0.89593, 1.61443, 0.99277, 1.55674, 1.84621, 0.02193, 1.04599, 1.52146, 1.15367, 1.44151, -0.17731, 1.83779, 0.47263, 1.78482, 0.89593, 1.61443, 0.99277, 1.55674, 1.84621, 0.02193, 1.04599, 1.52146, 1.15367, 1.44151, -0.17731, 1.83779, 0.47263, 1.78482, 0.89593, 1.61443, 0.99277, 1.55674, 1.84621, 0.02193, 1.04599, 1.52146, -0.17731, 1.83779, 0.47263, 1.78482, 0.89593, 1.61443, 1.84621, 0.02193, -0.17731, 1.83779, 0.47263, 1.78482, 0.89593, 1.61443, 0.99277, 1.55674, 1.84621, 0.02193, -1.79684, 2.8242, -0.5586, 3.37617, 0.28646, 3.41011, 0.7161, 3.13264, 2.96551, 1.55263, -0.17731, 1.83779, 0.45906, 1.78835, 1.84621, 0.02193, 1.04599, 1.52146, 0, 0, 0, 0, 0, 0, 0, 0, 0, 0, 0, 0, 0.45906, 1.78835, 0.88081, 1.62273, 1.11794, 1.46938, 1.04599, 1.52146, 1.15367, 1.44151, -0.17731, 1.83779, 0.47262, 1.78482, 0.89593, 1.61442, 1.04599, 1.52146 ]
						},
						{ "time": 2.1333 }
					]
				}
			}
		}
	},
	"walk": {
		"slots": {
			"g": {
				"color": [
					{ "time": 0.2, "color": "ffffffff" },
					{ "time": 0.3333, "color": "ffffff2b" },
					{ "time": 0.4, "color": "ffffff16" },
					{ "time": 0.4667, "color": "ffffffff" },
					{ "time": 0.5, "color": "ffffff00", "curve": "stepped" },
					{ "time": 1, "color": "ffffff00" },
					{ "time": 1.3333, "color": "ffffffff" },
					{ "time": 1.4667, "color": "ffffff2b" },
					{ "time": 1.5333, "color": "ffffff16" },
					{ "time": 1.6, "color": "ffffffff" },
					{ "time": 1.6333, "color": "ffffff00" }
				]
			},
			"vv1": {
				"attachment": [
					{ "time": 1.6333, "name": "vv1" },
					{ "time": 1.7, "name": "vv2" },
					{ "time": 1.7667, "name": "vv3" },
					{ "time": 1.8333, "name": null }
				]
			},
			"泡泡": {
				"attachment": [
					{ "time": 1.6333, "name": null }
				]
			}
		},
		"bones": {
			"bone": {
				"translate": [
					{},
					{ "time": 0.4667, "y": -5.89 },
					{ "time": 1 },
					{ "time": 1.6, "y": -5.89 },
					{ "time": 2.1333 }
				]
			},
			"bone2": {
				"rotate": [
					{},
					{ "time": 0.5, "angle": 0.73 },
					{ "time": 1 },
					{ "time": 1.6333, "angle": 0.73 },
					{ "time": 2.1333 }
				],
				"translate": [
					{},
					{ "time": 0.5, "y": -7 },
					{ "time": 1 },
					{ "time": 1.6333, "y": -7 },
					{ "time": 2.1333 }
				]
			},
			"bone3": {
				"rotate": [
					{},
					{ "time": 0.3333, "angle": -6.91 },
					{ "time": 1 },
					{ "time": 1.4667, "angle": -6.91 },
					{ "time": 2.1333 }
				]
			},
			"bone4": {
				"rotate": [
					{},
					{ "time": 0.3333, "angle": -9.98 },
					{ "time": 0.8, "angle": 6.88 },
					{ "time": 1 },
					{ "time": 1.4667, "angle": -9.98 },
					{ "time": 1.9333, "angle": 6.88 },
					{ "time": 2.1333 }
				]
			},
			"bone5": {
				"rotate": [
					{},
					{ "time": 0.3333, "angle": -0.46 },
					{ "time": 0.4667, "angle": -13.89 },
					{ "time": 0.8333, "angle": 4.47 },
					{ "time": 1 },
					{ "time": 1.4667, "angle": -0.46 },
					{ "time": 1.6, "angle": -13.89 },
					{ "time": 1.9667, "angle": 4.47 },
					{ "time": 2.1333 }
				]
			},
			"bone6": {
				"rotate": [
					{},
					{ "time": 0.3333, "angle": -1.6 },
					{ "time": 0.5333, "angle": -20.83 },
					{ "time": 0.8, "angle": 6.59 },
					{ "time": 1 },
					{ "time": 1.4667, "angle": -1.6 },
					{ "time": 1.6667, "angle": -20.83 },
					{ "time": 1.9333, "angle": 6.59 },
					{ "time": 2.1333 }
				]
			},
			"bone7": {
				"rotate": [
					{},
					{ "time": 0.4667, "angle": 1.57 },
					{ "time": 1 },
					{ "time": 1.6, "angle": 1.57 },
					{ "time": 2.1333 }
				]
			},
			"bone8": {
				"rotate": [
					{},
					{ "time": 0.4667, "angle": 14.67 },
					{ "time": 1 },
					{ "time": 1.6, "angle": 14.67 },
					{ "time": 2.1333 }
				]
			},
			"bone9": {
				"rotate": [
					{},
					{ "time": 0.4667, "angle": 3.63 },
					{ "time": 1 },
					{ "time": 1.6, "angle": 3.63 },
					{ "time": 2.1333 }
				]
			},
			"bone10": {
				"rotate": [
					{},
					{ "time": 0.5, "angle": 11.61 },
					{ "time": 1 },
					{ "time": 1.6333, "angle": 11.61 },
					{ "time": 2.1333 }
				]
			},
			"bone11": {
				"rotate": [
					{},
					{ "time": 0.4667, "angle": 2.9 },
					{ "time": 1 },
					{ "time": 1.6, "angle": 2.9 },
					{ "time": 2.1333 }
				]
			},
			"bone12": {
				"rotate": [
					{},
					{ "time": 0.4667, "angle": 0.08 },
					{ "time": 0.5, "angle": 1.29 },
					{ "time": 1 },
					{ "time": 1.6, "angle": 0.08 },
					{ "time": 1.6333, "angle": 1.29 },
					{ "time": 2.1333 }
				]
			},
			"bone14": {
				"translate": [
					{ "x": 6.91 }
				],
				"scale": [
					{ "x": 0.6, "y": 0.6 },
					{ "time": 0.2 },
					{ "time": 0.6333, "x": 1.3, "y": 1.3 },
					{ "time": 1.1 },
					{ "time": 1.6, "x": 1.4, "y": 1.4 },
					{ "time": 2.1333, "x": 0.6, "y": 0.6 }
				]
			},
			"bone19": {
				"rotate": [
					{},
					{ "time": 0.5333, "angle": -1.52 },
					{ "time": 1 },
					{ "time": 1.6667, "angle": -1.52 },
					{ "time": 2.1333 }
				],
				"translate": [
					{},
					{ "time": 0.5333, "x": -2.64 },
					{ "time": 1 },
					{ "time": 1.6667, "x": -2.64 },
					{ "time": 2.1333 }
				]
			},
			"bone24": {
				"rotate": [
					{},
					{ "time": 0.2333, "angle": -2.12 },
					{ "time": 0.6667, "angle": 0.9 },
					{ "time": 1 },
					{ "time": 1.3667, "angle": -2.12 },
					{ "time": 1.8, "angle": 0.9 },
					{ "time": 2.1333 }
				],
				"translate": [
					{},
					{ "time": 0.5, "x": -1.83 },
					{ "time": 1 },
					{ "time": 1.6333, "x": -1.83 },
					{ "time": 2.1333 }
				]
			},
			"bone25": {
				"translate": [
					{ "y": -51.16 },
					{ "time": 0.4667, "y": 246.24 },
					{ "time": 1, "y": -51.16 },
					{ "time": 1.6, "y": 246.24 },
					{ "time": 2.1333, "y": -51.16 }
				]
			},
			"bone26": {
				"rotate": [
					{},
					{ "time": 0.3333, "angle": 48.33 },
					{ "time": 0.6667 },
					{ "time": 1, "angle": 48.33 },
					{ "time": 1.3333 },
					{ "time": 1.6667, "angle": 48.33 },
					{ "time": 2.1333 }
				],
				"translate": [
					{},
					{ "time": 0.3333, "x": 14.87 },
					{ "time": 0.6667 },
					{ "time": 1, "x": 14.87 },
					{ "time": 1.3333 },
					{ "time": 1.6667, "x": 14.87 },
					{ "time": 2.1333 }
				]
			},
			"bone27": {
				"rotate": [
					{},
					{ "time": 0.3333, "angle": -54.7 },
					{ "time": 0.6667 },
					{ "time": 1, "angle": -54.7 },
					{ "time": 1.3333 },
					{ "time": 1.6667, "angle": -54.7 },
					{ "time": 2.1333 }
				],
				"translate": [
					{},
					{ "time": 0.3333, "x": -13.51 },
					{ "time": 0.6667 },
					{ "time": 1, "x": -13.51 },
					{ "time": 1.3333 },
					{ "time": 1.6667, "x": -13.51 },
					{ "time": 2.1333 }
				]
			},
			"bone16": {
				"rotate": [
					{},
					{ "time": 0.4667, "angle": -6.24 },
					{ "time": 1 },
					{ "time": 1.6, "angle": -6.24 },
					{ "time": 2.1333 }
				],
				"translate": [
					{},
					{ "time": 0.7, "x": 3.74, "y": 9.37 },
					{ "time": 1 },
					{ "time": 1.8333, "x": 3.74, "y": 9.37 },
					{ "time": 2.1333 }
				]
			},
			"bone17": {
				"rotate": [
					{},
					{ "time": 0.5667, "angle": -11.18 },
					{ "time": 1 },
					{ "time": 1.7, "angle": -11.18 },
					{ "time": 2.1333 }
				]
			},
			"bone18": {
				"rotate": [
					{},
					{ "time": 0.7667, "angle": -11.56 },
					{ "time": 1 },
					{ "time": 1.9, "angle": -11.56 },
					{ "time": 2.1333 }
				]
			},
			"bone31": {
				"rotate": [
					{},
					{ "time": 0.4333, "angle": 11.91 },
					{ "time": 1 },
					{ "time": 1.5667, "angle": 11.91 },
					{ "time": 2.1333 }
				]
			},
			"bone32": {
				"rotate": [
					{},
					{ "time": 0.5, "angle": 10.54 },
					{ "time": 1 },
					{ "time": 1.6333, "angle": 10.54 },
					{ "time": 2.1333 }
				]
			},
			"bone33": {
				"rotate": [
					{},
					{ "time": 0.4667, "angle": 8.15 },
					{ "time": 0.6333, "angle": 0.95 },
					{ "time": 0.8333, "angle": -6.93 },
					{ "time": 1 },
					{ "time": 1.6, "angle": 8.15 },
					{ "time": 1.7667, "angle": 0.95 },
					{ "time": 1.9667, "angle": -6.93 },
					{ "time": 2.1333 }
				],
				"scale": [
					{},
					{ "time": 0.4667, "x": 1.114, "y": 1.2 },
					{ "time": 1 },
					{ "time": 1.6, "x": 1.114, "y": 1.2 },
					{ "time": 2.1333 }
				]
			},
			"bone29": {
				"rotate": [
					{},
					{ "time": 0.4333, "angle": 10.45 },
					{ "time": 1 },
					{ "time": 1.5667, "angle": 10.45 },
					{ "time": 2.1333 }
				]
			},
			"bone30": {
				"rotate": [
					{},
					{ "time": 0.5, "angle": 19.61 },
					{ "time": 1 },
					{ "time": 1.6333, "angle": 19.61 },
					{ "time": 2.1333 }
				]
			},
			"bone34": {
				"rotate": [
					{},
					{ "time": 0.5667, "angle": 6.63 },
					{ "time": 0.8333, "angle": -1.75 },
					{ "time": 1 },
					{ "time": 1.7, "angle": 6.63 },
					{ "time": 1.9667, "angle": -1.75 },
					{ "time": 2.1333 }
				],
				"scale": [
					{},
					{ "time": 0.5667, "x": 0.7, "y": 0.7 },
					{ "time": 1 },
					{ "time": 1.7, "x": 0.7, "y": 0.7 },
					{ "time": 2.1333 }
				]
			},
			"bone21": {
				"rotate": [
					{},
					{ "time": 0.4, "angle": 5.37 },
					{ "time": 1 },
					{ "time": 1.5333, "angle": 5.37 },
					{ "time": 2.1333 }
				]
			},
			"bone22": {
				"rotate": [
					{},
					{ "time": 0.5, "angle": 19.84 },
					{ "time": 1 },
					{ "time": 1.6333, "angle": 19.84 },
					{ "time": 2.1333 }
				],
				"translate": [
					{},
					{ "time": 0.5, "x": 1.99, "y": 12.27 },
					{ "time": 1 },
					{ "time": 1.6333, "x": 1.99, "y": 12.27 },
					{ "time": 2.1333 }
				]
			}
		},
		"deform": {
			"skin1": {
				"body": {
					"body1": [
						{},
						{
							"time": 0.5,
							"offset": 152,
							"vertices": [ 2.51181, 2.29939, -1.08209, 3.22884, 0.68571, 3.33559, 0, 0, 0, 0, 0, 0, 2.51181, 2.29939, -1.08209, 3.22884, 0.68571, 3.33559, 2.51181, 2.29939, 0.68571, 3.33559, 0.68571, 3.33559, 0.68571, 3.33559, 3.40535, 8.0E-4, 0, 3.40535, 0.41904, 3.37944, -1.08209, 3.22884, 0.68571, 3.33559, 3.40535, 8.0E-4, 0, 3.40535, -3.40529, 0.02003, 0.41904, 3.37944 ]
						},
						{
							"time": 0.8333,
							"offset": 92,
							"vertices": [ -0.18186, -2.57422, -1.55432, -2.06, 0, 0, 0, 0, 0, 0, -1.55432, -2.06, 0.91747, -2.412, -1.55432, -2.06, 0.91747, -2.412, -0.37967, -2.55255, 0, 0, 0, 0, 0, 0, -1.55432, -2.06, 0.91747, -2.412, -0.37967, -2.55255, -1.55432, -2.06, 0.91747, -2.412, -0.37967, -2.55255, -0.29587, -2.56361, -0.18186, -2.57422, -1.55432, -2.06, 0.91747, -2.412, -0.37967, -2.55255, -0.29587, -2.56361, 0, 0, 0, 0, 0, 0, 0, 0, 0, 0, -0.4062, -0.88155, 0.37329, -0.85335, -0.07517, -0.93019, 0, 0, 0, 0, 0, 0, -0.4062, -0.88155, 0.37329, -0.85335, -0.07517, -0.93019, -0.4062, -0.88155, -0.07517, -0.93019, -0.07517, -0.93019, -0.07517, -0.93019, -0.92932, -0.01772, 0, -0.9294, -0.097, -0.92442, 0.37329, -0.85335, -0.07517, -0.93019, -0.92932, -0.01772, 0, -0.9294, 0.92938, -0.00547, -0.097, -0.92442 ]
						},
						{ "time": 1 },
						{
							"time": 1.6333,
							"offset": 152,
							"vertices": [ 2.51181, 2.29939, -1.08209, 3.22884, 0.68571, 3.33559, 0, 0, 0, 0, 0, 0, 2.51181, 2.29939, -1.08209, 3.22884, 0.68571, 3.33559, 2.51181, 2.29939, 0.68571, 3.33559, 0.68571, 3.33559, 0.68571, 3.33559, 3.40535, 8.0E-4, 0, 3.40535, 0.41904, 3.37944, -1.08209, 3.22884, 0.68571, 3.33559, 3.40535, 8.0E-4, 0, 3.40535, -3.40529, 0.02003, 0.41904, 3.37944 ]
						},
						{
							"time": 1.9667,
							"offset": 92,
							"vertices": [ -0.18186, -2.57422, -1.55432, -2.06, 0, 0, 0, 0, 0, 0, -1.55432, -2.06, 0.91747, -2.412, -1.55432, -2.06, 0.91747, -2.412, -0.37967, -2.55255, 0, 0, 0, 0, 0, 0, -1.55432, -2.06, 0.91747, -2.412, -0.37967, -2.55255, -1.55432, -2.06, 0.91747, -2.412, -0.37967, -2.55255, -0.29587, -2.56361, -0.18186, -2.57422, -1.55432, -2.06, 0.91747, -2.412, -0.37967, -2.55255, -0.29587, -2.56361, 0, 0, 0, 0, 0, 0, 0, 0, 0, 0, -0.4062, -0.88155, 0.37329, -0.85335, -0.07517, -0.93019, 0, 0, 0, 0, 0, 0, -0.4062, -0.88155, 0.37329, -0.85335, -0.07517, -0.93019, -0.4062, -0.88155, -0.07517, -0.93019, -0.07517, -0.93019, -0.07517, -0.93019, -0.92932, -0.01772, 0, -0.9294, -0.097, -0.92442, 0.37329, -0.85335, -0.07517, -0.93019, -0.92932, -0.01772, 0, -0.9294, 0.92938, -0.00547, -0.097, -0.92442 ]
						},
						{ "time": 2.1333 }
					]
				},
				"yibai": {
					"yibai2": [
						{},
						{
							"time": 0.5,
							"offset": 16,
							"vertices": [ -0.43509, -1.18254, -0.71181, -1.03969, -1.25993, -0.01497, 0, 0, 0, 0, 0, 0, 0, 0, 0, 0, 0, 0, 0, 0, 0, 0, 1.0E-5, 0, 0, 0, 0, 0, 0, 0, 0, 0, 0, 0, 1.0E-5, 0, 0, 0, 0, 0, 0, 0, 1.0E-5, 0, 0, 0, 1.0E-5, 0, 0, 0, 0, 0, 0, 0, 1.0E-5, 0, 0, 0, 0, 0, 0, 0, 1.0E-5, 0, 0, 0, 0, 0, 0, 0, 0, 0, 1.0E-5, 0, 0, 0, 0, 0, 0, 0, 0, 0, 1.0E-5, 0, 0, 0, 0, 0, 1.0E-5, 0, 0, 0, 0, 0, 1.0E-5, 0, 0, 0, 0, 0, 1.0E-5, 0, 0, 0, 0, 0, 1.0E-5, 0, 0, 0, 0, 0, 1.0E-5, 0, 0, 0, 0, 0, 0, 0, 0, 0, 0, 0, 0, 0, 0, 0, 0, 0, 0, 0, 0, 0, 0, 0, 0, 0, 0, 0, 0, 0, 0, 0, 0, 0, 0, 0, 0, 0, 0, 0, 0, 0, 0, 0, 0, 0, 0, 0, 0, 0, 0, 0, 0, 0, 0, 0, 0, 0, 0, 0, 0, 0, 0, 0, 0, 0, 0, 0, 0, 0, 0, 0, 0, 0, 0, 0, 0, 0, 0, 0, 0, 0, 0, 0, 0, 0, 0, 0, 0, 0, 0, 0, -0.17731, 1.83779, 0.45906, 1.78835, 1.84621, 0.02193, 1.04599, 1.52146, -0.17731, 1.83779, 0.47263, 1.78482, 0.89593, 1.61443, 0.99277, 1.55674, 1.04599, 1.52146, 1.15367, 1.44151, -0.17731, 1.83779, 0.47263, 1.78482, 0.89593, 1.61443, 0.99277, 1.55674, 1.04599, 1.52146, 1.15367, 1.44151, -0.17731, 1.83779, 0.47263, 1.78482, 0.89593, 1.61443, 1.84621, 0.02193, 1.04599, 1.52146, -0.17731, 1.83779, 0.47263, 1.78482, 1.84621, 0.02193, -0.17731, 1.83779, 0.47263, 1.78482, 1.84621, 0.02193, 0, 0, 0, 0, 0, 0, 0, 0, 0, 0, 0, 0, 0, 0, 0, 0, -0.17731, 1.83779, 0.45906, 1.78835, 1.84621, 0.02193, 1.04599, 1.52146, -0.17731, 1.83779, 0.99277, 1.55674, 1.04599, 1.52146, 1.15367, 1.44151, -0.17731, 1.83779, 0.89593, 1.61443, 0.99277, 1.55674, 1.04599, 1.52146, 1.15367, 1.44151, -0.17731, 1.83779, 0.89593, 1.61443, 0.99277, 1.55674, 1.04599, 1.52146, 1.15367, 1.44151, 0.99277, 1.55674, 1.15367, 1.44151, -0.17731, 1.83779, 0.89593, 1.61443, 0.99277, 1.55674, 1.04599, 1.52146, 1.15367, 1.44151, 0.88081, 1.62273, 1.11794, 1.46938, 1.15367, 1.44151, -0.17731, 1.83779, 0.89593, 1.61443, 0.99277, 1.55674, 1.04599, 1.52146, 1.15367, 1.44151, -0.17731, 1.83779, 0.89593, 1.61443, 0.99277, 1.55674, 1.04599, 1.52146, 1.15367, 1.44151, -0.17731, 1.83779, 0.47263, 1.78482, 0.89593, 1.61443, -0.05631, 0.58356, 0.03754, 0.60228, 0.58628, 0.00695, 0, 0, 0, 0, 1.11794, 1.46938, 1.15367, 1.44151, 1.11794, 1.46938, 1.15367, 1.44151, 0.88081, 1.62273, 1.11794, 1.46938, 0.45906, 1.78835, 0.88081, 1.62273, 0.45906, 1.78835, 1.84621, 0.02193, 0.45906, 1.78835, 1.84621, 0.02193, -0.17731, 1.83779, 0.89593, 1.61443, 0.99277, 1.55674, 1.04599, 1.52146, 1.15367, 1.44151, -0.17731, 1.83779, 0.89593, 1.61443, 0.99277, 1.55674, 1.04599, 1.52146, 1.15367, 1.44151, -0.17731, 1.83779, 0.89593, 1.61443, 0.99277, 1.55674, 1.04599, 1.52146, 1.15367, 1.44151, -0.17731, 1.83779, 0.47263, 1.78482, 0.89593, 1.61443, 0.99277, 1.55674, 1.04599, 1.52146, 1.15367, 1.44151, -0.17731, 1.83779, 0.47263, 1.78482, 0.89593, 1.61443, 0.99277, 1.55674, 1.04599, 1.52146, 1.15367, 1.44151, -0.17731, 1.83779, 0.47263, 1.78482, 0.89593, 1.61443, 0.99277, 1.55674, 1.04599, 1.52146, 1.15367, 1.44151, -0.17731, 1.83779, 0.47263, 1.78482, 0.89593, 1.61443, 1.84621, 0.02193, -0.17731, 1.83779, 0.47263, 1.78482, 1.84621, 0.02193, -0.17731, 1.83779, 0.47263, 1.78482, 1.84621, 0.02193, -0.17731, 1.83779, 0.47263, 1.78482, 0.89593, 1.61443, 1.84621, 0.02193, -0.17731, 1.83779, 0.47263, 1.78482, 0.89593, 1.61443, 1.84621, 0.02193, 0.72371, 0.40079, 0.66105, 0.0992, 0.66521, -0.06592, 0.33844, -0.7549, 2.11118, -2.13227, 0.49284, -2.79401, -2.30246, -1.92415, -0.10375, -2.9143, 2.11118, -2.13227, 0.49284, -2.79401, -2.30246, -1.92415, -0.10375, -2.9143, -0.17731, 1.83779, 0.45906, 1.78835, 1.84621, 0.02193, 1.04599, 1.52146, -4.01297, 6.03915, -1.16054, 7.23425, 0.6491, 7.298, 6.35567, 3.49015, -0.17731, 1.83779, 0.47263, 1.78482, 0.89593, 1.61443, 0.99277, 1.55674, 1.84621, 0.02193, 1.04599, 1.52146, -0.17731, 1.83779, 0.47263, 1.78482, 0.89593, 1.61443, 0.99277, 1.55674, 1.84621, 0.02193, 1.04599, 1.52146, 1.15367, 1.44151, -0.17731, 1.83779, 0.47263, 1.78482, 0.89593, 1.61443, 0.99277, 1.55674, 1.84621, 0.02193, 1.04599, 1.52146, 1.15367, 1.44151, -0.17731, 1.83779, 0.47263, 1.78482, 0.89593, 1.61443, 0.99277, 1.55674, 1.84621, 0.02193, 1.04599, 1.52146, 1.15367, 1.44151, -0.17731, 1.83779, 0.47263, 1.78482, 0.89593, 1.61443, 0.99277, 1.55674, 1.84621, 0.02193, 1.04599, 1.52146, -0.17731, 1.83779, 0.47263, 1.78482, 0.89593, 1.61443, 1.84621, 0.02193, -0.17731, 1.83779, 0.47263, 1.78482, 0.89593, 1.61443, 0.99277, 1.55674, 1.84621, 0.02193, -1.79684, 2.8242, -0.5586, 3.37617, 0.28646, 3.41011, 0.7161, 3.13264, 2.96551, 1.55263, -0.17731, 1.83779, 0.45906, 1.78835, 1.84621, 0.02193, 1.04599, 1.52146, 0, 0, 0, 0, 0, 0, 0, 0, 0, 0, 0, 0, 0.45906, 1.78835, 0.88081, 1.62273, 1.11794, 1.46938, 1.04599, 1.52146, 1.15367, 1.44151, -0.17731, 1.83779, 0.47262, 1.78482, 0.89593, 1.61442, 1.04599, 1.52146 ]
						},
						{ "time": 1 },
						{
							"time": 1.6333,
							"offset": 16,
							"vertices": [ -0.43509, -1.18254, -0.71181, -1.03969, -1.25993, -0.01497, 0, 0, 0, 0, 0, 0, 0, 0, 0, 0, 0, 0, 0, 0, 0, 0, 1.0E-5, 0, 0, 0, 0, 0, 0, 0, 0, 0, 0, 0, 1.0E-5, 0, 0, 0, 0, 0, 0, 0, 1.0E-5, 0, 0, 0, 1.0E-5, 0, 0, 0, 0, 0, 0, 0, 1.0E-5, 0, 0, 0, 0, 0, 0, 0, 1.0E-5, 0, 0, 0, 0, 0, 0, 0, 0, 0, 1.0E-5, 0, 0, 0, 0, 0, 0, 0, 0, 0, 1.0E-5, 0, 0, 0, 0, 0, 1.0E-5, 0, 0, 0, 0, 0, 1.0E-5, 0, 0, 0, 0, 0, 1.0E-5, 0, 0, 0, 0, 0, 1.0E-5, 0, 0, 0, 0, 0, 1.0E-5, 0, 0, 0, 0, 0, 0, 0, 0, 0, 0, 0, 0, 0, 0, 0, 0, 0, 0, 0, 0, 0, 0, 0, 0, 0, 0, 0, 0, 0, 0, 0, 0, 0, 0, 0, 0, 0, 0, 0, 0, 0, 0, 0, 0, 0, 0, 0, 0, 0, 0, 0, 0, 0, 0, 0, 0, 0, 0, 0, 0, 0, 0, 0, 0, 0, 0, 0, 0, 0, 0, 0, 0, 0, 0, 0, 0, 0, 0, 0, 0, 0, 0, 0, 0, 0, 0, 0, 0, 0, 0, 0, -0.17731, 1.83779, 0.45906, 1.78835, 1.84621, 0.02193, 1.04599, 1.52146, -0.17731, 1.83779, 0.47263, 1.78482, 0.89593, 1.61443, 0.99277, 1.55674, 1.04599, 1.52146, 1.15367, 1.44151, -0.17731, 1.83779, 0.47263, 1.78482, 0.89593, 1.61443, 0.99277, 1.55674, 1.04599, 1.52146, 1.15367, 1.44151, -0.17731, 1.83779, 0.47263, 1.78482, 0.89593, 1.61443, 1.84621, 0.02193, 1.04599, 1.52146, -0.17731, 1.83779, 0.47263, 1.78482, 1.84621, 0.02193, -0.17731, 1.83779, 0.47263, 1.78482, 1.84621, 0.02193, 0, 0, 0, 0, 0, 0, 0, 0, 0, 0, 0, 0, 0, 0, 0, 0, -0.17731, 1.83779, 0.45906, 1.78835, 1.84621, 0.02193, 1.04599, 1.52146, -0.17731, 1.83779, 0.99277, 1.55674, 1.04599, 1.52146, 1.15367, 1.44151, -0.17731, 1.83779, 0.89593, 1.61443, 0.99277, 1.55674, 1.04599, 1.52146, 1.15367, 1.44151, -0.17731, 1.83779, 0.89593, 1.61443, 0.99277, 1.55674, 1.04599, 1.52146, 1.15367, 1.44151, 0.99277, 1.55674, 1.15367, 1.44151, -0.17731, 1.83779, 0.89593, 1.61443, 0.99277, 1.55674, 1.04599, 1.52146, 1.15367, 1.44151, 0.88081, 1.62273, 1.11794, 1.46938, 1.15367, 1.44151, -0.17731, 1.83779, 0.89593, 1.61443, 0.99277, 1.55674, 1.04599, 1.52146, 1.15367, 1.44151, -0.17731, 1.83779, 0.89593, 1.61443, 0.99277, 1.55674, 1.04599, 1.52146, 1.15367, 1.44151, -0.17731, 1.83779, 0.47263, 1.78482, 0.89593, 1.61443, -0.05631, 0.58356, 0.03754, 0.60228, 0.58628, 0.00695, 0, 0, 0, 0, 1.11794, 1.46938, 1.15367, 1.44151, 1.11794, 1.46938, 1.15367, 1.44151, 0.88081, 1.62273, 1.11794, 1.46938, 0.45906, 1.78835, 0.88081, 1.62273, 0.45906, 1.78835, 1.84621, 0.02193, 0.45906, 1.78835, 1.84621, 0.02193, -0.17731, 1.83779, 0.89593, 1.61443, 0.99277, 1.55674, 1.04599, 1.52146, 1.15367, 1.44151, -0.17731, 1.83779, 0.89593, 1.61443, 0.99277, 1.55674, 1.04599, 1.52146, 1.15367, 1.44151, -0.17731, 1.83779, 0.89593, 1.61443, 0.99277, 1.55674, 1.04599, 1.52146, 1.15367, 1.44151, -0.17731, 1.83779, 0.47263, 1.78482, 0.89593, 1.61443, 0.99277, 1.55674, 1.04599, 1.52146, 1.15367, 1.44151, -0.17731, 1.83779, 0.47263, 1.78482, 0.89593, 1.61443, 0.99277, 1.55674, 1.04599, 1.52146, 1.15367, 1.44151, -0.17731, 1.83779, 0.47263, 1.78482, 0.89593, 1.61443, 0.99277, 1.55674, 1.04599, 1.52146, 1.15367, 1.44151, -0.17731, 1.83779, 0.47263, 1.78482, 0.89593, 1.61443, 1.84621, 0.02193, -0.17731, 1.83779, 0.47263, 1.78482, 1.84621, 0.02193, -0.17731, 1.83779, 0.47263, 1.78482, 1.84621, 0.02193, -0.17731, 1.83779, 0.47263, 1.78482, 0.89593, 1.61443, 1.84621, 0.02193, -0.17731, 1.83779, 0.47263, 1.78482, 0.89593, 1.61443, 1.84621, 0.02193, 0.72371, 0.40079, 0.66105, 0.0992, 0.66521, -0.06592, 0.33844, -0.7549, 2.11118, -2.13227, 0.49284, -2.79401, -2.30246, -1.92415, -0.10375, -2.9143, 2.11118, -2.13227, 0.49284, -2.79401, -2.30246, -1.92415, -0.10375, -2.9143, -0.17731, 1.83779, 0.45906, 1.78835, 1.84621, 0.02193, 1.04599, 1.52146, -4.01297, 6.03915, -1.16054, 7.23425, 0.6491, 7.298, 6.35567, 3.49015, -0.17731, 1.83779, 0.47263, 1.78482, 0.89593, 1.61443, 0.99277, 1.55674, 1.84621, 0.02193, 1.04599, 1.52146, -0.17731, 1.83779, 0.47263, 1.78482, 0.89593, 1.61443, 0.99277, 1.55674, 1.84621, 0.02193, 1.04599, 1.52146, 1.15367, 1.44151, -0.17731, 1.83779, 0.47263, 1.78482, 0.89593, 1.61443, 0.99277, 1.55674, 1.84621, 0.02193, 1.04599, 1.52146, 1.15367, 1.44151, -0.17731, 1.83779, 0.47263, 1.78482, 0.89593, 1.61443, 0.99277, 1.55674, 1.84621, 0.02193, 1.04599, 1.52146, 1.15367, 1.44151, -0.17731, 1.83779, 0.47263, 1.78482, 0.89593, 1.61443, 0.99277, 1.55674, 1.84621, 0.02193, 1.04599, 1.52146, -0.17731, 1.83779, 0.47263, 1.78482, 0.89593, 1.61443, 1.84621, 0.02193, -0.17731, 1.83779, 0.47263, 1.78482, 0.89593, 1.61443, 0.99277, 1.55674, 1.84621, 0.02193, -1.79684, 2.8242, -0.5586, 3.37617, 0.28646, 3.41011, 0.7161, 3.13264, 2.96551, 1.55263, -0.17731, 1.83779, 0.45906, 1.78835, 1.84621, 0.02193, 1.04599, 1.52146, 0, 0, 0, 0, 0, 0, 0, 0, 0, 0, 0, 0, 0.45906, 1.78835, 0.88081, 1.62273, 1.11794, 1.46938, 1.04599, 1.52146, 1.15367, 1.44151, -0.17731, 1.83779, 0.47262, 1.78482, 0.89593, 1.61442, 1.04599, 1.52146 ]
						},
						{ "time": 2.1333 }
					]
				}
			}
		}
	},
	"zhiliao": {
		"slots": {
			"body": {
				"attachment": [
					{ "name": null }
				]
			},
			"ddf/buff_0000": {
				"color": [
					{ "time": 0.4333, "color": "ffffff9f" },
					{ "time": 0.6, "color": "ffffff00" }
				],
				"attachment": [
					{ "time": 0.0667, "name": "ddf/buff_0000" },
					{ "time": 0.1333, "name": "ddf/buff_0001" },
					{ "time": 0.2, "name": "ddf/buff_0002" },
					{ "time": 0.2667, "name": "ddf/buff_0003" },
					{ "time": 0.3333, "name": "ddf/buff_0004" },
					{ "time": 0.4, "name": "ddf/buff_0005" },
					{ "time": 0.4667, "name": "ddf/buff_0006" },
					{ "time": 0.5333, "name": null }
				]
			},
			"g": {
				"attachment": [
					{ "name": null }
				]
			},
			"lingzi": {
				"attachment": [
					{ "name": null }
				]
			},
			"liuhai": {
				"attachment": [
					{ "name": null }
				]
			},
			"yanjing": {
				"attachment": [
					{ "name": null }
				]
			},
			"yibai": {
				"attachment": [
					{ "name": null }
				]
			},
			"yibai1": {
				"attachment": [
					{ "name": null }
				]
			},
			"图层416": {
				"attachment": [
					{ "name": null }
				]
			},
			"图层416(2)": {
				"attachment": [
					{ "name": null }
				]
			},
			"椭圆 1": {
				"attachment": [
					{ "name": null }
				]
			},
			"泡泡": {
				"attachment": [
					{ "name": null }
				]
			},
			"眼睛2": {
				"attachment": [
					{ "name": null }
				]
			}
		},
		"bones": {
			"bone44": {
				"translate": [
					{ "x": 3.51, "y": -3.51 }
				]
			}
		}
	}
}
}