{"skeleton":{"hash":"ZBJaCo+d1BI","spine":"3.8-from-4.0-from-4.1.17","x":-49.21,"y":-16.5,"width":74.36,"height":84.79,"images":"","audio":"E:/游戏项目/蛋壳特工队/道具动效/铁锤"},"bones":[{"name":"root","scaleX":0.25,"scaleY":0.25},{"name":"bone10","parent":"root","x":-48.29,"y":159.28,"color":"00bbffff"},{"name":"bone","parent":"bone10","x":94.14,"y":-70.21,"scaleX":2,"scaleY":2,"color":"ff0404ff"},{"name":"bone2","parent":"root","rotation":120,"x":8.98,"y":4.65},{"name":"bone3","parent":"root","x":27.86,"y":-28.2,"scaleX":6,"scaleY":6},{"name":"bone5","parent":"root","x":-16.72,"y":-20.93,"scaleX":2,"scaleY":2},{"name":"bone4","parent":"bone5","scaleX":3.2,"scaleY":2.2},{"name":"bone6","parent":"root","x":-383.01,"y":-68.86,"scaleX":6,"scaleY":6},{"name":"bone7","parent":"root","x":-31.48,"y":32.32,"scaleX":-6,"scaleY":6},{"name":"bone8","parent":"bone10","x":77.08,"y":-151.82,"scaleX":5,"scaleY":5,"color":"ff1b1bff"},{"name":"bone9","parent":"root","x":-15.31,"y":39.81,"scaleX":3,"scaleY":3},{"name":"bone11","parent":"bone10","x":32.98,"y":-196.69,"scaleX":3,"scaleY":2,"color":"ff1b1bff"},{"name":"bone20","parent":"bone10","scaleX":5,"scaleY":5,"color":"00bbffff"}],"slots":[{"name":"图层 7","bone":"bone6"},{"name":"椭圆 4","bone":"bone4"},{"name":"d0","bone":"bone11"},{"name":"battleAttackSkill_40013","bone":"bone"},{"name":"fdcv01","bone":"bone7"},{"name":"4-1","bone":"bone2","attachment":"4-1"},{"name":"jk0","bone":"bone20","blend":"additive"}],"skins":[{"name":"default","attachments":{"4-1":{"4-1":{"x":114.25,"width":290,"height":176}},"battleAttackSkill_40013":{"battleAttackSkill_40013":{"y":0.5,"width":262,"height":229},"battleAttackSkill_40014":{"y":0.5,"width":262,"height":229},"battleAttackSkill_40015":{"y":0.5,"width":262,"height":229},"battleAttackSkill_40016":{"y":0.5,"width":262,"height":229},"battleAttackSkill_40017":{"y":0.5,"width":262,"height":229},"battleAttackSkill_40018":{"y":0.5,"width":262,"height":229},"battleAttackSkill_40019":{"y":0.5,"width":262,"height":229},"battleAttackSkill_40020":{"y":0.5,"width":262,"height":229},"battleAttackSkill_40021":{"y":0.5,"width":262,"height":229}},"d0":{"d0":{"rotation":1.2,"width":241,"height":243},"d1":{"rotation":1.2,"width":241,"height":243},"d2":{"rotation":1.2,"width":241,"height":243},"d3":{"rotation":1.2,"width":241,"height":243},"d4":{"rotation":1.2,"width":241,"height":243},"d5":{"rotation":1.2,"width":241,"height":243},"d6":{"rotation":1.2,"width":241,"height":243},"d7":{"rotation":1.2,"width":241,"height":243},"d8":{"rotation":1.2,"width":241,"height":243}},"fdcv01":{"fdcv01":{"width":136,"height":196},"fdcv02":{"width":136,"height":196},"fdcv03":{"width":136,"height":196},"fdcv04":{"width":136,"height":196},"fdcv05":{"width":136,"height":196},"fdcv06":{"width":136,"height":196}},"jk0":{"jk0":{"width":170,"height":245},"jk1":{"width":170,"height":245},"jk2":{"width":170,"height":245},"jk3":{"width":170,"height":245},"jk4":{"width":170,"height":245}},"椭圆 4":{"椭圆 4":{"width":186,"height":186}}}}],"animations":{"1":{"bones":{"bone7":{"translate":[{"x":44.21,"y":-30.78}]}}},"2":{"slots":{"fdcv01":{"attachment":[{"time":0.1667,"name":"fdcv02"},{"time":0.2333,"name":null}]}},"bones":{"bone2":{"rotate":[{},{"time":0.1667,"angle":-122.2},{"time":0.3333}]},"bone7":{"translate":[{"time":0.1667,"x":207.89}]}}},"3":{"slots":{"4-1":{"attachment":[{"name":null}]},"battleAttackSkill_40013":{"attachment":[{"time":0.0667,"name":"battleAttackSkill_40013"},{"time":0.1333,"name":"battleAttackSkill_40014"},{"time":0.2,"name":"battleAttackSkill_40015"},{"time":0.2667,"name":"battleAttackSkill_40016"},{"time":0.3333,"name":"battleAttackSkill_40017"},{"time":0.4,"name":"battleAttackSkill_40018"},{"time":0.4667,"name":"battleAttackSkill_40019"},{"time":0.5333,"name":"battleAttackSkill_40020"},{"time":0.6,"name":"battleAttackSkill_40021"},{"time":0.6667,"name":null}]},"fdcv01":{"attachment":[{"time":0.1,"name":"fdcv03"},{"time":0.1667,"name":"fdcv04"},{"time":0.2333,"name":"fdcv05"},{"time":0.3,"name":"fdcv06"},{"time":0.3667,"name":null}]},"椭圆 4":{"color":[{"time":0.1,"color":"ffffffff"},{"time":0.2667,"color":"ffffffa5"},{"time":0.3667,"color":"ffffff00"}],"attachment":[{"time":0.1,"name":"椭圆 4"}]}},"bones":{"bone2":{"rotate":[{},{"time":0.0333,"angle":-122.2},{"time":0.2}]},"bone3":{"scale":[{"time":0.1,"y":1.333}]},"bone4":{"scale":[{"time":0.1,"x":0,"y":0},{"time":0.3667}]},"bone7":{"translate":[{"x":44.21,"y":-30.78,"curve":"stepped"},{"time":0.1,"x":44.21,"y":-30.78},{"time":0.1333,"x":44.21,"y":-30.13}]}}},"4":{"slots":{"4-1":{"attachment":[{"name":null}]},"d0":{"attachment":[{"time":0.0667,"name":"d0"},{"time":0.1333,"name":"d1"},{"time":0.2,"name":"d2"},{"time":0.2667,"name":"d3"},{"time":0.3333,"name":"d4"},{"time":0.4,"name":"d5"},{"time":0.4667,"name":"d6"},{"time":0.5333,"name":"d7"},{"time":0.6,"name":"d8"},{"time":0.6667,"name":null}]},"fdcv01":{"attachment":[{"time":0.1,"name":"fdcv03"},{"time":0.1667,"name":"fdcv04"},{"time":0.2333,"name":"fdcv05"},{"time":0.3,"name":"fdcv06"},{"time":0.3667,"name":null}]},"jk0":{"attachment":[{"time":0.1667,"name":"jk0"},{"time":0.2333,"name":"jk1"},{"time":0.3,"name":"jk2"},{"time":0.3667,"name":"jk3"},{"time":0.4333,"name":"jk4"},{"time":0.5,"name":null}]},"椭圆 4":{"color":[{"time":0.1,"color":"ffffffff"},{"time":0.2667,"color":"ffffffa5"},{"time":0.3667,"color":"ffffff00"}]}},"bones":{"bone2":{"rotate":[{},{"time":0.0333,"angle":-122.2},{"time":0.2}]},"bone3":{"scale":[{"time":0.1,"y":1.333}]},"bone4":{"scale":[{"time":0.1,"x":0,"y":0},{"time":0.3667}]},"bone7":{"translate":[{"x":44.21,"y":-30.78,"curve":"stepped"},{"time":0.1,"x":44.21,"y":-30.78},{"time":0.1333,"x":44.21,"y":-30.13}]},"bone11":{"translate":[{"time":0.0667,"x":-14.28,"y":-33.9}],"scale":[{"time":0.0667,"x":1.6,"y":1.6}]},"root":{"translate":[{"y":13.01}]}}}}}