{"skeleton":{"hash":"Dbxk97Fy+oo","spine":"3.8-from-4.0-from-4.1.17","x":-359.93,"y":-830.66,"width":720.25,"height":1661,"images":"./images/","audio":"E:/游戏项目/蛋壳特工队/spine/爬塔"},"bones":[{"name":"root"},{"name":"bone","parent":"root","x":-89.72,"y":128.25},{"name":"bone2","parent":"bone","x":-135.9,"y":290.34},{"name":"bone3","parent":"bone","x":344.89,"y":291.56},{"name":"bone4","parent":"bone3","x":6.96,"y":38.36},{"name":"bone5","parent":"bone","x":27.67,"y":-170.86},{"name":"bone6","parent":"bone","length":49.81,"rotation":91.47,"x":-173.19,"y":-451.07},{"name":"bone7","parent":"bone6","x":56.39,"y":-17.41},{"name":"bone8","parent":"bone6","x":248.79,"y":22.73},{"name":"bone9","parent":"bone6","x":208.66,"y":24.99},{"name":"bone10","parent":"bone9","x":-6.45,"y":-0.45},{"name":"bone11","parent":"bone","length":80.13,"rotation":90.52,"x":125.42,"y":-736.94},{"name":"bone12","parent":"bone11","length":177.6,"rotation":98.21,"x":55.34,"y":-2.69},{"name":"bone13","parent":"bone","length":109.71,"rotation":81.6,"x":315.53,"y":-419.36},{"name":"bone14","parent":"bone13","x":161.82,"y":-76.47},{"name":"bone15","parent":"bone13","x":204.22,"y":-75.08},{"name":"bone16","parent":"bone13","x":239.86,"y":-49.93},{"name":"bone17","parent":"bone5","x":-94.53,"y":110.49},{"name":"bone18","parent":"bone5","x":246.05,"y":105.12},{"name":"bone19","parent":"bone18","x":8.72,"y":-5.25},{"name":"bone20","parent":"bone5","x":209.22,"y":295.4},{"name":"bone21","parent":"bone20","x":-42.9,"y":7.95},{"name":"bone22","parent":"bone21","x":4.2,"y":11.32},{"name":"bone23","parent":"bone22","x":4.58,"y":11.07},{"name":"bone24","parent":"bone5","length":80.12,"rotation":11.31,"x":270.22,"y":172.11},{"name":"bone25","parent":"bone2","x":208.56,"y":-106.32},{"name":"bone26","parent":"bone","x":63.15,"y":171.79},{"name":"bone27","parent":"bone","x":-237.08,"y":18.02},{"name":"bone28","parent":"bone","x":-225.53,"y":-4.4},{"name":"bone29","parent":"root","x":-26.88,"y":39.81},{"name":"bone30","parent":"root","x":-12.97,"y":22.94},{"name":"bone31","parent":"root","x":34.26,"y":26.73},{"name":"bone32","parent":"root","x":34.69,"y":58.78},{"name":"bone33","parent":"root","x":-14.23,"y":98},{"name":"bone34","parent":"root","x":-40.8,"y":100.11},{"name":"bone35","parent":"root","x":-36.16,"y":79.45},{"name":"bone36","parent":"root","x":55.77,"y":83.24},{"name":"bone37","parent":"root","x":73.48,"y":90.41},{"name":"bone38","parent":"root","x":-43.33,"y":54.14},{"name":"bone39","parent":"root","x":26.47,"y":104.9},{"name":"bone40","parent":"bone","x":113.34,"y":-448.76},{"name":"bone41","parent":"bone","x":-177.21,"y":-811.14},{"name":"bone42","parent":"bone","x":127.58,"y":-837.08},{"name":"bone43","parent":"bone","x":362.14,"y":-807.24},{"name":"bone44","parent":"bone3","x":-124.19,"y":-30.77},{"name":"bone45","parent":"bone3","x":-144.31,"y":-37.8},{"name":"bone46","parent":"bone3","x":-104.25,"y":-38.13},{"name":"bone47","parent":"bone11","x":5.12,"y":-34.05},{"name":"bone48","parent":"bone6","x":-35.65,"y":38.26},{"name":"bone49","parent":"bone13","x":-14.92,"y":16.29},{"name":"bone50","parent":"bone","x":-241.78,"y":-786.62},{"name":"bone51","parent":"bone","x":84.11,"y":-156.91},{"name":"bone52","parent":"bone2","x":8.29,"y":-27.8},{"name":"bone53","parent":"bone3","x":5.75,"y":-36.97},{"name":"bone54","parent":"bone","x":-150.87,"y":140.34},{"name":"bone55","parent":"bone5","x":112.08,"y":8.88},{"name":"bone56","parent":"bone5","x":130.93,"y":97.95},{"name":"bone57","parent":"bone5","x":62.05,"y":123.56},{"name":"bone58","parent":"bone2","x":276.86,"y":-22.06},{"name":"bone59","parent":"bone3","x":-166.51,"y":61.55},{"name":"111","parent":"root"},{"name":"bone60","parent":"bone3","length":45.73,"rotation":-91.26,"x":-173.05,"y":151.92},{"name":"bone62","parent":"bone","x":-33.75,"y":225.52,"shearX":9.16,"shearY":35}],"slots":[{"name":"root","bone":"root","attachment":"root"},{"name":"图层61","bone":"111","attachment":"图层61"},{"name":"图层396","bone":"bone54","attachment":"图层396"},{"name":"图层 586","bone":"bone47","attachment":"图层 586"},{"name":"图层 585","bone":"bone50","attachment":"图层 585"},{"name":"图层 584","bone":"bone49","attachment":"图层 584"},{"name":"图层 583","bone":"bone48","attachment":"图层 583"},{"name":"图层 582","bone":"bone51","attachment":"图层 582"},{"name":"图层 580","bone":"bone53","attachment":"图层 580"},{"name":"图层 562","bone":"bone58","attachment":"图层 562"},{"name":"图层 581","bone":"bone52","attachment":"图层 581"},{"name":"图层 561","bone":"bone44","attachment":"图层 561"},{"name":"图层 560","bone":"bone46","attachment":"图层 560"},{"name":"图层 559","bone":"bone45","attachment":"图层 559"},{"name":"351","bone":"bone40","attachment":"351"},{"name":"图层 558","bone":"bone43","attachment":"图层 558"},{"name":"图层 557","bone":"bone41","attachment":"图层 557"},{"name":"图层 588","bone":"bone62","attachment":"图层 557"},{"name":"图层 555","bone":"bone42","attachment":"图层 555"},{"name":"地板","bone":"bone","attachment":"地板"},{"name":"6","bone":"bone11","attachment":"6"},{"name":"ganzi1","bone":"bone12","attachment":"ganzi1"},{"name":"图层组70","bone":"bone13","attachment":"图层组70"},{"name":"qi3","bone":"bone14","attachment":"qi3"},{"name":"qi2","bone":"bone15","attachment":"qi2"},{"name":"qi1","bone":"bone16","attachment":"qi1"},{"name":"组 485","bone":"bone2","attachment":"组 485"},{"name":"图层组64","bone":"bone25","attachment":"图层组64"},{"name":"图层 563","bone":"bone26","attachment":"图层 563"},{"name":"tong","bone":"bone27","attachment":"tong"},{"name":"s","bone":"bone28","attachment":"s"},{"name":"da","bone":"bone60","attachment":"da"},{"name":"警报","bone":"bone3","attachment":"警报"},{"name":"灯光","bone":"bone4","attachment":"灯光"},{"name":"1","bone":"bone5","attachment":"1"},{"name":"钢笔3","bone":"bone17","attachment":"钢笔3"},{"name":"脸","bone":"bone20","attachment":"脸"},{"name":"图层 577","bone":"bone21","attachment":"图层 577"},{"name":"图层 579","bone":"bone23","attachment":"图层 579"},{"name":"图层 578","bone":"bone22","attachment":"图层 578"},{"name":"图层167","bone":"bone24","attachment":"图层167"},{"name":"形状 1","bone":"bone24"},{"name":"99","bone":"bone18","attachment":"99"},{"name":"7","bone":"bone19","attachment":"8"},{"name":"图层组17","bone":"bone5","attachment":"图层组17"},{"name":"图层110","bone":"bone37","attachment":"图层110"},{"name":"图层 573","bone":"bone56","attachment":"图层 573"},{"name":"图层 572","bone":"bone35","attachment":"图层 572"},{"name":"图层 571","bone":"bone32","attachment":"图层 571"},{"name":"图层 570","bone":"bone30","attachment":"图层 570"},{"name":"图层127","bone":"root"},{"name":"图层 576","bone":"bone34","attachment":"图层 576"},{"name":"图层 575","bone":"bone55","attachment":"图层 575"},{"name":"图层 574","bone":"bone31","attachment":"图层 574"},{"name":"图层 569","bone":"bone38","attachment":"图层 569"},{"name":"图层 568","bone":"bone29","attachment":"图层 568"},{"name":"图层 567","bone":"bone57","attachment":"图层 567"},{"name":"图层 566","bone":"bone33","attachment":"图层 566"},{"name":"图层 565","bone":"bone36","attachment":"图层 565"},{"name":"圆角矩形 2 拷贝","bone":"bone39","attachment":"圆角矩形 2 拷贝"},{"name":"图层组30","bone":"bone7","attachment":"图层组30"},{"name":"红灯","bone":"bone8","attachment":"红灯"},{"name":"绿灯","bone":"bone9","attachment":"绿灯"},{"name":"图层176","bone":"bone6","attachment":"图层176"},{"name":"发光","bone":"bone8","attachment":"发光"},{"name":"图层 564","bone":"bone10","attachment":"图层 564"},{"name":"5","bone":"bone6","attachment":"5"},{"name":"BOSS","bone":"root"}],"skins":[{"name":"default","attachments":{"1":{"1":{"x":114.18,"y":145.84,"width":529,"height":454}},"5":{"5":{"x":53.14,"y":-16.82,"rotation":-91.47,"width":233,"height":279}},"6":{"6":{"x":108.88,"y":-61.42,"rotation":-90.52,"width":391,"height":241}},"7":{"7":{"x":-0.09,"y":0.47,"width":18,"height":29},"8":{"x":-0.09,"y":0.47,"width":18,"height":29},"9":{"x":-0.09,"y":0.47,"width":18,"height":29}},"99":{"99":{"x":-8.37,"y":0.22,"width":18,"height":29}},"351":{"351":{"x":6.51,"y":-4.25,"width":55,"height":62}},"da":{"da":{"x":57.24,"y":1.76,"rotation":91.26,"width":51,"height":97}},"ganzi1":{"ganzi1":{"x":82.01,"y":2.01,"rotation":171.27,"width":237,"height":64}},"qi1":{"qi1":{"x":-0.21,"y":1.65,"rotation":-81.6,"width":39,"height":36}},"qi2":{"qi2":{"x":-0.03,"y":3.36,"rotation":-81.6,"width":63,"height":63}},"qi3":{"qi3":{"x":-0.89,"y":-0.12,"rotation":-81.6,"width":26,"height":26}},"root":{"root":{"type":"clipping","end":"root","vertexCount":4,"vertices":[-359.93,830.34,-359.86,-830.66,360.32,-830.04,360.2,829.84],"color":"ce3a3aff"}},"s":{"s":{"x":11.37,"y":-1.12,"width":115,"height":55}},"tong":{"tong":{"x":5.42,"y":4.96,"width":80,"height":78}},"发光":{"发光":{"x":-5.59,"y":-0.41,"rotation":-91.47,"width":47,"height":43}},"图层61":{"图层61":{"width":722,"height":1662}},"图层110":{"图层110":{"x":3.65,"y":-0.68,"width":31,"height":53}},"图层167":{"图层167":{"x":41,"y":6.32,"rotation":-11.31,"width":83,"height":45}},"图层176":{"图层176":{"x":141.8,"y":27.43,"rotation":-91.47,"width":52,"height":334}},"图层396":{"图层396":{"x":16.22,"y":-27.35,"width":264,"height":104}},"图层 555":{"图层 555":{"x":-0.73,"y":2.07,"width":59,"height":18}},"图层 557":{"图层 557":{"x":0.06,"y":1.62,"width":31,"height":19}},"图层 558":{"图层 558":{"x":-1.8,"y":-0.78,"width":14,"height":18}},"图层 559":{"图层 559":{"x":5.77,"y":3.72,"width":26,"height":23}},"图层 560":{"图层 560":{"x":-1.3,"y":1.55,"width":14,"height":14}},"图层 561":{"图层 561":{"x":-0.85,"y":-0.3,"width":33,"height":19}},"图层 562":{"图层 562":{"x":-5.61,"y":1.2,"width":26,"height":25}},"图层 563":{"图层 563":{"x":-13.1,"y":-6.03,"width":135,"height":63}},"图层 564":{"图层 564":{"x":2.05,"y":0.28,"rotation":-91.47,"width":44,"height":45}},"图层 565":{"图层 565":{"x":-2.14,"y":-1.01,"width":18,"height":22}},"图层 566":{"图层 566":{"x":-1.64,"y":1.73,"width":29,"height":35}},"图层 567":{"图层 567":{"x":2.63,"y":-1.22,"width":16,"height":13}},"图层 568":{"图层 568":{"x":0.01,"y":-0.07,"width":13,"height":29}},"图层 569":{"图层 569":{"x":0.46,"y":-1.41,"width":11,"height":11}},"图层 570":{"图层 570":{"x":-3.41,"y":0.29,"width":34,"height":38}},"图层 571":{"图层 571":{"x":-18.06,"y":8.45,"width":84,"height":90}},"图层 572":{"图层 572":{"x":-1.71,"y":1.79,"width":25,"height":40}},"图层 573":{"图层 573":{"x":-0.25,"y":-2.11,"width":18,"height":20}},"图层 574":{"图层 574":{"x":-2.64,"y":-3.5,"width":28,"height":48}},"图层 575":{"图层 575":{"x":1.6,"y":4.46,"width":26,"height":35}},"图层 576":{"图层 576":{"x":0.43,"y":-1.38,"width":14,"height":17}},"图层 577":{"图层 577":{"x":-0.64,"y":-0.01,"width":12,"height":13}},"图层 578":{"图层 578":{"x":0.16,"y":0.67,"width":12,"height":15}},"图层 579":{"图层 579":{"x":0.08,"y":-0.89,"width":13,"height":12}},"图层 580":{"图层 580":{"x":-2.71,"y":-5.11,"width":218,"height":95}},"图层 581":{"图层 581":{"x":64.74,"y":-12.56,"width":416,"height":136}},"图层 582":{"图层 582":{"x":23.52,"y":-18.1,"width":687,"height":366}},"图层 583":{"图层 583":{"x":-50.04,"y":-80.43,"rotation":-91.47,"width":301,"height":257}},"图层 584":{"图层 584":{"x":-63.5,"y":9.27,"rotation":-81.6,"width":342,"height":234}},"图层 585":{"图层 585":{"x":28.13,"y":-28.39,"width":106,"height":114}},"图层 586":{"图层 586":{"x":-21.99,"y":0.77,"rotation":-90.52,"width":577,"height":181}},"图层 588":{"图层 557":{"x":0.06,"y":1.62,"width":31,"height":19}},"图层组17":{"图层组17":{"x":78.68,"y":108.84,"width":226,"height":378}},"图层组30":{"图层组30":{"x":53.81,"y":-17.38,"rotation":-91.47,"width":266,"height":398}},"图层组64":{"图层组64":{"x":-0.61,"y":0.24,"width":97,"height":92}},"图层组70":{"图层组70":{"x":83.8,"y":20.14,"rotation":-81.6,"width":279,"height":315}},"圆角矩形 2 拷贝":{"圆角矩形 2 拷贝":{"x":59.16,"y":-48.16,"width":22,"height":149}},"地板":{"地板":{"x":89.94,"y":-333.52,"width":722,"height":1055}},"灯光":{"灯光":{"x":0.5,"y":-0.94,"width":78,"height":38}},"红灯":{"红灯":{"x":-4.01,"y":2.55,"rotation":-91.47,"width":35,"height":32}},"组 485":{"组 485":{"x":68.69,"y":14.14,"width":409,"height":241}},"绿灯":{"绿灯":{"x":-2.91,"y":-0.2,"rotation":-91.47,"width":34,"height":26}},"脸":{"脸":{"x":4.96,"y":-7.56,"width":81,"height":66}},"警报":{"警报":{"type":"mesh","uvs":[0.00302,0.15962,0.02147,0.1855,0.08586,0.18595,0.08875,0.19684,0.09237,0.20774,0.10973,0.26266,0.09779,0.26719,0.0873,0.28353,0.08368,0.30759,0.08622,0.31803,0.11841,0.40608,0.11154,0.42197,0.10069,0.46872,0.10756,0.51411,0.14084,0.55042,0.18967,0.55132,0.22259,0.52228,0.22404,0.4728,0.20595,0.45873,0.1922,0.46917,0.18171,0.4846,0.16761,0.48642,0.1611,0.47371,0.16724,0.45329,0.17918,0.44466,0.19582,0.44285,0.1998,0.42832,0.19944,0.41153,0.2074,0.40699,0.24068,0.30124,0.23416,0.28126,0.21825,0.26402,0.23796,0.19428,0.24031,0.18595,0.25091,0.18595,0.26491,0.18595,0.2592,1,1,1,1,0,0.01821,0,0.13862,0.18357,0.15737,0.26225,0.16598,0.26264,0.18903,0.18164,0.14875,0.18318,0.17977,0.18199,0.14055,0.19168,0.18593,0.19254],"triangles":[14,21,15,21,20,15,15,20,16,21,13,22,21,14,13,20,19,16,16,19,17,17,19,18,13,12,22,23,22,11,22,12,11,11,10,23,23,10,24,26,25,24,26,24,27,27,24,10,10,42,27,10,41,42,27,42,28,30,29,31,31,29,42,42,29,28,41,10,9,5,9,7,7,6,5,41,9,5,9,8,7,42,47,31,31,47,32,32,47,43,5,46,41,5,4,46,47,42,46,42,41,46,44,47,46,4,40,46,4,3,40,32,43,33,47,44,45,3,2,40,46,40,44,36,35,37,35,38,37,39,40,2,38,35,39,39,35,34,39,34,33,2,1,0,44,40,39,45,44,39,43,45,39,2,0,39,33,43,39,47,45,43],"vertices":[-222.55,145.44,-216.46,138.63,-195.21,138.52,-193.9,135.77,-192.66,132.92,-186.87,118.5,-190.81,117.3,-194.27,113,-195.47,106.68,-194.63,103.93,-184.01,80.77,-186.27,76.6,-189.85,64.3,-187.59,52.36,-176.6,42.81,-160.49,42.58,-149.63,50.22,-149.15,63.23,-155.12,66.93,-159.65,64.18,-163.12,60.12,-167.77,59.65,-169.92,62.99,-167.89,68.36,-163.95,70.63,-158.46,71.11,-157.15,74.93,-157.27,79.34,-154.64,80.54,-143.66,108.35,-145.81,113.6,-151.06,118.14,-144.66,136.44,-144.24,138.52,-140.74,138.52,-136.12,138.52,-138.01,-75.58,106.46,-75.58,106.46,187.42,-217.54,187.42,-177.8,139.14,-171.15,118.6,-168.31,118.5,-161.16,139.65,-174.46,139.24,-164.22,139.56,-176.8,137.13,-161.83,136.9],"hull":40,"edges":[0,2,2,4,4,6,6,8,8,10,10,12,12,14,14,16,16,18,18,20,20,22,22,24,24,26,26,28,28,30,30,32,32,34,34,36,36,38,38,40,40,42,42,44,44,46,46,48,48,50,50,52,52,54,54,56,56,58,58,60,60,62,70,72,72,74,74,76,76,78,0,78,82,84,80,88,86,90,90,88,66,68,68,70,80,92,92,82,84,94,94,86,62,64,64,66],"width":328,"height":261}},"钢笔3":{"钢笔3":{"x":-0.79,"y":-0.15,"width":56,"height":31}}}}],"animations":{"animation":{"slots":{"7":{"attachment":[{"name":"7"},{"time":0.6667,"name":"8"}]},"351":{"color":[{"color":"ffffff00"},{"time":0.3,"color":"ffffffe0"},{"time":1.1667,"color":"ffffff00"}]},"qi1":{"color":[{"color":"ffffff00"},{"time":0.1,"color":"ffffffff","curve":"stepped"},{"time":0.8,"color":"ffffffff"},{"time":0.9,"color":"ffffff00"}]},"qi2":{"color":[{"color":"ffffff00","curve":"stepped"},{"time":0.2,"color":"ffffff00"},{"time":0.2333,"color":"ffffff60"},{"time":0.3667,"color":"ffffffd5"},{"time":0.8,"color":"ffffffff"},{"time":1,"color":"ffffff00"}]},"qi3":{"color":[{"color":"ffffff00","curve":"stepped"},{"time":0.5333,"color":"ffffff00"},{"time":0.5667,"color":"ffffff8e"},{"time":0.7,"color":"ffffffff"},{"time":1.1667,"color":"ffffffbf"},{"time":1.3333,"color":"ffffff00"}]},"图层167":{"color":[{"time":0.6333,"color":"ffffff55"}]},"图层396":{"color":[{"color":"ffffffff"},{"time":0.6667,"color":"ffffff93"},{"time":1.3333,"color":"ffffffff"}]},"图层 555":{"color":[{"color":"ffffff00"},{"time":0.1333,"color":"ffffffff"},{"time":0.8667,"color":"ffffff00"}]},"图层 557":{"color":[{"color":"ffffff00"},{"time":0.1333,"color":"ffffffff"},{"time":0.8667,"color":"ffffff00"}]},"图层 558":{"color":[{"color":"ffffffff"},{"time":0.8667,"color":"ffffff00"}]},"图层 559":{"color":[{"color":"ffffff00"},{"time":0.1333,"color":"fffffff0"},{"time":0.7333,"color":"fffffffd"},{"time":0.9,"color":"ffffff00"}]},"图层 560":{"color":[{"color":"ffffff00"},{"time":0.1,"color":"ffffffff"},{"time":0.6667,"color":"ffffffcb"},{"time":0.7667,"color":"ffffff00"}]},"图层 562":{"color":[{"color":"ffffff00"},{"time":0.8667,"color":"ffffffff"},{"time":1.2,"color":"ffffff00"}]},"图层 563":{"color":[{"color":"ffffffff"},{"time":0.8,"color":"ffffffd7"},{"time":1.3333,"color":"ffffffff"}]},"图层 564":{"attachment":[{"time":0.4667,"name":null}]},"图层 565":{"color":[{"color":"ffffff00"}]},"图层 566":{"color":[{"color":"ffffff00","curve":"stepped"},{"time":0.2333,"color":"ffffff00"},{"time":0.5333,"color":"fffffffe"},{"time":0.9333,"color":"ffffffef"},{"time":1.0333,"color":"ffffff00"}]},"图层 568":{"color":[{"color":"ffffff00","curve":"stepped"},{"time":0.8333,"color":"ffffff00"},{"time":0.9333,"color":"ffffffd5"},{"time":1.3333,"color":"ffffff00"}]},"图层 574":{"color":[{"color":"ffffff00"},{"time":0.1,"color":"ffffffff"},{"time":0.8,"color":"ffffff00"}]},"图层 575":{"color":[{"color":"ffffff00"}]},"图层 576":{"color":[{"color":"ffffff00"}]},"图层 578":{"attachment":[{"name":null},{"time":0.3333,"name":"图层 578"},{"time":0.9,"name":null}]},"图层 579":{"attachment":[{"name":null},{"time":0.4667,"name":"图层 579"},{"time":0.7667,"name":null}]},"图层 580":{"color":[{"color":"ffffffff"},{"time":0.6,"color":"ffffff94"},{"time":1.3333,"color":"ffffffff"}]},"图层 581":{"color":[{"color":"ffffffff"},{"time":0.6333,"color":"ffffff9f"},{"time":1.3333,"color":"ffffffff"}]},"图层 582":{"color":[{"color":"ffffffff"},{"time":0.6667,"color":"ffffff93"},{"time":1.3333,"color":"ffffffff"}]},"图层 583":{"color":[{"color":"ffffffff"},{"time":0.6667,"color":"ffffff93"},{"time":1.3333,"color":"ffffffff"}]},"图层 584":{"color":[{"color":"ffffffff"},{"time":0.6667,"color":"ffffff93"},{"time":1.3333,"color":"ffffffff"}]},"图层 585":{"color":[{"color":"ffffffff"},{"time":0.6667,"color":"ffffff93"},{"time":1.3333,"color":"ffffffff"}]},"图层 586":{"color":[{"color":"ffffffff"},{"time":0.6667,"color":"ffffff93"},{"time":1.3333,"color":"ffffffff"}]},"图层 588":{"color":[{"color":"ffffff00"},{"time":0.1333,"color":"ffffffff"},{"time":0.7333,"color":"ffffffea"},{"time":1.2,"color":"ffffff00"}]},"绿灯":{"attachment":[{"time":0.4667,"name":null}]}},"bones":{"bone4":{"rotate":[{},{"time":0.3333,"angle":-90},{"time":0.6667,"angle":-180},{"time":1,"angle":-270},{"time":1.3333,"angle":-360}]},"bone12":{"rotate":[{},{"time":0.7,"angle":-4.55},{"time":1.3333}]},"bone14":{"translate":[{"x":-22.47,"y":-4.06,"curve":"stepped"},{"time":0.5667,"x":-22.47,"y":-4.06},{"time":1.3333,"x":14.35,"y":-0.24}],"scale":[{},{"time":0.5333,"x":0.3,"y":0.3},{"time":1.3333}]},"bone15":{"translate":[{"x":-70.09,"y":-6.61,"curve":"stepped"},{"time":0.2333,"x":-70.09,"y":-6.61},{"time":1,"x":-2.45,"y":-6.88}],"scale":[{},{"time":0.2333,"x":0.3,"y":0.3},{"time":1}]},"bone16":{"translate":[{"x":-99.19,"y":-27.36},{"time":0.9,"x":-11.59,"y":-2.71}],"scale":[{"x":0.5,"y":0.5},{"time":0.9}]},"bone17":{"scale":[{},{"time":0.5667,"x":0.8,"y":0.8},{"time":1.3333}]},"bone25":{"rotate":[{},{"time":0.5,"angle":-4.05},{"time":1.3333}],"translate":[{},{"time":0.5,"y":0.28},{"time":1.3333}]},"bone26":{"scale":[{},{"time":0.6333,"x":1.042,"y":1.04},{"time":1.3333}]},"bone27":{"rotate":[{},{"time":0.6667,"angle":8.13},{"time":1.3333}],"translate":[{},{"time":0.6667,"x":-6.21},{"time":1.3333}]},"bone28":{"translate":[{},{"time":0.6667,"x":-2.59},{"time":1.3333}],"scale":[{},{"time":0.6667,"x":1.02,"y":1.026},{"time":1.3333}]},"bone29":{"translate":[{"time":0.8333},{"time":1.3333,"x":-16.88,"y":30.55}]},"bone30":{"translate":[{},{"time":0.6,"x":-10.17,"y":5.06},{"time":1.3333}]},"bone31":{"translate":[{},{"time":0.8,"x":24.71,"y":65.48},{"time":1.3333}]},"bone32":{"translate":[{},{"time":0.6667,"x":3.09,"y":-10.77},{"time":1.3333}]},"bone33":{"translate":[{"x":24.09,"y":-80.93},{"time":1,"y":-12.36},{"time":1.3333}],"scale":[{"x":0.6,"y":0.6},{"time":1.3333}]},"bone34":{"translate":[{},{"time":0.1,"x":24.7,"y":-57.62},{"time":0.8,"x":2.45,"y":8.01}]},"bone35":{"translate":[{},{"time":0.8333,"x":0.59,"y":-11.17},{"time":1.3333}]},"bone36":{"translate":[{"x":-8.82,"y":-49.98},{"time":1.3333}]},"bone37":{"translate":[{},{"time":1.2,"x":-1.18,"y":-8.82},{"time":1.3333}]},"bone40":{"translate":[{},{"time":1.1667,"x":-26.44,"y":-26.44},{"time":1.3333}]},"bone41":{"translate":[{},{"time":0.8667,"x":-1.17,"y":-16.38},{"time":1.3333}]},"bone42":{"translate":[{},{"time":0.8667,"x":-7.02,"y":-19.89},{"time":1.3333}]},"bone43":{"translate":[{},{"time":0.8667,"x":10.53,"y":-8.19},{"time":1.3333}]},"bone44":{"scale":[{"x":0.8,"y":0.8},{"time":0.4667},{"time":1.3333,"x":0.8,"y":0.8}]},"bone45":{"translate":[{"x":8.36,"y":3.74},{"time":0.9,"x":-4.94,"y":-2.54},{"time":1.3333}],"scale":[{"x":0.5,"y":0.5},{"time":0.9}]},"bone46":{"translate":[{"x":-9.62,"y":4.01},{"time":0.7667,"x":4.41,"y":-2}],"scale":[{"x":0.6,"y":0.6},{"time":0.7667}]},"bone47":{"translate":[{},{"time":0.6,"x":-0.9,"y":2.78},{"time":1.3333}],"scale":[{},{"time":0.6,"x":1.02,"y":1.02},{"time":1.3333}]},"bone48":{"translate":[{},{"time":0.5667,"y":4.92},{"time":1.3333}],"scale":[{},{"time":0.5667,"x":1.02,"y":1.02},{"time":1.3333}]},"bone49":{"translate":[{},{"time":0.5333,"x":-6.48,"y":-5.09},{"time":1.3333}]},"bone50":{"translate":[{},{"time":0.5333,"x":-7.39,"y":-0.92},{"time":1.3333}]},"bone51":{"scale":[{},{"time":0.5667,"x":1.02,"y":1.02},{"time":1.3333}]},"bone52":{"scale":[{},{"time":0.5,"x":0.999,"y":1.031},{"time":1.3333}]},"bone53":{"scale":[{},{"time":0.5,"x":1.03,"y":1.03},{"time":1.3333}]},"bone54":{"translate":[{},{"time":0.5333,"x":-6.13},{"time":1.3333}],"scale":[{},{"time":0.5333,"x":1.031,"y":1.031},{"time":1.3333}]},"bone56":{"translate":[{},{"time":0.4667,"x":-4.12,"y":-15.88},{"time":1.3333}]},"bone58":{"translate":[{},{"time":1.2,"x":17.22,"y":4.59},{"time":1.3333}]},"bone60":{"rotate":[{"angle":-3.04},{"time":0.6667,"angle":4.65},{"time":1.3333,"angle":-3.04}]},"bone62":{"rotate":[{"angle":11.02},{"time":1.3333}],"translate":[{"x":-4.14,"y":7.98},{"time":1.2,"x":7.07,"y":-9.7},{"time":1.3333}],"scale":[{"x":0.6,"y":0.6},{"time":1.3333,"x":0.8,"y":0.8}]}}}}}